--
-- PostgreSQL database dump
--

SET statement_timeout = 0;
SET lock_timeout = 0;
SET client_encoding = 'UTF8';
SET standard_conforming_strings = on;
SET check_function_bodies = false;
SET client_min_messages = warning;

--
-- Name: plpgsql; Type: EXTENSION; Schema: -; Owner: 
--

CREATE EXTENSION IF NOT EXISTS plpgsql WITH SCHEMA pg_catalog;


--
-- Name: EXTENSION plpgsql; Type: COMMENT; Schema: -; Owner: 
--

COMMENT ON EXTENSION plpgsql IS 'PL/pgSQL procedural language';


SET search_path = public, pg_catalog;

SET default_tablespace = '';

SET default_with_oids = false;

--
-- Name: auth_group; Type: TABLE; Schema: public; Owner: postgres; Tablespace: 
--

CREATE TABLE auth_group (
    id integer NOT NULL,
    name character varying(80) NOT NULL
);


ALTER TABLE public.auth_group OWNER TO postgres;

--
-- Name: auth_group_id_seq; Type: SEQUENCE; Schema: public; Owner: postgres
--

CREATE SEQUENCE auth_group_id_seq
    START WITH 1
    INCREMENT BY 1
    NO MINVALUE
    NO MAXVALUE
    CACHE 1;


ALTER TABLE public.auth_group_id_seq OWNER TO postgres;

--
-- Name: auth_group_id_seq; Type: SEQUENCE OWNED BY; Schema: public; Owner: postgres
--

ALTER SEQUENCE auth_group_id_seq OWNED BY auth_group.id;


--
-- Name: auth_group_permissions; Type: TABLE; Schema: public; Owner: postgres; Tablespace: 
--

CREATE TABLE auth_group_permissions (
    id integer NOT NULL,
    group_id integer NOT NULL,
    permission_id integer NOT NULL
);


ALTER TABLE public.auth_group_permissions OWNER TO postgres;

--
-- Name: auth_group_permissions_id_seq; Type: SEQUENCE; Schema: public; Owner: postgres
--

CREATE SEQUENCE auth_group_permissions_id_seq
    START WITH 1
    INCREMENT BY 1
    NO MINVALUE
    NO MAXVALUE
    CACHE 1;


ALTER TABLE public.auth_group_permissions_id_seq OWNER TO postgres;

--
-- Name: auth_group_permissions_id_seq; Type: SEQUENCE OWNED BY; Schema: public; Owner: postgres
--

ALTER SEQUENCE auth_group_permissions_id_seq OWNED BY auth_group_permissions.id;


--
-- Name: auth_permission; Type: TABLE; Schema: public; Owner: postgres; Tablespace: 
--

CREATE TABLE auth_permission (
    id integer NOT NULL,
    name character varying(255) NOT NULL,
    content_type_id integer NOT NULL,
    codename character varying(100) NOT NULL
);


ALTER TABLE public.auth_permission OWNER TO postgres;

--
-- Name: auth_permission_id_seq; Type: SEQUENCE; Schema: public; Owner: postgres
--

CREATE SEQUENCE auth_permission_id_seq
    START WITH 1
    INCREMENT BY 1
    NO MINVALUE
    NO MAXVALUE
    CACHE 1;


ALTER TABLE public.auth_permission_id_seq OWNER TO postgres;

--
-- Name: auth_permission_id_seq; Type: SEQUENCE OWNED BY; Schema: public; Owner: postgres
--

ALTER SEQUENCE auth_permission_id_seq OWNED BY auth_permission.id;


--
-- Name: ctf_appointment; Type: TABLE; Schema: public; Owner: postgres; Tablespace: 
--

CREATE TABLE ctf_appointment (
    id integer NOT NULL,
    plan_type character varying(200) NOT NULL,
    datetime timestamp with time zone NOT NULL,
    reason text,
    token character varying(200) NOT NULL,
    patient_id integer NOT NULL
);


ALTER TABLE public.ctf_appointment OWNER TO postgres;

--
-- Name: ctf_appointment_id_seq; Type: SEQUENCE; Schema: public; Owner: postgres
--

CREATE SEQUENCE ctf_appointment_id_seq
    START WITH 1
    INCREMENT BY 1
    NO MINVALUE
    NO MAXVALUE
    CACHE 1;


ALTER TABLE public.ctf_appointment_id_seq OWNER TO postgres;

--
-- Name: ctf_appointment_id_seq; Type: SEQUENCE OWNED BY; Schema: public; Owner: postgres
--

ALTER SEQUENCE ctf_appointment_id_seq OWNED BY ctf_appointment.id;


--
-- Name: ctf_consultantappointment; Type: TABLE; Schema: public; Owner: postgres; Tablespace: 
--

CREATE TABLE ctf_consultantappointment (
    appointment_ptr_id integer NOT NULL,
    doctor_id integer NOT NULL
);


ALTER TABLE public.ctf_consultantappointment OWNER TO postgres;

--
-- Name: ctf_doctor; Type: TABLE; Schema: public; Owner: postgres; Tablespace: 
--

CREATE TABLE ctf_doctor (
    id integer NOT NULL,
    qualification character varying(200) NOT NULL,
    gender character varying(6) NOT NULL,
    specialization character varying(50) NOT NULL,
    phone character varying(12) NOT NULL,
    photo character varying(100) NOT NULL,
    user_id integer NOT NULL
);


ALTER TABLE public.ctf_doctor OWNER TO postgres;

--
-- Name: ctf_doctor_id_seq; Type: SEQUENCE; Schema: public; Owner: postgres
--

CREATE SEQUENCE ctf_doctor_id_seq
    START WITH 1
    INCREMENT BY 1
    NO MINVALUE
    NO MAXVALUE
    CACHE 1;


ALTER TABLE public.ctf_doctor_id_seq OWNER TO postgres;

--
-- Name: ctf_doctor_id_seq; Type: SEQUENCE OWNED BY; Schema: public; Owner: postgres
--

ALTER SEQUENCE ctf_doctor_id_seq OWNED BY ctf_doctor.id;


--
-- Name: ctf_healthplan; Type: TABLE; Schema: public; Owner: postgres; Tablespace: 
--

CREATE TABLE ctf_healthplan (
    id integer NOT NULL,
    name character varying(200) NOT NULL,
    price character varying(10) NOT NULL
);


ALTER TABLE public.ctf_healthplan OWNER TO postgres;

--
-- Name: ctf_healthplan_doctor; Type: TABLE; Schema: public; Owner: postgres; Tablespace: 
--

CREATE TABLE ctf_healthplan_doctor (
    id integer NOT NULL,
    healthplan_id integer NOT NULL,
    doctor_id integer NOT NULL
);


ALTER TABLE public.ctf_healthplan_doctor OWNER TO postgres;

--
-- Name: ctf_healthplan_doctor_id_seq; Type: SEQUENCE; Schema: public; Owner: postgres
--

CREATE SEQUENCE ctf_healthplan_doctor_id_seq
    START WITH 1
    INCREMENT BY 1
    NO MINVALUE
    NO MAXVALUE
    CACHE 1;


ALTER TABLE public.ctf_healthplan_doctor_id_seq OWNER TO postgres;

--
-- Name: ctf_healthplan_doctor_id_seq; Type: SEQUENCE OWNED BY; Schema: public; Owner: postgres
--

ALTER SEQUENCE ctf_healthplan_doctor_id_seq OWNED BY ctf_healthplan_doctor.id;


--
-- Name: ctf_healthplan_id_seq; Type: SEQUENCE; Schema: public; Owner: postgres
--

CREATE SEQUENCE ctf_healthplan_id_seq
    START WITH 1
    INCREMENT BY 1
    NO MINVALUE
    NO MAXVALUE
    CACHE 1;


ALTER TABLE public.ctf_healthplan_id_seq OWNER TO postgres;

--
-- Name: ctf_healthplan_id_seq; Type: SEQUENCE OWNED BY; Schema: public; Owner: postgres
--

ALTER SEQUENCE ctf_healthplan_id_seq OWNED BY ctf_healthplan.id;


--
-- Name: ctf_healthplan_tests; Type: TABLE; Schema: public; Owner: postgres; Tablespace: 
--

CREATE TABLE ctf_healthplan_tests (
    id integer NOT NULL,
    healthplan_id integer NOT NULL,
    test_id integer NOT NULL
);


ALTER TABLE public.ctf_healthplan_tests OWNER TO postgres;

--
-- Name: ctf_healthplan_tests_id_seq; Type: SEQUENCE; Schema: public; Owner: postgres
--

CREATE SEQUENCE ctf_healthplan_tests_id_seq
    START WITH 1
    INCREMENT BY 1
    NO MINVALUE
    NO MAXVALUE
    CACHE 1;


ALTER TABLE public.ctf_healthplan_tests_id_seq OWNER TO postgres;

--
-- Name: ctf_healthplan_tests_id_seq; Type: SEQUENCE OWNED BY; Schema: public; Owner: postgres
--

ALTER SEQUENCE ctf_healthplan_tests_id_seq OWNED BY ctf_healthplan_tests.id;


--
-- Name: ctf_healthplanappointment; Type: TABLE; Schema: public; Owner: postgres; Tablespace: 
--

CREATE TABLE ctf_healthplanappointment (
    appointment_ptr_id integer NOT NULL,
    plan_id integer NOT NULL
);


ALTER TABLE public.ctf_healthplanappointment OWNER TO postgres;

--
-- Name: ctf_healthrecord; Type: TABLE; Schema: public; Owner: postgres; Tablespace: 
--

CREATE TABLE ctf_healthrecord (
    id integer NOT NULL,
    report character varying(100),
    remarks text,
    patient_id integer NOT NULL,
    staff_id integer NOT NULL
);


ALTER TABLE public.ctf_healthrecord OWNER TO postgres;

--
-- Name: ctf_healthrecord_id_seq; Type: SEQUENCE; Schema: public; Owner: postgres
--

CREATE SEQUENCE ctf_healthrecord_id_seq
    START WITH 1
    INCREMENT BY 1
    NO MINVALUE
    NO MAXVALUE
    CACHE 1;


ALTER TABLE public.ctf_healthrecord_id_seq OWNER TO postgres;

--
-- Name: ctf_healthrecord_id_seq; Type: SEQUENCE OWNED BY; Schema: public; Owner: postgres
--

ALTER SEQUENCE ctf_healthrecord_id_seq OWNED BY ctf_healthrecord.id;


--
-- Name: ctf_labtechnician; Type: TABLE; Schema: public; Owner: postgres; Tablespace: 
--

CREATE TABLE ctf_labtechnician (
    id integer NOT NULL,
    user_id integer NOT NULL
);


ALTER TABLE public.ctf_labtechnician OWNER TO postgres;

--
-- Name: ctf_labtechnician_doctor; Type: TABLE; Schema: public; Owner: postgres; Tablespace: 
--

CREATE TABLE ctf_labtechnician_doctor (
    id integer NOT NULL,
    labtechnician_id integer NOT NULL,
    doctor_id integer NOT NULL
);


ALTER TABLE public.ctf_labtechnician_doctor OWNER TO postgres;

--
-- Name: ctf_labtechnician_doctor_id_seq; Type: SEQUENCE; Schema: public; Owner: postgres
--

CREATE SEQUENCE ctf_labtechnician_doctor_id_seq
    START WITH 1
    INCREMENT BY 1
    NO MINVALUE
    NO MAXVALUE
    CACHE 1;


ALTER TABLE public.ctf_labtechnician_doctor_id_seq OWNER TO postgres;

--
-- Name: ctf_labtechnician_doctor_id_seq; Type: SEQUENCE OWNED BY; Schema: public; Owner: postgres
--

ALTER SEQUENCE ctf_labtechnician_doctor_id_seq OWNED BY ctf_labtechnician_doctor.id;


--
-- Name: ctf_labtechnician_id_seq; Type: SEQUENCE; Schema: public; Owner: postgres
--

CREATE SEQUENCE ctf_labtechnician_id_seq
    START WITH 1
    INCREMENT BY 1
    NO MINVALUE
    NO MAXVALUE
    CACHE 1;


ALTER TABLE public.ctf_labtechnician_id_seq OWNER TO postgres;

--
-- Name: ctf_labtechnician_id_seq; Type: SEQUENCE OWNED BY; Schema: public; Owner: postgres
--

ALTER SEQUENCE ctf_labtechnician_id_seq OWNED BY ctf_labtechnician.id;


--
-- Name: ctf_patient; Type: TABLE; Schema: public; Owner: postgres; Tablespace: 
--

CREATE TABLE ctf_patient (
    id integer NOT NULL,
    name character varying(200) NOT NULL,
    email character varying(254) NOT NULL,
    phone character varying(12) NOT NULL,
    dob date NOT NULL,
    gender character varying(6) NOT NULL,
    address text
);


ALTER TABLE public.ctf_patient OWNER TO postgres;

--
-- Name: ctf_patient_id_seq; Type: SEQUENCE; Schema: public; Owner: postgres
--

CREATE SEQUENCE ctf_patient_id_seq
    START WITH 1
    INCREMENT BY 1
    NO MINVALUE
    NO MAXVALUE
    CACHE 1;


ALTER TABLE public.ctf_patient_id_seq OWNER TO postgres;

--
-- Name: ctf_patient_id_seq; Type: SEQUENCE OWNED BY; Schema: public; Owner: postgres
--

ALTER SEQUENCE ctf_patient_id_seq OWNED BY ctf_patient.id;


--
-- Name: ctf_test; Type: TABLE; Schema: public; Owner: postgres; Tablespace: 
--

CREATE TABLE ctf_test (
    id integer NOT NULL,
    name character varying(200) NOT NULL
);


ALTER TABLE public.ctf_test OWNER TO postgres;

--
-- Name: ctf_test_id_seq; Type: SEQUENCE; Schema: public; Owner: postgres
--

CREATE SEQUENCE ctf_test_id_seq
    START WITH 1
    INCREMENT BY 1
    NO MINVALUE
    NO MAXVALUE
    CACHE 1;


ALTER TABLE public.ctf_test_id_seq OWNER TO postgres;

--
-- Name: ctf_test_id_seq; Type: SEQUENCE OWNED BY; Schema: public; Owner: postgres
--

ALTER SEQUENCE ctf_test_id_seq OWNED BY ctf_test.id;


--
-- Name: ctf_user; Type: TABLE; Schema: public; Owner: postgres; Tablespace: 
--

CREATE TABLE ctf_user (
    id integer NOT NULL,
    password character varying(128) NOT NULL,
    last_login timestamp with time zone,
    is_superuser boolean NOT NULL,
    username character varying(30) NOT NULL,
    first_name character varying(30),
    last_name character varying(30),
    email character varying(255) NOT NULL,
    is_staff boolean NOT NULL,
    is_doctor boolean NOT NULL,
    is_active boolean NOT NULL,
    created_on timestamp with time zone NOT NULL
);


ALTER TABLE public.ctf_user OWNER TO postgres;

--
-- Name: ctf_user_groups; Type: TABLE; Schema: public; Owner: postgres; Tablespace: 
--

CREATE TABLE ctf_user_groups (
    id integer NOT NULL,
    user_id integer NOT NULL,
    group_id integer NOT NULL
);


ALTER TABLE public.ctf_user_groups OWNER TO postgres;

--
-- Name: ctf_user_groups_id_seq; Type: SEQUENCE; Schema: public; Owner: postgres
--

CREATE SEQUENCE ctf_user_groups_id_seq
    START WITH 1
    INCREMENT BY 1
    NO MINVALUE
    NO MAXVALUE
    CACHE 1;


ALTER TABLE public.ctf_user_groups_id_seq OWNER TO postgres;

--
-- Name: ctf_user_groups_id_seq; Type: SEQUENCE OWNED BY; Schema: public; Owner: postgres
--

ALTER SEQUENCE ctf_user_groups_id_seq OWNED BY ctf_user_groups.id;


--
-- Name: ctf_user_id_seq; Type: SEQUENCE; Schema: public; Owner: postgres
--

CREATE SEQUENCE ctf_user_id_seq
    START WITH 1
    INCREMENT BY 1
    NO MINVALUE
    NO MAXVALUE
    CACHE 1;


ALTER TABLE public.ctf_user_id_seq OWNER TO postgres;

--
-- Name: ctf_user_id_seq; Type: SEQUENCE OWNED BY; Schema: public; Owner: postgres
--

ALTER SEQUENCE ctf_user_id_seq OWNED BY ctf_user.id;


--
-- Name: ctf_user_user_permissions; Type: TABLE; Schema: public; Owner: postgres; Tablespace: 
--

CREATE TABLE ctf_user_user_permissions (
    id integer NOT NULL,
    user_id integer NOT NULL,
    permission_id integer NOT NULL
);


ALTER TABLE public.ctf_user_user_permissions OWNER TO postgres;

--
-- Name: ctf_user_user_permissions_id_seq; Type: SEQUENCE; Schema: public; Owner: postgres
--

CREATE SEQUENCE ctf_user_user_permissions_id_seq
    START WITH 1
    INCREMENT BY 1
    NO MINVALUE
    NO MAXVALUE
    CACHE 1;


ALTER TABLE public.ctf_user_user_permissions_id_seq OWNER TO postgres;

--
-- Name: ctf_user_user_permissions_id_seq; Type: SEQUENCE OWNED BY; Schema: public; Owner: postgres
--

ALTER SEQUENCE ctf_user_user_permissions_id_seq OWNED BY ctf_user_user_permissions.id;


--
-- Name: django_admin_log; Type: TABLE; Schema: public; Owner: postgres; Tablespace: 
--

CREATE TABLE django_admin_log (
    id integer NOT NULL,
    action_time timestamp with time zone NOT NULL,
    object_id text,
    object_repr character varying(200) NOT NULL,
    action_flag smallint NOT NULL,
    change_message text NOT NULL,
    content_type_id integer,
    user_id integer NOT NULL,
    CONSTRAINT django_admin_log_action_flag_check CHECK ((action_flag >= 0))
);


ALTER TABLE public.django_admin_log OWNER TO postgres;

--
-- Name: django_admin_log_id_seq; Type: SEQUENCE; Schema: public; Owner: postgres
--

CREATE SEQUENCE django_admin_log_id_seq
    START WITH 1
    INCREMENT BY 1
    NO MINVALUE
    NO MAXVALUE
    CACHE 1;


ALTER TABLE public.django_admin_log_id_seq OWNER TO postgres;

--
-- Name: django_admin_log_id_seq; Type: SEQUENCE OWNED BY; Schema: public; Owner: postgres
--

ALTER SEQUENCE django_admin_log_id_seq OWNED BY django_admin_log.id;


--
-- Name: django_content_type; Type: TABLE; Schema: public; Owner: postgres; Tablespace: 
--

CREATE TABLE django_content_type (
    id integer NOT NULL,
    app_label character varying(100) NOT NULL,
    model character varying(100) NOT NULL
);


ALTER TABLE public.django_content_type OWNER TO postgres;

--
-- Name: django_content_type_id_seq; Type: SEQUENCE; Schema: public; Owner: postgres
--

CREATE SEQUENCE django_content_type_id_seq
    START WITH 1
    INCREMENT BY 1
    NO MINVALUE
    NO MAXVALUE
    CACHE 1;


ALTER TABLE public.django_content_type_id_seq OWNER TO postgres;

--
-- Name: django_content_type_id_seq; Type: SEQUENCE OWNED BY; Schema: public; Owner: postgres
--

ALTER SEQUENCE django_content_type_id_seq OWNED BY django_content_type.id;


--
-- Name: django_migrations; Type: TABLE; Schema: public; Owner: postgres; Tablespace: 
--

CREATE TABLE django_migrations (
    id integer NOT NULL,
    app character varying(255) NOT NULL,
    name character varying(255) NOT NULL,
    applied timestamp with time zone NOT NULL
);


ALTER TABLE public.django_migrations OWNER TO postgres;

--
-- Name: django_migrations_id_seq; Type: SEQUENCE; Schema: public; Owner: postgres
--

CREATE SEQUENCE django_migrations_id_seq
    START WITH 1
    INCREMENT BY 1
    NO MINVALUE
    NO MAXVALUE
    CACHE 1;


ALTER TABLE public.django_migrations_id_seq OWNER TO postgres;

--
-- Name: django_migrations_id_seq; Type: SEQUENCE OWNED BY; Schema: public; Owner: postgres
--

ALTER SEQUENCE django_migrations_id_seq OWNED BY django_migrations.id;


--
-- Name: django_session; Type: TABLE; Schema: public; Owner: postgres; Tablespace: 
--

CREATE TABLE django_session (
    session_key character varying(40) NOT NULL,
    session_data text NOT NULL,
    expire_date timestamp with time zone NOT NULL
);


ALTER TABLE public.django_session OWNER TO postgres;

--
-- Name: django_site; Type: TABLE; Schema: public; Owner: postgres; Tablespace: 
--

CREATE TABLE django_site (
    id integer NOT NULL,
    domain character varying(100) NOT NULL,
    name character varying(50) NOT NULL
);


ALTER TABLE public.django_site OWNER TO postgres;

--
-- Name: django_site_id_seq; Type: SEQUENCE; Schema: public; Owner: postgres
--

CREATE SEQUENCE django_site_id_seq
    START WITH 1
    INCREMENT BY 1
    NO MINVALUE
    NO MAXVALUE
    CACHE 1;


ALTER TABLE public.django_site_id_seq OWNER TO postgres;

--
-- Name: django_site_id_seq; Type: SEQUENCE OWNED BY; Schema: public; Owner: postgres
--

ALTER SEQUENCE django_site_id_seq OWNED BY django_site.id;


--
-- Name: tastypie_apiaccess; Type: TABLE; Schema: public; Owner: postgres; Tablespace: 
--

CREATE TABLE tastypie_apiaccess (
    id integer NOT NULL,
    identifier character varying(255) NOT NULL,
    url character varying(255) NOT NULL,
    request_method character varying(10) NOT NULL,
    accessed integer NOT NULL,
    CONSTRAINT tastypie_apiaccess_accessed_check CHECK ((accessed >= 0))
);


ALTER TABLE public.tastypie_apiaccess OWNER TO postgres;

--
-- Name: tastypie_apiaccess_id_seq; Type: SEQUENCE; Schema: public; Owner: postgres
--

CREATE SEQUENCE tastypie_apiaccess_id_seq
    START WITH 1
    INCREMENT BY 1
    NO MINVALUE
    NO MAXVALUE
    CACHE 1;


ALTER TABLE public.tastypie_apiaccess_id_seq OWNER TO postgres;

--
-- Name: tastypie_apiaccess_id_seq; Type: SEQUENCE OWNED BY; Schema: public; Owner: postgres
--

ALTER SEQUENCE tastypie_apiaccess_id_seq OWNED BY tastypie_apiaccess.id;


--
-- Name: tastypie_apikey; Type: TABLE; Schema: public; Owner: postgres; Tablespace: 
--

CREATE TABLE tastypie_apikey (
    id integer NOT NULL,
    key character varying(128) NOT NULL,
    created timestamp with time zone NOT NULL,
    user_id integer NOT NULL
);


ALTER TABLE public.tastypie_apikey OWNER TO postgres;

--
-- Name: tastypie_apikey_id_seq; Type: SEQUENCE; Schema: public; Owner: postgres
--

CREATE SEQUENCE tastypie_apikey_id_seq
    START WITH 1
    INCREMENT BY 1
    NO MINVALUE
    NO MAXVALUE
    CACHE 1;


ALTER TABLE public.tastypie_apikey_id_seq OWNER TO postgres;

--
-- Name: tastypie_apikey_id_seq; Type: SEQUENCE OWNED BY; Schema: public; Owner: postgres
--

ALTER SEQUENCE tastypie_apikey_id_seq OWNED BY tastypie_apikey.id;


--
-- Name: id; Type: DEFAULT; Schema: public; Owner: postgres
--

ALTER TABLE ONLY auth_group ALTER COLUMN id SET DEFAULT nextval('auth_group_id_seq'::regclass);


--
-- Name: id; Type: DEFAULT; Schema: public; Owner: postgres
--

ALTER TABLE ONLY auth_group_permissions ALTER COLUMN id SET DEFAULT nextval('auth_group_permissions_id_seq'::regclass);


--
-- Name: id; Type: DEFAULT; Schema: public; Owner: postgres
--

ALTER TABLE ONLY auth_permission ALTER COLUMN id SET DEFAULT nextval('auth_permission_id_seq'::regclass);


--
-- Name: id; Type: DEFAULT; Schema: public; Owner: postgres
--

ALTER TABLE ONLY ctf_appointment ALTER COLUMN id SET DEFAULT nextval('ctf_appointment_id_seq'::regclass);


--
-- Name: id; Type: DEFAULT; Schema: public; Owner: postgres
--

ALTER TABLE ONLY ctf_doctor ALTER COLUMN id SET DEFAULT nextval('ctf_doctor_id_seq'::regclass);


--
-- Name: id; Type: DEFAULT; Schema: public; Owner: postgres
--

ALTER TABLE ONLY ctf_healthplan ALTER COLUMN id SET DEFAULT nextval('ctf_healthplan_id_seq'::regclass);


--
-- Name: id; Type: DEFAULT; Schema: public; Owner: postgres
--

ALTER TABLE ONLY ctf_healthplan_doctor ALTER COLUMN id SET DEFAULT nextval('ctf_healthplan_doctor_id_seq'::regclass);


--
-- Name: id; Type: DEFAULT; Schema: public; Owner: postgres
--

ALTER TABLE ONLY ctf_healthplan_tests ALTER COLUMN id SET DEFAULT nextval('ctf_healthplan_tests_id_seq'::regclass);


--
-- Name: id; Type: DEFAULT; Schema: public; Owner: postgres
--

ALTER TABLE ONLY ctf_healthrecord ALTER COLUMN id SET DEFAULT nextval('ctf_healthrecord_id_seq'::regclass);


--
-- Name: id; Type: DEFAULT; Schema: public; Owner: postgres
--

ALTER TABLE ONLY ctf_labtechnician ALTER COLUMN id SET DEFAULT nextval('ctf_labtechnician_id_seq'::regclass);


--
-- Name: id; Type: DEFAULT; Schema: public; Owner: postgres
--

ALTER TABLE ONLY ctf_labtechnician_doctor ALTER COLUMN id SET DEFAULT nextval('ctf_labtechnician_doctor_id_seq'::regclass);


--
-- Name: id; Type: DEFAULT; Schema: public; Owner: postgres
--

ALTER TABLE ONLY ctf_patient ALTER COLUMN id SET DEFAULT nextval('ctf_patient_id_seq'::regclass);


--
-- Name: id; Type: DEFAULT; Schema: public; Owner: postgres
--

ALTER TABLE ONLY ctf_test ALTER COLUMN id SET DEFAULT nextval('ctf_test_id_seq'::regclass);


--
-- Name: id; Type: DEFAULT; Schema: public; Owner: postgres
--

ALTER TABLE ONLY ctf_user ALTER COLUMN id SET DEFAULT nextval('ctf_user_id_seq'::regclass);


--
-- Name: id; Type: DEFAULT; Schema: public; Owner: postgres
--

ALTER TABLE ONLY ctf_user_groups ALTER COLUMN id SET DEFAULT nextval('ctf_user_groups_id_seq'::regclass);


--
-- Name: id; Type: DEFAULT; Schema: public; Owner: postgres
--

ALTER TABLE ONLY ctf_user_user_permissions ALTER COLUMN id SET DEFAULT nextval('ctf_user_user_permissions_id_seq'::regclass);


--
-- Name: id; Type: DEFAULT; Schema: public; Owner: postgres
--

ALTER TABLE ONLY django_admin_log ALTER COLUMN id SET DEFAULT nextval('django_admin_log_id_seq'::regclass);


--
-- Name: id; Type: DEFAULT; Schema: public; Owner: postgres
--

ALTER TABLE ONLY django_content_type ALTER COLUMN id SET DEFAULT nextval('django_content_type_id_seq'::regclass);


--
-- Name: id; Type: DEFAULT; Schema: public; Owner: postgres
--

ALTER TABLE ONLY django_migrations ALTER COLUMN id SET DEFAULT nextval('django_migrations_id_seq'::regclass);


--
-- Name: id; Type: DEFAULT; Schema: public; Owner: postgres
--

ALTER TABLE ONLY django_site ALTER COLUMN id SET DEFAULT nextval('django_site_id_seq'::regclass);


--
-- Name: id; Type: DEFAULT; Schema: public; Owner: postgres
--

ALTER TABLE ONLY tastypie_apiaccess ALTER COLUMN id SET DEFAULT nextval('tastypie_apiaccess_id_seq'::regclass);


--
-- Name: id; Type: DEFAULT; Schema: public; Owner: postgres
--

ALTER TABLE ONLY tastypie_apikey ALTER COLUMN id SET DEFAULT nextval('tastypie_apikey_id_seq'::regclass);


--
-- Data for Name: auth_group; Type: TABLE DATA; Schema: public; Owner: postgres
--

COPY auth_group (id, name) FROM stdin;
\.


--
-- Name: auth_group_id_seq; Type: SEQUENCE SET; Schema: public; Owner: postgres
--

SELECT pg_catalog.setval('auth_group_id_seq', 1, false);


--
-- Data for Name: auth_group_permissions; Type: TABLE DATA; Schema: public; Owner: postgres
--

COPY auth_group_permissions (id, group_id, permission_id) FROM stdin;
\.


--
-- Name: auth_group_permissions_id_seq; Type: SEQUENCE SET; Schema: public; Owner: postgres
--

SELECT pg_catalog.setval('auth_group_permissions_id_seq', 1, false);


--
-- Data for Name: auth_permission; Type: TABLE DATA; Schema: public; Owner: postgres
--

COPY auth_permission (id, name, content_type_id, codename) FROM stdin;
1	Can add log entry	1	add_logentry
2	Can change log entry	1	change_logentry
3	Can delete log entry	1	delete_logentry
4	Can add permission	2	add_permission
5	Can change permission	2	change_permission
6	Can delete permission	2	delete_permission
7	Can add group	3	add_group
8	Can change group	3	change_group
9	Can delete group	3	delete_group
10	Can add content type	4	add_contenttype
11	Can change content type	4	change_contenttype
12	Can delete content type	4	delete_contenttype
13	Can add session	5	add_session
14	Can change session	5	change_session
15	Can delete session	5	delete_session
16	Can add site	6	add_site
17	Can change site	6	change_site
18	Can delete site	6	delete_site
19	Can add api access	7	add_apiaccess
20	Can change api access	7	change_apiaccess
21	Can delete api access	7	delete_apiaccess
22	Can add api key	8	add_apikey
23	Can change api key	8	change_apikey
24	Can delete api key	8	delete_apikey
25	Can add user	9	add_user
26	Can change user	9	change_user
27	Can delete user	9	delete_user
28	Can add patient	10	add_patient
29	Can change patient	10	change_patient
30	Can delete patient	10	delete_patient
31	Can add doctor	11	add_doctor
32	Can change doctor	11	change_doctor
33	Can delete doctor	11	delete_doctor
34	Can add lab technician	12	add_labtechnician
35	Can change lab technician	12	change_labtechnician
36	Can delete lab technician	12	delete_labtechnician
37	Can add test	13	add_test
38	Can change test	13	change_test
39	Can delete test	13	delete_test
40	Can add health plan	14	add_healthplan
41	Can change health plan	14	change_healthplan
42	Can delete health plan	14	delete_healthplan
43	Can add appointment	15	add_appointment
44	Can change appointment	15	change_appointment
45	Can delete appointment	15	delete_appointment
46	Can add health plan appointment	16	add_healthplanappointment
47	Can change health plan appointment	16	change_healthplanappointment
48	Can delete health plan appointment	16	delete_healthplanappointment
49	Can add consultant appointment	17	add_consultantappointment
50	Can change consultant appointment	17	change_consultantappointment
51	Can delete consultant appointment	17	delete_consultantappointment
52	Can add health record	18	add_healthrecord
53	Can change health record	18	change_healthrecord
54	Can delete health record	18	delete_healthrecord
\.


--
-- Name: auth_permission_id_seq; Type: SEQUENCE SET; Schema: public; Owner: postgres
--

SELECT pg_catalog.setval('auth_permission_id_seq', 54, true);


--
-- Data for Name: ctf_appointment; Type: TABLE DATA; Schema: public; Owner: postgres
--

COPY ctf_appointment (id, plan_type, datetime, reason, token, patient_id) FROM stdin;
3	Consultant	2016-04-01 15:50:00+05:30	A complete physical examination.	2016-04-01T10:20$c4ca4238a0b923820dcc509a6f75849b$112f3a99b283a4e1788dedd8e0e5d35375c33747$Abhimanyu	3
4	Consultant	2016-04-01 15:50:00+05:30	A complete physical examination.	2016-04-01T10:20$c4ca4238a0b923820dcc509a6f75849b$112f3a99b283a4e1788dedd8e0e5d35375c33747$Abhimanyu	4
5	HealthPlan	2016-04-01 21:00:00+05:30	Complete checkup.	2016-04-01T15:30$c4ca4238a0b923820dcc509a6f75849b$112f3a99b283a4e1788dedd8e0e5d35375c33747$Madhumitha	5
6	HealthPlan	2016-04-01 21:00:00+05:30	Complete checkup.	2016-04-01T15:30$c4ca4238a0b923820dcc509a6f75849b$112f3a99b283a4e1788dedd8e0e5d35375c33747$Madhumitha	6
7	HealthPlan	2016-04-02 16:15:00+05:30	Personal and family medical history.	2016-04-02T10:45$eccbc87e4b5ce2fe28308fd9f2a7baf3$112f3a99b283a4e1788dedd8e0e5d35375c33747$Rajiv	7
8	Consultant	2016-09-01 17:00:00+05:30	Health Checkup.	2016-09-01T11:30$a87ff679a2f3e71d9181a67b7542122c$112f3a99b283a4e1788dedd8e0e5d35375c33747$Radha	8
9	Consultant	2016-04-04 05:30:00+05:30	Test	2016-04-04$c4ca4238a0b923820dcc509a6f75849b$112f3a99b283a4e1788dedd8e0e5d35375c33747$Test	9
10	Consultant	2016-04-13 05:30:00+05:30	Test	2016-04-13$c4ca4238a0b923820dcc509a6f75849b$112f3a99b283a4e1788dedd8e0e5d35375c33747$Test	10
11	Consultant	2016-04-13 05:30:00+05:30	Test	2016-04-13$c4ca4238a0b923820dcc509a6f75849b$112f3a99b283a4e1788dedd8e0e5d35375c33747$Test	11
12	Consultant	2016-04-13 05:30:00+05:30	Test	2016-04-13$c4ca4238a0b923820dcc509a6f75849b$112f3a99b283a4e1788dedd8e0e5d35375c33747$Test	12
13	Consultant	2016-04-13 05:30:00+05:30	Test	2016-04-13$c4ca4238a0b923820dcc509a6f75849b$112f3a99b283a4e1788dedd8e0e5d35375c33747$Test	13
14	Consultant	2016-04-13 05:30:00+05:30	Test	2016-04-13$c4ca4238a0b923820dcc509a6f75849b$112f3a99b283a4e1788dedd8e0e5d35375c33747$Test	14
15	Consultant	2016-04-13 05:30:00+05:30	Test	2016-04-13$c4ca4238a0b923820dcc509a6f75849b$112f3a99b283a4e1788dedd8e0e5d35375c33747$Test	15
16	Consultant	2016-04-13 05:30:00+05:30	Test	2016-04-13$c4ca4238a0b923820dcc509a6f75849b$112f3a99b283a4e1788dedd8e0e5d35375c33747$Test	16
17	Consultant	2016-04-13 05:30:00+05:30	Test	2016-04-13$c4ca4238a0b923820dcc509a6f75849b$112f3a99b283a4e1788dedd8e0e5d35375c33747$Test	17
18	Consultant	2016-04-13 05:30:00+05:30	Test	2016-04-13$c4ca4238a0b923820dcc509a6f75849b$112f3a99b283a4e1788dedd8e0e5d35375c33747$Test	18
19	Consultant	2016-04-13 05:30:00+05:30	Test	2016-04-13$c4ca4238a0b923820dcc509a6f75849b$112f3a99b283a4e1788dedd8e0e5d35375c33747$Test	19
20	Consultant	2016-04-13 05:30:00+05:30	Test	2016-04-13$c4ca4238a0b923820dcc509a6f75849b$112f3a99b283a4e1788dedd8e0e5d35375c33747$Test	20
21	Consultant	2016-04-13 05:30:00+05:30	Test	2016-04-13$c4ca4238a0b923820dcc509a6f75849b$112f3a99b283a4e1788dedd8e0e5d35375c33747$Test	21
22	Consultant	2016-04-13 05:30:00+05:30	Test	2016-04-13$c4ca4238a0b923820dcc509a6f75849b$112f3a99b283a4e1788dedd8e0e5d35375c33747$Test	22
23	Consultant	2016-04-13 05:30:00+05:30	Test	2016-04-13$c4ca4238a0b923820dcc509a6f75849b$112f3a99b283a4e1788dedd8e0e5d35375c33747$Test	23
24	Consultant	2016-04-13 05:30:00+05:30	Test	2016-04-13$c4ca4238a0b923820dcc509a6f75849b$112f3a99b283a4e1788dedd8e0e5d35375c33747$Test	24
25	Consultant	2016-04-14 05:30:00+05:30	Test	2016-04-14$c4ca4238a0b923820dcc509a6f75849b$112f3a99b283a4e1788dedd8e0e5d35375c33747$Test	25
26	Consultant	2016-04-14 05:30:00+05:30	Test	2016-04-14$c4ca4238a0b923820dcc509a6f75849b$112f3a99b283a4e1788dedd8e0e5d35375c33747$Test	26
27	Consultant	2016-04-14 05:30:00+05:30	Test	2016-04-14$c4ca4238a0b923820dcc509a6f75849b$112f3a99b283a4e1788dedd8e0e5d35375c33747$Test	27
28	Consultant	2016-04-14 05:30:00+05:30	Test	2016-04-14$c4ca4238a0b923820dcc509a6f75849b$112f3a99b283a4e1788dedd8e0e5d35375c33747$Test	28
29	Consultant	2016-04-14 05:30:00+05:30	Test	2016-04-14$c4ca4238a0b923820dcc509a6f75849b$112f3a99b283a4e1788dedd8e0e5d35375c33747$Test	29
30	Consultant	2016-04-15 05:30:00+05:30	Test	2016-04-15$c4ca4238a0b923820dcc509a6f75849b$112f3a99b283a4e1788dedd8e0e5d35375c33747$Test	30
31	Consultant	2016-04-15 05:30:00+05:30	Test	2016-04-15$c4ca4238a0b923820dcc509a6f75849b$112f3a99b283a4e1788dedd8e0e5d35375c33747$Test	31
32	Consultant	2016-04-18 05:30:00+05:30	Test	2016-04-18$c4ca4238a0b923820dcc509a6f75849b$112f3a99b283a4e1788dedd8e0e5d35375c33747$Test	32
33	Consultant	2016-04-18 05:30:00+05:30	Test	2016-04-18$c4ca4238a0b923820dcc509a6f75849b$112f3a99b283a4e1788dedd8e0e5d35375c33747$Test	33
34	Consultant	2016-04-18 05:30:00+05:30	Test	2016-04-18$c4ca4238a0b923820dcc509a6f75849b$112f3a99b283a4e1788dedd8e0e5d35375c33747$Test	34
35	Consultant	2016-04-18 05:30:00+05:30	Test	2016-04-18$c4ca4238a0b923820dcc509a6f75849b$112f3a99b283a4e1788dedd8e0e5d35375c33747$Test	35
36	Consultant	2016-04-18 05:30:00+05:30	Test	2016-04-18$c4ca4238a0b923820dcc509a6f75849b$112f3a99b283a4e1788dedd8e0e5d35375c33747$Test	36
37	Consultant	2016-04-18 05:30:00+05:30	Test	2016-04-18$c4ca4238a0b923820dcc509a6f75849b$112f3a99b283a4e1788dedd8e0e5d35375c33747$Test	37
38	Consultant	2016-04-18 05:30:00+05:30	Test	2016-04-18$c4ca4238a0b923820dcc509a6f75849b$112f3a99b283a4e1788dedd8e0e5d35375c33747$Test	38
39	Consultant	2016-04-18 05:30:00+05:30	Test	2016-04-18$c4ca4238a0b923820dcc509a6f75849b$112f3a99b283a4e1788dedd8e0e5d35375c33747$Test	39
40	Consultant	2016-04-18 05:30:00+05:30	Test	2016-04-18$c4ca4238a0b923820dcc509a6f75849b$112f3a99b283a4e1788dedd8e0e5d35375c33747$Test	40
41	Consultant	2016-04-18 05:30:00+05:30	Test	2016-04-18$c4ca4238a0b923820dcc509a6f75849b$112f3a99b283a4e1788dedd8e0e5d35375c33747$Test	41
42	Consultant	2016-04-18 05:30:00+05:30	Test	2016-04-18$c4ca4238a0b923820dcc509a6f75849b$112f3a99b283a4e1788dedd8e0e5d35375c33747$Test	42
43	Consultant	2016-04-18 05:30:00+05:30	Test	2016-04-18$c4ca4238a0b923820dcc509a6f75849b$112f3a99b283a4e1788dedd8e0e5d35375c33747$Test	43
44	Consultant	2016-04-18 05:30:00+05:30	Test	2016-04-18$c4ca4238a0b923820dcc509a6f75849b$112f3a99b283a4e1788dedd8e0e5d35375c33747$Test	44
45	Consultant	2016-04-19 05:30:00+05:30	Test	2016-04-19$c4ca4238a0b923820dcc509a6f75849b$112f3a99b283a4e1788dedd8e0e5d35375c33747$Test	45
\.


--
-- Name: ctf_appointment_id_seq; Type: SEQUENCE SET; Schema: public; Owner: postgres
--

SELECT pg_catalog.setval('ctf_appointment_id_seq', 45, true);


--
-- Data for Name: ctf_consultantappointment; Type: TABLE DATA; Schema: public; Owner: postgres
--

COPY ctf_consultantappointment (appointment_ptr_id, doctor_id) FROM stdin;
4	1
3	2
8	4
9	1
10	1
11	1
12	1
13	1
14	1
15	1
16	1
17	1
18	1
19	1
20	1
21	1
22	1
23	1
24	1
25	1
26	1
27	1
28	1
29	1
30	1
31	1
32	1
33	1
34	1
35	1
36	1
37	1
38	1
39	1
40	1
41	1
42	1
43	1
44	1
45	1
\.


--
-- Data for Name: ctf_doctor; Type: TABLE DATA; Schema: public; Owner: postgres
--

COPY ctf_doctor (id, qualification, gender, specialization, phone, photo, user_id) FROM stdin;
1	MBBS	M	Surgeon	08042124017	doctors/doctor3.jpg	2
2	MBBS	F	Neuro Sciences	08042124017	doctors/img9.jpg	3
3	MBBS	M	Cardiologists	08042124017	doctors/img10.jpg	4
4	MBBS	F	Dentist	08042124017	doctors/img11.jpg	5
\.


--
-- Name: ctf_doctor_id_seq; Type: SEQUENCE SET; Schema: public; Owner: postgres
--

SELECT pg_catalog.setval('ctf_doctor_id_seq', 4, true);


--
-- Data for Name: ctf_healthplan; Type: TABLE DATA; Schema: public; Owner: postgres
--

COPY ctf_healthplan (id, name, price) FROM stdin;
1	Comprehensive Health Check	6750
2	Master Health Checkup	3150
3	weCare Lifestyle package	13000
4	Senior Citizen Health Check	7000
5	Platinum Health Check for Female	16000
\.


--
-- Data for Name: ctf_healthplan_doctor; Type: TABLE DATA; Schema: public; Owner: postgres
--

COPY ctf_healthplan_doctor (id, healthplan_id, doctor_id) FROM stdin;
1	1	1
2	2	2
3	2	3
4	3	1
5	3	2
6	3	3
7	3	4
8	4	2
9	4	3
10	4	4
11	5	2
12	5	4
\.


--
-- Name: ctf_healthplan_doctor_id_seq; Type: SEQUENCE SET; Schema: public; Owner: postgres
--

SELECT pg_catalog.setval('ctf_healthplan_doctor_id_seq', 12, true);


--
-- Name: ctf_healthplan_id_seq; Type: SEQUENCE SET; Schema: public; Owner: postgres
--

SELECT pg_catalog.setval('ctf_healthplan_id_seq', 5, true);


--
-- Data for Name: ctf_healthplan_tests; Type: TABLE DATA; Schema: public; Owner: postgres
--

COPY ctf_healthplan_tests (id, healthplan_id, test_id) FROM stdin;
1	1	1
2	1	2
3	1	3
4	1	4
5	2	7
6	2	1
7	2	2
8	2	3
9	2	9
10	3	1
11	3	2
12	3	3
13	3	4
14	3	5
15	3	6
16	3	7
17	3	8
18	3	9
19	4	1
20	4	2
21	4	3
22	4	4
23	4	5
24	4	7
25	4	8
26	5	1
27	5	2
28	5	3
29	5	4
30	5	5
31	5	6
32	5	7
33	5	8
34	5	9
\.


--
-- Name: ctf_healthplan_tests_id_seq; Type: SEQUENCE SET; Schema: public; Owner: postgres
--

SELECT pg_catalog.setval('ctf_healthplan_tests_id_seq', 34, true);


--
-- Data for Name: ctf_healthplanappointment; Type: TABLE DATA; Schema: public; Owner: postgres
--

COPY ctf_healthplanappointment (appointment_ptr_id, plan_id) FROM stdin;
5	1
6	1
7	3
\.


--
-- Data for Name: ctf_healthrecord; Type: TABLE DATA; Schema: public; Owner: postgres
--

COPY ctf_healthrecord (id, report, remarks, patient_id, staff_id) FROM stdin;
2	reports/CT_Scan_report-cmh_dhaka.JPG	There is evidence of diffuse hepatic hypoattenuation compatible with fatty infiltration. There is no\r\nintra or extrahepatic biliary ductal dilatation. The patient is status post cholecystectomy. The spleen\r\nis normal. The pancreas is of normal contour and attenuation characteristics. There is no evidence of\r\nadrenal mass.\r\nModerate sized fat containing supraumbilical hernia is present.\r\nThe kidneys are normal in size, shape and configuration. No renal or ureteral calculi are identified.\r\nThere is no hydroureter or hydronephrosis.\r\nThere is no evidence for appendicitis. Several fluid-filled loops of small bowel are present compatible\r\nwith mild enteritis. There is no bowel wall thickening. No evidence for small or large bowel\r\nobstruction. There is no evidence of abdominal ascites or lymphadenopathy.\r\nThere is no evidence of intrinsic or extrinsic bladder mass. There is no pelvic ascites or\r\nlymphadenopathy.\r\nThe uterus and ovaries are grossly unremarkable.\r\nImages of the lung bases show no evidence of pleural or parenchymal mass. There are no pleural\r\neffusions. Scarring is present in the right middle lobe and lingula as well as both lung bases.\r\nThe bony structures are free of lytic or blastic lesions. Multilevel degenerative changes are seen\r\ninvolving the thoracolumbar spine.\r\nScattered calcifications are seen involving the aorta and major branches compatible with\r\natherosclerosis.	5	7
1	reports/sugartest_report.jpg	Normal Sugar Test	1	6
3	reports/demi_cardiac_report.jpg	Normal Sugar Test	4	9
\.


--
-- Name: ctf_healthrecord_id_seq; Type: SEQUENCE SET; Schema: public; Owner: postgres
--

SELECT pg_catalog.setval('ctf_healthrecord_id_seq', 3, true);


--
-- Data for Name: ctf_labtechnician; Type: TABLE DATA; Schema: public; Owner: postgres
--

COPY ctf_labtechnician (id, user_id) FROM stdin;
1	6
2	7
3	8
4	9
\.


--
-- Data for Name: ctf_labtechnician_doctor; Type: TABLE DATA; Schema: public; Owner: postgres
--

COPY ctf_labtechnician_doctor (id, labtechnician_id, doctor_id) FROM stdin;
1	1	1
2	2	2
3	3	3
4	4	4
\.


--
-- Name: ctf_labtechnician_doctor_id_seq; Type: SEQUENCE SET; Schema: public; Owner: postgres
--

SELECT pg_catalog.setval('ctf_labtechnician_doctor_id_seq', 4, true);


--
-- Name: ctf_labtechnician_id_seq; Type: SEQUENCE SET; Schema: public; Owner: postgres
--

SELECT pg_catalog.setval('ctf_labtechnician_id_seq', 4, true);


--
-- Data for Name: ctf_patient; Type: TABLE DATA; Schema: public; Owner: postgres
--

COPY ctf_patient (id, name, email, phone, dob, gender, address) FROM stdin;
1	Abhimanyu	abhimanyu@we45.com	08042124017	1985-01-01	M	#1439,22nd main Banashankari 2nd stage\r\nBangalore.
2	Martin	martin@we45.com	08042124017	1985-01-01	M	#1439,22nd main Banashankari 2nd stage\r\nBangalore.
3	Alina	alina@we45.com	08042124017	1985-01-01	M	#1439,22nd main Banashankari 2nd stage\r\nBangalore.
5	Madhumitha	madhumitha@we45.com	08042124017	1990-03-02	F	#1439,22nd main Banashankari 2nd stage\r\nBangalore.
6	Madhuri	madhuri@we45.com	08042124017	1990-03-02	F	#1439,22nd main Banashankari 2nd stage\r\nBangalore.
7	Rajiv	rajiv@we45.com	08042124017	1989-02-05	M	#1439,22nd main Banashankari 2nd stage\r\nBangalore.
8	Radha	radha@we45.com	08042124017	1990-01-31	F	#1439,22nd main Banashankari 2nd stage\r\nBangalore.
34	Test	test@test.com	999999	1991-04-09	M	Test
35	Test	test@test.com	999999	1991-04-09	M	Test
36	Test	test@test.com	999999	1991-04-09	M	Test
37	Test	test@test.com	999999	1991-04-09	M	Test
38	Test	test@test.com	999999	1991-04-09	M	Test
39	Test	test@test.com	999999	1991-04-09	M	Test
40	Test	test@test.com	999999	1991-04-09	M	Test
20	<script>alert("XSS Attack!!!")</script>	test@test.com	999999	1991-04-09	M	Test
29	Test	test@test.com	999999	1991-04-09	M	Test
41	Test	test@test.com	999999	1991-04-09	M	Test
42	Test	test@test.com	999999	1991-04-09	M	Test
43	Test	test@test.com	999999	1991-04-09	M	Test
10	test	test@test.com	999999	1991-04-09	M	Test
21	<script>alert("XSS Attack!!!")</script>	test@test.com	999999	1991-04-09	M	Test
9	test	test@test.com	999999	1991-04-09	M	Test
30	Test	test@test.com	999999	1991-04-09	M	Test
4	test	test@test.com	999999	1991-04-09	M	Test
44	Test	test@test.com	999999	1991-04-09	M	Test
22	<script>alert("XSS Attack!!!")</script>	test@test.com	999999	1991-04-09	M	Test
31	Test	test@test.com	999999	1991-04-09	M	Test
12	test	test@test.com	999999	1991-04-09	M	Test
11	<script>alert("XSS Attack!!!")</script>	test@test.com	999999	1991-04-09	M	Test
45	Test	test@test.com	999999	1991-04-09	M	Test
13	<script>alert("XSS Attack!!!")</script>	test@test.com	999999	1991-04-09	M	Test
23	<script>alert("XSS Attack!!!")</script>	test@test.com	999999	1991-04-09	M	Test
14	<script>alert("XSS Attack!!!")</script>	test@test.com	999999	1991-04-09	M	Test
15	<script>alert("XSS Attack!!!")</script>	test@test.com	999999	1991-04-09	M	Test
24	<script>alert("XSS Attack!!!")</script>	test@test.com	999999	1991-04-09	M	Test
33	<script>alert("XSS Attack!!!")</script>	test@test.com	999999	1991-04-09	M	Test
16	<script>alert("XSS Attack!!!")</script>	test@test.com	999999	1991-04-09	M	Test
25	Test	test@test.com	999999	1991-04-09	M	Test
26	Test	test@test.com	999999	1991-04-09	M	Test
18	<script>alert("XSS Attack!!!")</script>	test@test.com	999999	1991-04-09	M	Test
17	<script>alert("XSS Attack!!!")</script>	test@test.com	999999	1991-04-09	M	Test
27	Test	test@test.com	999999	1991-04-09	M	Test
19	<script>alert("XSS Attack!!!")</script>	test@test.com	999999	1991-04-09	M	Test
28	<script>alert("XSS Attack!!!")</script>	test@test.com	999999	1991-04-09	M	Test
32	Test	test@test.com	999999	1991-04-09	M	Test
\.


--
-- Name: ctf_patient_id_seq; Type: SEQUENCE SET; Schema: public; Owner: postgres
--

SELECT pg_catalog.setval('ctf_patient_id_seq', 45, true);


--
-- Data for Name: ctf_test; Type: TABLE DATA; Schema: public; Owner: postgres
--

COPY ctf_test (id, name) FROM stdin;
1	Blood Test
2	Urine Test
3	Complete blood count Test
4	Liver function Test
5	Hemoglobin A1C or Glycohemoglobin Test
6	HIV Antibody Test
7	CT Scan Test
8	MRI Scan Test
9	X-Ray Test
\.


--
-- Name: ctf_test_id_seq; Type: SEQUENCE SET; Schema: public; Owner: postgres
--

SELECT pg_catalog.setval('ctf_test_id_seq', 9, true);


--
-- Data for Name: ctf_user; Type: TABLE DATA; Schema: public; Owner: postgres
--

COPY ctf_user (id, password, last_login, is_superuser, username, first_name, last_name, email, is_staff, is_doctor, is_active, created_on) FROM stdin;
1	pbkdf2_sha256$20000$7PX4DYSXZcGX$LY4qaQrp81QQ3O2osElh7g2zzqvHa5N51LZE5WFkCpQ=	2016-03-31 15:50:07.99265+05:30	t	abhay	\N	\N	abhay@we45.com	t	f	t	2016-03-31 13:14:49.345822+05:30
4	pbkdf2_sha256$20000$InGsUybIR0Up$NvtmPckGQEwroteRDAmZwKHl2ZWT+V7sxz0IBVApkZk=	2016-04-15 11:33:39.909898+05:30	f	Jim Moriarty	Jim	Moriarty	jim.moriarty@we45.com	f	t	t	2016-03-31 14:38:22.075707+05:30
5	pbkdf2_sha256$20000$InGsUybIR0Up$NvtmPckGQEwroteRDAmZwKHl2ZWT+V7sxz0IBVApkZk=	\N	f	Lucy Adie	Lucy	Adie	lucy.adie@we45.com	f	t	t	2016-03-31 14:42:55.927043+05:30
7	pbkdf2_sha256$20000$InGsUybIR0Up$NvtmPckGQEwroteRDAmZwKHl2ZWT+V7sxz0IBVApkZk=	\N	f	Prapaksha Kamboja	Prapaksha	Kamboja	prapaksha.kamboja@we45.com	t	f	t	2016-03-31 14:49:44.446553+05:30
8	pbkdf2_sha256$20000$InGsUybIR0Up$NvtmPckGQEwroteRDAmZwKHl2ZWT+V7sxz0IBVApkZk=	\N	f	Kishan Kumar	Kishan	Kumar	kishan.kumar@we45.com	t	f	t	2016-03-31 14:53:16.428893+05:30
6	pbkdf2_sha256$20000$InGsUybIR0Up$NvtmPckGQEwroteRDAmZwKHl2ZWT+V7sxz0IBVApkZk=	2016-04-25 03:40:49.973389+05:30	f	Betty Ross	Betty	Ross	betty.ross@we45.com	t	f	t	2016-03-31 14:45:35.648272+05:30
3	pbkdf2_sha256$20000$SGqAHfspZZK5$9hQApXU7dJzVHTtH1jbl7edNx3Vd5CguYTkUF8BUBPk=	2016-04-18 12:48:53.619278+05:30	f	Jessica Alba	Jessica	Alba	jessica.alba@we45.com	f	t	t	2016-03-31 14:36:14.556417+05:30
9	pbkdf2_sha256$20000$InGsUybIR0Up$NvtmPckGQEwroteRDAmZwKHl2ZWT+V7sxz0IBVApkZk=	2016-04-25 03:40:56.757752+05:30	f	Steve Jobs	Steve	Jobs	steve.jobs@we45.com	t	f	t	2016-03-31 14:54:23.181193+05:30
2	pbkdf2_sha256$20000$InGsUybIR0Up$NvtmPckGQEwroteRDAmZwKHl2ZWT+V7sxz0IBVApkZk=	2016-04-25 03:42:22.537135+05:30	f	Bruce Banner	Bruce	Banner	bruce.banner@we45.com	f	t	t	2016-03-31 14:31:21.126839+05:30
\.


--
-- Data for Name: ctf_user_groups; Type: TABLE DATA; Schema: public; Owner: postgres
--

COPY ctf_user_groups (id, user_id, group_id) FROM stdin;
\.


--
-- Name: ctf_user_groups_id_seq; Type: SEQUENCE SET; Schema: public; Owner: postgres
--

SELECT pg_catalog.setval('ctf_user_groups_id_seq', 1, false);


--
-- Name: ctf_user_id_seq; Type: SEQUENCE SET; Schema: public; Owner: postgres
--

SELECT pg_catalog.setval('ctf_user_id_seq', 9, true);


--
-- Data for Name: ctf_user_user_permissions; Type: TABLE DATA; Schema: public; Owner: postgres
--

COPY ctf_user_user_permissions (id, user_id, permission_id) FROM stdin;
\.


--
-- Name: ctf_user_user_permissions_id_seq; Type: SEQUENCE SET; Schema: public; Owner: postgres
--

SELECT pg_catalog.setval('ctf_user_user_permissions_id_seq', 1, false);


--
-- Data for Name: django_admin_log; Type: TABLE DATA; Schema: public; Owner: postgres
--

COPY django_admin_log (id, action_time, object_id, object_repr, action_flag, change_message, content_type_id, user_id) FROM stdin;
\.


--
-- Name: django_admin_log_id_seq; Type: SEQUENCE SET; Schema: public; Owner: postgres
--

SELECT pg_catalog.setval('django_admin_log_id_seq', 1, false);


--
-- Data for Name: django_content_type; Type: TABLE DATA; Schema: public; Owner: postgres
--

COPY django_content_type (id, app_label, model) FROM stdin;
1	admin	logentry
2	auth	permission
3	auth	group
4	contenttypes	contenttype
5	sessions	session
6	sites	site
7	tastypie	apiaccess
8	tastypie	apikey
9	ctf	user
10	ctf	patient
11	ctf	doctor
12	ctf	labtechnician
13	ctf	test
14	ctf	healthplan
15	ctf	appointment
16	ctf	healthplanappointment
17	ctf	consultantappointment
18	ctf	healthrecord
\.


--
-- Name: django_content_type_id_seq; Type: SEQUENCE SET; Schema: public; Owner: postgres
--

SELECT pg_catalog.setval('django_content_type_id_seq', 18, true);


--
-- Data for Name: django_migrations; Type: TABLE DATA; Schema: public; Owner: postgres
--

COPY django_migrations (id, app, name, applied) FROM stdin;
1	contenttypes	0001_initial	2016-03-31 13:09:31.564721+05:30
2	contenttypes	0002_remove_content_type_name	2016-03-31 13:09:31.616781+05:30
3	auth	0001_initial	2016-03-31 13:09:32.30674+05:30
4	auth	0002_alter_permission_name_max_length	2016-03-31 13:09:32.350272+05:30
5	auth	0003_alter_user_email_max_length	2016-03-31 13:09:32.411003+05:30
6	auth	0004_alter_user_username_opts	2016-03-31 13:09:32.437301+05:30
7	auth	0005_alter_user_last_login_null	2016-03-31 13:09:32.460198+05:30
8	auth	0006_require_contenttypes_0002	2016-03-31 13:09:32.471278+05:30
9	ctf	0001_initial	2016-03-31 13:09:35.808453+05:30
10	admin	0001_initial	2016-03-31 13:09:36.162437+05:30
11	sessions	0001_initial	2016-03-31 13:09:36.461452+05:30
12	sites	0001_initial	2016-03-31 13:09:36.594618+05:30
13	tastypie	0001_initial	2016-03-31 13:09:37.02814+05:30
\.


--
-- Name: django_migrations_id_seq; Type: SEQUENCE SET; Schema: public; Owner: postgres
--

SELECT pg_catalog.setval('django_migrations_id_seq', 13, true);


--
-- Data for Name: django_session; Type: TABLE DATA; Schema: public; Owner: postgres
--

COPY django_session (session_key, session_data, expire_date) FROM stdin;
ioytvyuu73zoey3vobpjscio87o4u221	NzEwMGFkZjVmMzQ2NWQ2MjEzYTQyMWNjNDE2YzY5Nzg0Mjc3NjgyNjp7Il9hdXRoX3VzZXJfaGFzaCI6IjQ2ZjExNWU1YTg5Y2ZiZmVmZWVhYjk4OWQzYTljNTUzOTNlY2I2ZTgiLCJfYXV0aF91c2VyX2JhY2tlbmQiOiJkamFuZ28uY29udHJpYi5hdXRoLmJhY2tlbmRzLk1vZGVsQmFja2VuZCIsIl9hdXRoX3VzZXJfaWQiOiI2In0=	2016-04-14 16:42:54.960678+05:30
c6lef250mko3iz4j4l4ptvmpjnodts9i	M2MwMGUzNGU3NTllMWVhM2E3ZWE2MTU3NTM0ZjYyNTAzZjQ3YTcwZTp7Il9hdXRoX3VzZXJfaGFzaCI6ImE5Yjk2OTI5NjBkMmRlNDk4MTE5OTczYjQzYmY2NzI0YTA3MTZiMWUiLCJfYXV0aF91c2VyX2JhY2tlbmQiOiJkamFuZ28uY29udHJpYi5hdXRoLmJhY2tlbmRzLk1vZGVsQmFja2VuZCIsIl9hdXRoX3VzZXJfaWQiOiI2In0=	2016-04-27 14:41:35.516312+05:30
gdtzse92ih6era5eek4k7aby6ttxtvxz	YmQxOGVlYTdlOTM3YWUyZDVlNmFkNjZmZmRiN2YwYWEyMzg1MGM4ODp7Il9hdXRoX3VzZXJfaGFzaCI6IjQ2ZjExNWU1YTg5Y2ZiZmVmZWVhYjk4OWQzYTljNTUzOTNlY2I2ZTgiLCJfYXV0aF91c2VyX2JhY2tlbmQiOiJkamFuZ28uY29udHJpYi5hdXRoLmJhY2tlbmRzLk1vZGVsQmFja2VuZCIsIl9hdXRoX3VzZXJfaWQiOiIyIn0=	2016-04-26 13:18:24.465864+05:30
x8bq8rx4pdvlrxtik9xcybfxj1pl6nkj	ZjEzN2M3OWFmNTlkZDQ1MjRkMGQxOGYzNjFiYWIwNWFmMDRmY2IyODp7fQ==	2016-04-26 14:38:49.029667+05:30
pcsipn75rsk9gus00m0ucpu5xwd1kvwx	Nzk1NDE0Yzk5NmFlNWI5Y2JjNzdhOGRmMDNkNDgzNGRlMWM3MTQ0ZTp7Il9hdXRoX3VzZXJfaGFzaCI6IjcwN2Q5MzQ3MzI3ZjhhZTU4ZTI5ZjI1ZWQ4ZmMwMWNiMmUzY2ViZTAiLCJfYXV0aF91c2VyX2JhY2tlbmQiOiJkamFuZ28uY29udHJpYi5hdXRoLmJhY2tlbmRzLk1vZGVsQmFja2VuZCIsIl9hdXRoX3VzZXJfaWQiOiIyIn0=	2016-05-02 06:37:29.079161+05:30
yk7eege99shadgzd4etpgrefbno428if	M2MwMGUzNGU3NTllMWVhM2E3ZWE2MTU3NTM0ZjYyNTAzZjQ3YTcwZTp7Il9hdXRoX3VzZXJfaGFzaCI6ImE5Yjk2OTI5NjBkMmRlNDk4MTE5OTczYjQzYmY2NzI0YTA3MTZiMWUiLCJfYXV0aF91c2VyX2JhY2tlbmQiOiJkamFuZ28uY29udHJpYi5hdXRoLmJhY2tlbmRzLk1vZGVsQmFja2VuZCIsIl9hdXRoX3VzZXJfaWQiOiI2In0=	2016-04-27 14:42:09.296906+05:30
jppy368ebzytjro7w6r15eaezqcwtcgq	ZTg0MWVhNjNlZmQxNjQ3NjFiOGNiNGE2NTFlODY1NDQwZWJkYTQ0MDp7Il9hdXRoX3VzZXJfaGFzaCI6IjA2NGRhYTcxMGE5ZmYwMzU3NDFkZGJiYzFjZGM0Yjk1ZmE5YWU1MjAiLCJfYXV0aF91c2VyX2JhY2tlbmQiOiJkamFuZ28uY29udHJpYi5hdXRoLmJhY2tlbmRzLk1vZGVsQmFja2VuZCIsIl9hdXRoX3VzZXJfaWQiOiI2In0=	2016-04-27 13:18:09.887935+05:30
xrvqwywz12mlxc3f8zfleop0mmykako8	ZTg0MWVhNjNlZmQxNjQ3NjFiOGNiNGE2NTFlODY1NDQwZWJkYTQ0MDp7Il9hdXRoX3VzZXJfaGFzaCI6IjA2NGRhYTcxMGE5ZmYwMzU3NDFkZGJiYzFjZGM0Yjk1ZmE5YWU1MjAiLCJfYXV0aF91c2VyX2JhY2tlbmQiOiJkamFuZ28uY29udHJpYi5hdXRoLmJhY2tlbmRzLk1vZGVsQmFja2VuZCIsIl9hdXRoX3VzZXJfaWQiOiI2In0=	2016-04-27 13:22:25.696921+05:30
hd1pyqnp9op14xuvjjp8rt0mdgixahy1	ZTg0MWVhNjNlZmQxNjQ3NjFiOGNiNGE2NTFlODY1NDQwZWJkYTQ0MDp7Il9hdXRoX3VzZXJfaGFzaCI6IjA2NGRhYTcxMGE5ZmYwMzU3NDFkZGJiYzFjZGM0Yjk1ZmE5YWU1MjAiLCJfYXV0aF91c2VyX2JhY2tlbmQiOiJkamFuZ28uY29udHJpYi5hdXRoLmJhY2tlbmRzLk1vZGVsQmFja2VuZCIsIl9hdXRoX3VzZXJfaWQiOiI2In0=	2016-04-27 13:23:35.812235+05:30
7moohlwd1t5zu5x9usvmo50maxqlcins	ZTAwMTYxNTkxYTEyNDcxZjM5ZWMyOGQwMGZkMTM4Y2ZhMjBhODhjMjp7Il9hdXRoX3VzZXJfaGFzaCI6IjU2Yjg0OGFlZTI2ZTMyNWU4NTQ5NmZmYmZhNzI4N2I0ZjgyOGZkODUiLCJfYXV0aF91c2VyX2lkIjoiNiIsIl9hdXRoX3VzZXJfYmFja2VuZCI6ImRqYW5nby5jb250cmliLmF1dGguYmFja2VuZHMuTW9kZWxCYWNrZW5kIn0=	2016-04-27 14:20:42.201024+05:30
73nong7y3y66z950enzt3oqiaof5l3zv	ZTAwMTYxNTkxYTEyNDcxZjM5ZWMyOGQwMGZkMTM4Y2ZhMjBhODhjMjp7Il9hdXRoX3VzZXJfaGFzaCI6IjU2Yjg0OGFlZTI2ZTMyNWU4NTQ5NmZmYmZhNzI4N2I0ZjgyOGZkODUiLCJfYXV0aF91c2VyX2lkIjoiNiIsIl9hdXRoX3VzZXJfYmFja2VuZCI6ImRqYW5nby5jb250cmliLmF1dGguYmFja2VuZHMuTW9kZWxCYWNrZW5kIn0=	2016-04-27 14:26:57.129735+05:30
a6k6ecxg1itg0i24ew2eq3slkdt8leer	MWQzNzE4OGE5ZDI2ZGNjY2MxYWU4ZWU5NDNjNzFmOTI0NDMyNzlmMjp7Il9hdXRoX3VzZXJfaGFzaCI6ImQzYzg2Njc4YzlkMTUwYjUyZDk0ZWFlYWE0ZWQxODdjZjhjOGY0ZjciLCJfYXV0aF91c2VyX2lkIjoiNiIsIl9hdXRoX3VzZXJfYmFja2VuZCI6ImRqYW5nby5jb250cmliLmF1dGguYmFja2VuZHMuTW9kZWxCYWNrZW5kIn0=	2016-04-27 14:28:22.824798+05:30
x1o05cxjrvxdyzkvly5glyzjslxbw0cy	NDA2MWE5MjY2ZjAyMWZjMTBlNzNjZWFlM2JkOTg5MTEyNGQ1NjczNzp7Il9hdXRoX3VzZXJfaGFzaCI6ImQzYzg2Njc4YzlkMTUwYjUyZDk0ZWFlYWE0ZWQxODdjZjhjOGY0ZjciLCJfYXV0aF91c2VyX2JhY2tlbmQiOiJkamFuZ28uY29udHJpYi5hdXRoLmJhY2tlbmRzLk1vZGVsQmFja2VuZCIsIl9hdXRoX3VzZXJfaWQiOiI2In0=	2016-04-27 14:28:29.797496+05:30
usqw34nu2vzacof2ir08kbfz1qcszbt7	MTdkNTdiMTJkNzliZGIyMjI3ZjhlNGQxNWQwYWY1NmRjMzA0NGJiMTp7Il9hdXRoX3VzZXJfaGFzaCI6Ijg2ZjBjZWM0NDllZGEyMzYwNTcxMGNhYTcwNDJiM2E2NmY3YzBjNGUiLCJfYXV0aF91c2VyX2lkIjoiNiIsIl9hdXRoX3VzZXJfYmFja2VuZCI6ImRqYW5nby5jb250cmliLmF1dGguYmFja2VuZHMuTW9kZWxCYWNrZW5kIn0=	2016-04-27 14:31:25.774625+05:30
bgo5jl5ohaps0jtihs2sgz0c2znmulgr	MjNjOWNhYzIwMmZiMDhjYzZmZTk2NmQxYmVkOTgwYjRkNmIyZjA4YTp7Il9hdXRoX3VzZXJfaGFzaCI6Ijg2ZjBjZWM0NDllZGEyMzYwNTcxMGNhYTcwNDJiM2E2NmY3YzBjNGUiLCJfYXV0aF91c2VyX2JhY2tlbmQiOiJkamFuZ28uY29udHJpYi5hdXRoLmJhY2tlbmRzLk1vZGVsQmFja2VuZCIsIl9hdXRoX3VzZXJfaWQiOiI2In0=	2016-04-27 14:31:32.797618+05:30
22y0hvd8fo58e0eqhlchggdxvcdichgt	NDY3MDQ4MzRlOWNjNWUyYWE5ODFmNDQ5ZjdmOTE0NWViOWU1MjI3Nzp7Il9hdXRoX3VzZXJfaGFzaCI6IjBlOWEwY2FlOWM4YTBiNjdhNWE3OWJkM2QyOGI3NzY5MWNhNTk5NTQiLCJfYXV0aF91c2VyX2lkIjoiNiIsIl9hdXRoX3VzZXJfYmFja2VuZCI6ImRqYW5nby5jb250cmliLmF1dGguYmFja2VuZHMuTW9kZWxCYWNrZW5kIn0=	2016-04-27 14:31:57.218826+05:30
i0zyui9v06fphbqtbnubteswefebz857	MmVlMTBhOTE1ZWE1ZTE0NzI0MTUxYWQ3Mzg5ODRlNGEwNmVlZGY2ZTp7Il9hdXRoX3VzZXJfaGFzaCI6IjBlOWEwY2FlOWM4YTBiNjdhNWE3OWJkM2QyOGI3NzY5MWNhNTk5NTQiLCJfYXV0aF91c2VyX2JhY2tlbmQiOiJkamFuZ28uY29udHJpYi5hdXRoLmJhY2tlbmRzLk1vZGVsQmFja2VuZCIsIl9hdXRoX3VzZXJfaWQiOiI2In0=	2016-04-27 14:32:04.961341+05:30
6zabn4zolvxv6fko4mev7ehd8ah9x1zk	OTJiOThhYWUwMjkzYjIzNTIzZTM5ZGQzNGM1NjhjNzE1YjI0YjE5Njp7Il9hdXRoX3VzZXJfaGFzaCI6ImNhYjY4MDk2YzMzZDY1ZmQ3YWEyOWEyM2Q5YzYzYjY1MWRkZDhhMjgiLCJfYXV0aF91c2VyX2lkIjoiNiIsIl9hdXRoX3VzZXJfYmFja2VuZCI6ImRqYW5nby5jb250cmliLmF1dGguYmFja2VuZHMuTW9kZWxCYWNrZW5kIn0=	2016-04-27 14:33:12.689621+05:30
pb3wgi53g1xk7c0ecyamwwrcfizeddoa	ZjJkOWE4N2QwY2U4NjU3YmVlYTc1Y2ViMDc0ZjEzMTViMGQwYTQ0ODp7Il9hdXRoX3VzZXJfaGFzaCI6ImNhYjY4MDk2YzMzZDY1ZmQ3YWEyOWEyM2Q5YzYzYjY1MWRkZDhhMjgiLCJfYXV0aF91c2VyX2JhY2tlbmQiOiJkamFuZ28uY29udHJpYi5hdXRoLmJhY2tlbmRzLk1vZGVsQmFja2VuZCIsIl9hdXRoX3VzZXJfaWQiOiI2In0=	2016-04-27 14:33:20.172642+05:30
4try1vzs09x6niltkx72bzabtbqe75sq	NGFiMzA0NzU4Yjk4YWE0ZGU4ZTdhNzY4YjkwMTI3MDUyNDhmZDQyZTp7Il9hdXRoX3VzZXJfaGFzaCI6ImE5Yjk2OTI5NjBkMmRlNDk4MTE5OTczYjQzYmY2NzI0YTA3MTZiMWUiLCJfYXV0aF91c2VyX2lkIjoiNiIsIl9hdXRoX3VzZXJfYmFja2VuZCI6ImRqYW5nby5jb250cmliLmF1dGguYmFja2VuZHMuTW9kZWxCYWNrZW5kIn0=	2016-04-27 14:34:12.431328+05:30
3iyepao1bfk5ixbgvhhsza5g6mim00oa	M2MwMGUzNGU3NTllMWVhM2E3ZWE2MTU3NTM0ZjYyNTAzZjQ3YTcwZTp7Il9hdXRoX3VzZXJfaGFzaCI6ImE5Yjk2OTI5NjBkMmRlNDk4MTE5OTczYjQzYmY2NzI0YTA3MTZiMWUiLCJfYXV0aF91c2VyX2JhY2tlbmQiOiJkamFuZ28uY29udHJpYi5hdXRoLmJhY2tlbmRzLk1vZGVsQmFja2VuZCIsIl9hdXRoX3VzZXJfaWQiOiI2In0=	2016-04-27 14:34:19.493983+05:30
3qfrv3n7pw4cnpw6n619j09vs9hxzp3c	ZjEzN2M3OWFmNTlkZDQ1MjRkMGQxOGYzNjFiYWIwNWFmMDRmY2IyODp7fQ==	2016-04-27 14:34:25.572985+05:30
dqmm8y4h16c6mgtzuodu64nsjlnzzta4	NGFiMzA0NzU4Yjk4YWE0ZGU4ZTdhNzY4YjkwMTI3MDUyNDhmZDQyZTp7Il9hdXRoX3VzZXJfaGFzaCI6ImE5Yjk2OTI5NjBkMmRlNDk4MTE5OTczYjQzYmY2NzI0YTA3MTZiMWUiLCJfYXV0aF91c2VyX2lkIjoiNiIsIl9hdXRoX3VzZXJfYmFja2VuZCI6ImRqYW5nby5jb250cmliLmF1dGguYmFja2VuZHMuTW9kZWxCYWNrZW5kIn0=	2016-04-27 14:37:05.419618+05:30
h9k0nrj7k6b8ekzxph9gxybaehh3i52b	M2MwMGUzNGU3NTllMWVhM2E3ZWE2MTU3NTM0ZjYyNTAzZjQ3YTcwZTp7Il9hdXRoX3VzZXJfaGFzaCI6ImE5Yjk2OTI5NjBkMmRlNDk4MTE5OTczYjQzYmY2NzI0YTA3MTZiMWUiLCJfYXV0aF91c2VyX2JhY2tlbmQiOiJkamFuZ28uY29udHJpYi5hdXRoLmJhY2tlbmRzLk1vZGVsQmFja2VuZCIsIl9hdXRoX3VzZXJfaWQiOiI2In0=	2016-04-27 14:39:53.445755+05:30
9tfmq7yporrb4xg4d6lqlqa7919j9kue	M2MwMGUzNGU3NTllMWVhM2E3ZWE2MTU3NTM0ZjYyNTAzZjQ3YTcwZTp7Il9hdXRoX3VzZXJfaGFzaCI6ImE5Yjk2OTI5NjBkMmRlNDk4MTE5OTczYjQzYmY2NzI0YTA3MTZiMWUiLCJfYXV0aF91c2VyX2JhY2tlbmQiOiJkamFuZ28uY29udHJpYi5hdXRoLmJhY2tlbmRzLk1vZGVsQmFja2VuZCIsIl9hdXRoX3VzZXJfaWQiOiI2In0=	2016-04-27 14:40:02.517382+05:30
77tijpn82alqr8r8dgq159zr217rndwl	M2MwMGUzNGU3NTllMWVhM2E3ZWE2MTU3NTM0ZjYyNTAzZjQ3YTcwZTp7Il9hdXRoX3VzZXJfaGFzaCI6ImE5Yjk2OTI5NjBkMmRlNDk4MTE5OTczYjQzYmY2NzI0YTA3MTZiMWUiLCJfYXV0aF91c2VyX2JhY2tlbmQiOiJkamFuZ28uY29udHJpYi5hdXRoLmJhY2tlbmRzLk1vZGVsQmFja2VuZCIsIl9hdXRoX3VzZXJfaWQiOiI2In0=	2016-04-27 14:49:06.677341+05:30
dbxk8fhol1cnqfc8bmij3wwtnu7elvpy	M2MwMGUzNGU3NTllMWVhM2E3ZWE2MTU3NTM0ZjYyNTAzZjQ3YTcwZTp7Il9hdXRoX3VzZXJfaGFzaCI6ImE5Yjk2OTI5NjBkMmRlNDk4MTE5OTczYjQzYmY2NzI0YTA3MTZiMWUiLCJfYXV0aF91c2VyX2JhY2tlbmQiOiJkamFuZ28uY29udHJpYi5hdXRoLmJhY2tlbmRzLk1vZGVsQmFja2VuZCIsIl9hdXRoX3VzZXJfaWQiOiI2In0=	2016-04-27 14:49:18.890447+05:30
s5chwpv63e7ex97pz8g6j6ziwmw658dw	M2MwMGUzNGU3NTllMWVhM2E3ZWE2MTU3NTM0ZjYyNTAzZjQ3YTcwZTp7Il9hdXRoX3VzZXJfaGFzaCI6ImE5Yjk2OTI5NjBkMmRlNDk4MTE5OTczYjQzYmY2NzI0YTA3MTZiMWUiLCJfYXV0aF91c2VyX2JhY2tlbmQiOiJkamFuZ28uY29udHJpYi5hdXRoLmJhY2tlbmRzLk1vZGVsQmFja2VuZCIsIl9hdXRoX3VzZXJfaWQiOiI2In0=	2016-04-27 14:50:51.613333+05:30
k24zg8k01aeon8eqj5oouriy5z1lf5lc	M2MwMGUzNGU3NTllMWVhM2E3ZWE2MTU3NTM0ZjYyNTAzZjQ3YTcwZTp7Il9hdXRoX3VzZXJfaGFzaCI6ImE5Yjk2OTI5NjBkMmRlNDk4MTE5OTczYjQzYmY2NzI0YTA3MTZiMWUiLCJfYXV0aF91c2VyX2JhY2tlbmQiOiJkamFuZ28uY29udHJpYi5hdXRoLmJhY2tlbmRzLk1vZGVsQmFja2VuZCIsIl9hdXRoX3VzZXJfaWQiOiI2In0=	2016-04-27 14:51:35.317965+05:30
bn2gauyv7elwlro6jtmobobb9anig0c8	M2MwMGUzNGU3NTllMWVhM2E3ZWE2MTU3NTM0ZjYyNTAzZjQ3YTcwZTp7Il9hdXRoX3VzZXJfaGFzaCI6ImE5Yjk2OTI5NjBkMmRlNDk4MTE5OTczYjQzYmY2NzI0YTA3MTZiMWUiLCJfYXV0aF91c2VyX2JhY2tlbmQiOiJkamFuZ28uY29udHJpYi5hdXRoLmJhY2tlbmRzLk1vZGVsQmFja2VuZCIsIl9hdXRoX3VzZXJfaWQiOiI2In0=	2016-04-27 14:52:20.511045+05:30
c0htgqoaxgwp8q1j452c629gi875rk6u	ZjEzN2M3OWFmNTlkZDQ1MjRkMGQxOGYzNjFiYWIwNWFmMDRmY2IyODp7fQ==	2016-04-27 14:52:25.779471+05:30
29em01s3x0ejfsqgqmckwq9pr7fhmaam	M2MwMGUzNGU3NTllMWVhM2E3ZWE2MTU3NTM0ZjYyNTAzZjQ3YTcwZTp7Il9hdXRoX3VzZXJfaGFzaCI6ImE5Yjk2OTI5NjBkMmRlNDk4MTE5OTczYjQzYmY2NzI0YTA3MTZiMWUiLCJfYXV0aF91c2VyX2JhY2tlbmQiOiJkamFuZ28uY29udHJpYi5hdXRoLmJhY2tlbmRzLk1vZGVsQmFja2VuZCIsIl9hdXRoX3VzZXJfaWQiOiI2In0=	2016-04-27 14:53:23.356724+05:30
cr5ymhrn8m16mctx2kq3zbg9j3d57ttt	ZjEzN2M3OWFmNTlkZDQ1MjRkMGQxOGYzNjFiYWIwNWFmMDRmY2IyODp7fQ==	2016-04-27 14:53:28.753157+05:30
r2p2tik4fmigfvktzgq37sfozhnyaegq	M2MwMGUzNGU3NTllMWVhM2E3ZWE2MTU3NTM0ZjYyNTAzZjQ3YTcwZTp7Il9hdXRoX3VzZXJfaGFzaCI6ImE5Yjk2OTI5NjBkMmRlNDk4MTE5OTczYjQzYmY2NzI0YTA3MTZiMWUiLCJfYXV0aF91c2VyX2JhY2tlbmQiOiJkamFuZ28uY29udHJpYi5hdXRoLmJhY2tlbmRzLk1vZGVsQmFja2VuZCIsIl9hdXRoX3VzZXJfaWQiOiI2In0=	2016-04-27 14:53:50.476211+05:30
8n88t5msta2t51cwy2xiusx1wtnzfdkp	ZjEzN2M3OWFmNTlkZDQ1MjRkMGQxOGYzNjFiYWIwNWFmMDRmY2IyODp7fQ==	2016-04-27 14:53:55.801581+05:30
xmcrtd8mvijxa7s8412ci6um6y15rssy	M2MwMGUzNGU3NTllMWVhM2E3ZWE2MTU3NTM0ZjYyNTAzZjQ3YTcwZTp7Il9hdXRoX3VzZXJfaGFzaCI6ImE5Yjk2OTI5NjBkMmRlNDk4MTE5OTczYjQzYmY2NzI0YTA3MTZiMWUiLCJfYXV0aF91c2VyX2JhY2tlbmQiOiJkamFuZ28uY29udHJpYi5hdXRoLmJhY2tlbmRzLk1vZGVsQmFja2VuZCIsIl9hdXRoX3VzZXJfaWQiOiI2In0=	2016-04-27 14:55:44.038931+05:30
xex0x89cgdh9rmgvo2l69qkfxzn3l2ae	ZjEzN2M3OWFmNTlkZDQ1MjRkMGQxOGYzNjFiYWIwNWFmMDRmY2IyODp7fQ==	2016-04-27 14:55:48.965833+05:30
3pnyyoh9113t3kjo9ggbgy3cu3qsn4sp	YmQxOGVlYTdlOTM3YWUyZDVlNmFkNjZmZmRiN2YwYWEyMzg1MGM4ODp7Il9hdXRoX3VzZXJfaGFzaCI6IjQ2ZjExNWU1YTg5Y2ZiZmVmZWVhYjk4OWQzYTljNTUzOTNlY2I2ZTgiLCJfYXV0aF91c2VyX2JhY2tlbmQiOiJkamFuZ28uY29udHJpYi5hdXRoLmJhY2tlbmRzLk1vZGVsQmFja2VuZCIsIl9hdXRoX3VzZXJfaWQiOiIyIn0=	2016-04-27 14:56:41.263834+05:30
yka4c83afhhk7aihlooqp3ovfa54flwk	M2MwMGUzNGU3NTllMWVhM2E3ZWE2MTU3NTM0ZjYyNTAzZjQ3YTcwZTp7Il9hdXRoX3VzZXJfaGFzaCI6ImE5Yjk2OTI5NjBkMmRlNDk4MTE5OTczYjQzYmY2NzI0YTA3MTZiMWUiLCJfYXV0aF91c2VyX2JhY2tlbmQiOiJkamFuZ28uY29udHJpYi5hdXRoLmJhY2tlbmRzLk1vZGVsQmFja2VuZCIsIl9hdXRoX3VzZXJfaWQiOiI2In0=	2016-04-27 14:58:44.364438+05:30
ce698eyzir8mebxn6takuidakw834hrj	ZjEzN2M3OWFmNTlkZDQ1MjRkMGQxOGYzNjFiYWIwNWFmMDRmY2IyODp7fQ==	2016-04-27 14:58:49.483005+05:30
0dqkryyp7d0rkimuycm5gzhyyhsepz0w	YmQxOGVlYTdlOTM3YWUyZDVlNmFkNjZmZmRiN2YwYWEyMzg1MGM4ODp7Il9hdXRoX3VzZXJfaGFzaCI6IjQ2ZjExNWU1YTg5Y2ZiZmVmZWVhYjk4OWQzYTljNTUzOTNlY2I2ZTgiLCJfYXV0aF91c2VyX2JhY2tlbmQiOiJkamFuZ28uY29udHJpYi5hdXRoLmJhY2tlbmRzLk1vZGVsQmFja2VuZCIsIl9hdXRoX3VzZXJfaWQiOiIyIn0=	2016-04-27 14:59:02.728816+05:30
c1asrk6d4tm1w0jcwcpk00edpjzkuvk5	M2MwMGUzNGU3NTllMWVhM2E3ZWE2MTU3NTM0ZjYyNTAzZjQ3YTcwZTp7Il9hdXRoX3VzZXJfaGFzaCI6ImE5Yjk2OTI5NjBkMmRlNDk4MTE5OTczYjQzYmY2NzI0YTA3MTZiMWUiLCJfYXV0aF91c2VyX2JhY2tlbmQiOiJkamFuZ28uY29udHJpYi5hdXRoLmJhY2tlbmRzLk1vZGVsQmFja2VuZCIsIl9hdXRoX3VzZXJfaWQiOiI2In0=	2016-04-27 14:59:12.474258+05:30
77cga5d1adwh4rxcyi4flc62r98pgc93	ZjEzN2M3OWFmNTlkZDQ1MjRkMGQxOGYzNjFiYWIwNWFmMDRmY2IyODp7fQ==	2016-04-27 14:59:22.2214+05:30
bfr9cjipf1rjd47lto8d6xiq1wgef6nz	YmQxOGVlYTdlOTM3YWUyZDVlNmFkNjZmZmRiN2YwYWEyMzg1MGM4ODp7Il9hdXRoX3VzZXJfaGFzaCI6IjQ2ZjExNWU1YTg5Y2ZiZmVmZWVhYjk4OWQzYTljNTUzOTNlY2I2ZTgiLCJfYXV0aF91c2VyX2JhY2tlbmQiOiJkamFuZ28uY29udHJpYi5hdXRoLmJhY2tlbmRzLk1vZGVsQmFja2VuZCIsIl9hdXRoX3VzZXJfaWQiOiIyIn0=	2016-04-27 15:01:31.877772+05:30
157a8cksupnluqyut6bn54omznmdlp91	YmQxOGVlYTdlOTM3YWUyZDVlNmFkNjZmZmRiN2YwYWEyMzg1MGM4ODp7Il9hdXRoX3VzZXJfaGFzaCI6IjQ2ZjExNWU1YTg5Y2ZiZmVmZWVhYjk4OWQzYTljNTUzOTNlY2I2ZTgiLCJfYXV0aF91c2VyX2JhY2tlbmQiOiJkamFuZ28uY29udHJpYi5hdXRoLmJhY2tlbmRzLk1vZGVsQmFja2VuZCIsIl9hdXRoX3VzZXJfaWQiOiIyIn0=	2016-04-27 15:02:31.118589+05:30
ohi09kgmk9lfa3e8tmlflxvjhifvyvae	YmQxOGVlYTdlOTM3YWUyZDVlNmFkNjZmZmRiN2YwYWEyMzg1MGM4ODp7Il9hdXRoX3VzZXJfaGFzaCI6IjQ2ZjExNWU1YTg5Y2ZiZmVmZWVhYjk4OWQzYTljNTUzOTNlY2I2ZTgiLCJfYXV0aF91c2VyX2JhY2tlbmQiOiJkamFuZ28uY29udHJpYi5hdXRoLmJhY2tlbmRzLk1vZGVsQmFja2VuZCIsIl9hdXRoX3VzZXJfaWQiOiIyIn0=	2016-04-27 15:05:29.055283+05:30
3wzuycx486pfjn4m1mmwaauewo7cga1a	M2MwMGUzNGU3NTllMWVhM2E3ZWE2MTU3NTM0ZjYyNTAzZjQ3YTcwZTp7Il9hdXRoX3VzZXJfaGFzaCI6ImE5Yjk2OTI5NjBkMmRlNDk4MTE5OTczYjQzYmY2NzI0YTA3MTZiMWUiLCJfYXV0aF91c2VyX2JhY2tlbmQiOiJkamFuZ28uY29udHJpYi5hdXRoLmJhY2tlbmRzLk1vZGVsQmFja2VuZCIsIl9hdXRoX3VzZXJfaWQiOiI2In0=	2016-04-27 15:05:33.273989+05:30
1xpivl64wp5uhxhy2tsbpwac9yexhxmg	YmQxOGVlYTdlOTM3YWUyZDVlNmFkNjZmZmRiN2YwYWEyMzg1MGM4ODp7Il9hdXRoX3VzZXJfaGFzaCI6IjQ2ZjExNWU1YTg5Y2ZiZmVmZWVhYjk4OWQzYTljNTUzOTNlY2I2ZTgiLCJfYXV0aF91c2VyX2JhY2tlbmQiOiJkamFuZ28uY29udHJpYi5hdXRoLmJhY2tlbmRzLk1vZGVsQmFja2VuZCIsIl9hdXRoX3VzZXJfaWQiOiIyIn0=	2016-04-27 15:05:55.814237+05:30
etez3ydx1xlg1cidxp8b0x2x6ml6gd6f	YmQxOGVlYTdlOTM3YWUyZDVlNmFkNjZmZmRiN2YwYWEyMzg1MGM4ODp7Il9hdXRoX3VzZXJfaGFzaCI6IjQ2ZjExNWU1YTg5Y2ZiZmVmZWVhYjk4OWQzYTljNTUzOTNlY2I2ZTgiLCJfYXV0aF91c2VyX2JhY2tlbmQiOiJkamFuZ28uY29udHJpYi5hdXRoLmJhY2tlbmRzLk1vZGVsQmFja2VuZCIsIl9hdXRoX3VzZXJfaWQiOiIyIn0=	2016-04-27 15:06:24.85349+05:30
usl3a4evqzh05nm1h0nn7dgi65n1k4gb	M2MwMGUzNGU3NTllMWVhM2E3ZWE2MTU3NTM0ZjYyNTAzZjQ3YTcwZTp7Il9hdXRoX3VzZXJfaGFzaCI6ImE5Yjk2OTI5NjBkMmRlNDk4MTE5OTczYjQzYmY2NzI0YTA3MTZiMWUiLCJfYXV0aF91c2VyX2JhY2tlbmQiOiJkamFuZ28uY29udHJpYi5hdXRoLmJhY2tlbmRzLk1vZGVsQmFja2VuZCIsIl9hdXRoX3VzZXJfaWQiOiI2In0=	2016-04-27 15:06:36.121584+05:30
vmdbt8jp6u0juj371nbmzemunzpdl27o	M2MwMGUzNGU3NTllMWVhM2E3ZWE2MTU3NTM0ZjYyNTAzZjQ3YTcwZTp7Il9hdXRoX3VzZXJfaGFzaCI6ImE5Yjk2OTI5NjBkMmRlNDk4MTE5OTczYjQzYmY2NzI0YTA3MTZiMWUiLCJfYXV0aF91c2VyX2JhY2tlbmQiOiJkamFuZ28uY29udHJpYi5hdXRoLmJhY2tlbmRzLk1vZGVsQmFja2VuZCIsIl9hdXRoX3VzZXJfaWQiOiI2In0=	2016-04-27 15:07:04.818797+05:30
18hcmhepca55qbml1dzseab4qsqi1p43	ZjEzN2M3OWFmNTlkZDQ1MjRkMGQxOGYzNjFiYWIwNWFmMDRmY2IyODp7fQ==	2016-04-27 15:07:08.757556+05:30
xm9o6l340t6nvwwgfdrf6yhi51dajzpw	YmQxOGVlYTdlOTM3YWUyZDVlNmFkNjZmZmRiN2YwYWEyMzg1MGM4ODp7Il9hdXRoX3VzZXJfaGFzaCI6IjQ2ZjExNWU1YTg5Y2ZiZmVmZWVhYjk4OWQzYTljNTUzOTNlY2I2ZTgiLCJfYXV0aF91c2VyX2JhY2tlbmQiOiJkamFuZ28uY29udHJpYi5hdXRoLmJhY2tlbmRzLk1vZGVsQmFja2VuZCIsIl9hdXRoX3VzZXJfaWQiOiIyIn0=	2016-04-27 15:17:28.844607+05:30
k9yxu7up2och613fi9k0sdnc6zyqn4pj	YmQxOGVlYTdlOTM3YWUyZDVlNmFkNjZmZmRiN2YwYWEyMzg1MGM4ODp7Il9hdXRoX3VzZXJfaGFzaCI6IjQ2ZjExNWU1YTg5Y2ZiZmVmZWVhYjk4OWQzYTljNTUzOTNlY2I2ZTgiLCJfYXV0aF91c2VyX2JhY2tlbmQiOiJkamFuZ28uY29udHJpYi5hdXRoLmJhY2tlbmRzLk1vZGVsQmFja2VuZCIsIl9hdXRoX3VzZXJfaWQiOiIyIn0=	2016-04-27 15:18:46.400301+05:30
atkw7oqhctvbe1kw4pbl254oj84d02et	ZjEzN2M3OWFmNTlkZDQ1MjRkMGQxOGYzNjFiYWIwNWFmMDRmY2IyODp7fQ==	2016-04-27 15:19:06.319437+05:30
t6a4ippaph0mit58hdr2yxtq72cjkwhj	ZjEzN2M3OWFmNTlkZDQ1MjRkMGQxOGYzNjFiYWIwNWFmMDRmY2IyODp7fQ==	2016-04-27 15:19:44.02216+05:30
yeb58c7xrc111y7id326a1es0qzld0z2	M2MwMGUzNGU3NTllMWVhM2E3ZWE2MTU3NTM0ZjYyNTAzZjQ3YTcwZTp7Il9hdXRoX3VzZXJfaGFzaCI6ImE5Yjk2OTI5NjBkMmRlNDk4MTE5OTczYjQzYmY2NzI0YTA3MTZiMWUiLCJfYXV0aF91c2VyX2JhY2tlbmQiOiJkamFuZ28uY29udHJpYi5hdXRoLmJhY2tlbmRzLk1vZGVsQmFja2VuZCIsIl9hdXRoX3VzZXJfaWQiOiI2In0=	2016-04-27 15:27:46.92727+05:30
gnqduivhoefhg4qk6sxathd1q6evxmp4	ZjEzN2M3OWFmNTlkZDQ1MjRkMGQxOGYzNjFiYWIwNWFmMDRmY2IyODp7fQ==	2016-04-27 15:27:52.075825+05:30
tqf9dv7aoytnbac2xg9udosv7kztoi1d	M2MwMGUzNGU3NTllMWVhM2E3ZWE2MTU3NTM0ZjYyNTAzZjQ3YTcwZTp7Il9hdXRoX3VzZXJfaGFzaCI6ImE5Yjk2OTI5NjBkMmRlNDk4MTE5OTczYjQzYmY2NzI0YTA3MTZiMWUiLCJfYXV0aF91c2VyX2JhY2tlbmQiOiJkamFuZ28uY29udHJpYi5hdXRoLmJhY2tlbmRzLk1vZGVsQmFja2VuZCIsIl9hdXRoX3VzZXJfaWQiOiI2In0=	2016-04-27 15:32:05.181411+05:30
083gtsnzdd0o59ae43zsyivmtzrqggnz	ZjEzN2M3OWFmNTlkZDQ1MjRkMGQxOGYzNjFiYWIwNWFmMDRmY2IyODp7fQ==	2016-04-27 15:32:09.951555+05:30
wyaz43gu0zkj2k5fytdk18kpjnrtwwxt	YmQxOGVlYTdlOTM3YWUyZDVlNmFkNjZmZmRiN2YwYWEyMzg1MGM4ODp7Il9hdXRoX3VzZXJfaGFzaCI6IjQ2ZjExNWU1YTg5Y2ZiZmVmZWVhYjk4OWQzYTljNTUzOTNlY2I2ZTgiLCJfYXV0aF91c2VyX2JhY2tlbmQiOiJkamFuZ28uY29udHJpYi5hdXRoLmJhY2tlbmRzLk1vZGVsQmFja2VuZCIsIl9hdXRoX3VzZXJfaWQiOiIyIn0=	2016-04-27 15:33:39.217198+05:30
h3m6otqj3t53enseqprd83ebvzl2cnc3	M2MwMGUzNGU3NTllMWVhM2E3ZWE2MTU3NTM0ZjYyNTAzZjQ3YTcwZTp7Il9hdXRoX3VzZXJfaGFzaCI6ImE5Yjk2OTI5NjBkMmRlNDk4MTE5OTczYjQzYmY2NzI0YTA3MTZiMWUiLCJfYXV0aF91c2VyX2JhY2tlbmQiOiJkamFuZ28uY29udHJpYi5hdXRoLmJhY2tlbmRzLk1vZGVsQmFja2VuZCIsIl9hdXRoX3VzZXJfaWQiOiI2In0=	2016-04-27 15:34:20.183885+05:30
abm3vr2lzshxulx0f9k48kh3g6luuknq	ZjEzN2M3OWFmNTlkZDQ1MjRkMGQxOGYzNjFiYWIwNWFmMDRmY2IyODp7fQ==	2016-04-27 15:34:25.138113+05:30
amevr0sf6jrw43gijjxlfv6f48ycae0b	M2MwMGUzNGU3NTllMWVhM2E3ZWE2MTU3NTM0ZjYyNTAzZjQ3YTcwZTp7Il9hdXRoX3VzZXJfaGFzaCI6ImE5Yjk2OTI5NjBkMmRlNDk4MTE5OTczYjQzYmY2NzI0YTA3MTZiMWUiLCJfYXV0aF91c2VyX2JhY2tlbmQiOiJkamFuZ28uY29udHJpYi5hdXRoLmJhY2tlbmRzLk1vZGVsQmFja2VuZCIsIl9hdXRoX3VzZXJfaWQiOiI2In0=	2016-04-27 15:38:40.840498+05:30
p1md92z2f2kmgfiv03nov2shag8dd40g	ZjEzN2M3OWFmNTlkZDQ1MjRkMGQxOGYzNjFiYWIwNWFmMDRmY2IyODp7fQ==	2016-04-27 15:38:45.96759+05:30
gj9nxh5z10ixrfdg9l63cqrzyxgqqxv3	YmQxOGVlYTdlOTM3YWUyZDVlNmFkNjZmZmRiN2YwYWEyMzg1MGM4ODp7Il9hdXRoX3VzZXJfaGFzaCI6IjQ2ZjExNWU1YTg5Y2ZiZmVmZWVhYjk4OWQzYTljNTUzOTNlY2I2ZTgiLCJfYXV0aF91c2VyX2JhY2tlbmQiOiJkamFuZ28uY29udHJpYi5hdXRoLmJhY2tlbmRzLk1vZGVsQmFja2VuZCIsIl9hdXRoX3VzZXJfaWQiOiIyIn0=	2016-04-27 15:40:43.23866+05:30
mftwywt96b7uw0atd6pzdxom8sza3585	M2MwMGUzNGU3NTllMWVhM2E3ZWE2MTU3NTM0ZjYyNTAzZjQ3YTcwZTp7Il9hdXRoX3VzZXJfaGFzaCI6ImE5Yjk2OTI5NjBkMmRlNDk4MTE5OTczYjQzYmY2NzI0YTA3MTZiMWUiLCJfYXV0aF91c2VyX2JhY2tlbmQiOiJkamFuZ28uY29udHJpYi5hdXRoLmJhY2tlbmRzLk1vZGVsQmFja2VuZCIsIl9hdXRoX3VzZXJfaWQiOiI2In0=	2016-04-27 15:41:07.665251+05:30
nimqeia7g732it7xlz8a21wpbig2963t	ZjEzN2M3OWFmNTlkZDQ1MjRkMGQxOGYzNjFiYWIwNWFmMDRmY2IyODp7fQ==	2016-04-27 15:41:13.144215+05:30
m00d5l068yxrrz0z865jrklwo9z0073o	YmQxOGVlYTdlOTM3YWUyZDVlNmFkNjZmZmRiN2YwYWEyMzg1MGM4ODp7Il9hdXRoX3VzZXJfaGFzaCI6IjQ2ZjExNWU1YTg5Y2ZiZmVmZWVhYjk4OWQzYTljNTUzOTNlY2I2ZTgiLCJfYXV0aF91c2VyX2JhY2tlbmQiOiJkamFuZ28uY29udHJpYi5hdXRoLmJhY2tlbmRzLk1vZGVsQmFja2VuZCIsIl9hdXRoX3VzZXJfaWQiOiIyIn0=	2016-04-27 15:41:14.396709+05:30
hs44egz79bva8u4y1q5sbfm8xoifwnop	M2MwMGUzNGU3NTllMWVhM2E3ZWE2MTU3NTM0ZjYyNTAzZjQ3YTcwZTp7Il9hdXRoX3VzZXJfaGFzaCI6ImE5Yjk2OTI5NjBkMmRlNDk4MTE5OTczYjQzYmY2NzI0YTA3MTZiMWUiLCJfYXV0aF91c2VyX2JhY2tlbmQiOiJkamFuZ28uY29udHJpYi5hdXRoLmJhY2tlbmRzLk1vZGVsQmFja2VuZCIsIl9hdXRoX3VzZXJfaWQiOiI2In0=	2016-04-27 15:42:28.943678+05:30
mg511assijmwbljl49o4nai1gnbe1va8	ZjEzN2M3OWFmNTlkZDQ1MjRkMGQxOGYzNjFiYWIwNWFmMDRmY2IyODp7fQ==	2016-04-27 15:42:34.08086+05:30
752sfqkvmi20yl2s20g6otfryn5ikzi6	YmQxOGVlYTdlOTM3YWUyZDVlNmFkNjZmZmRiN2YwYWEyMzg1MGM4ODp7Il9hdXRoX3VzZXJfaGFzaCI6IjQ2ZjExNWU1YTg5Y2ZiZmVmZWVhYjk4OWQzYTljNTUzOTNlY2I2ZTgiLCJfYXV0aF91c2VyX2JhY2tlbmQiOiJkamFuZ28uY29udHJpYi5hdXRoLmJhY2tlbmRzLk1vZGVsQmFja2VuZCIsIl9hdXRoX3VzZXJfaWQiOiIyIn0=	2016-04-27 15:42:46.177237+05:30
r8d40l8b58nhosli5s2xbk7qb18up2cb	M2MwMGUzNGU3NTllMWVhM2E3ZWE2MTU3NTM0ZjYyNTAzZjQ3YTcwZTp7Il9hdXRoX3VzZXJfaGFzaCI6ImE5Yjk2OTI5NjBkMmRlNDk4MTE5OTczYjQzYmY2NzI0YTA3MTZiMWUiLCJfYXV0aF91c2VyX2JhY2tlbmQiOiJkamFuZ28uY29udHJpYi5hdXRoLmJhY2tlbmRzLk1vZGVsQmFja2VuZCIsIl9hdXRoX3VzZXJfaWQiOiI2In0=	2016-04-27 15:44:26.63133+05:30
urtz457wy24hsfstrh70x2qs66251hl1	ZjEzN2M3OWFmNTlkZDQ1MjRkMGQxOGYzNjFiYWIwNWFmMDRmY2IyODp7fQ==	2016-04-27 15:44:31.798509+05:30
a4sja4g18cw166hcocl9mhl4wamzud7d	M2MwMGUzNGU3NTllMWVhM2E3ZWE2MTU3NTM0ZjYyNTAzZjQ3YTcwZTp7Il9hdXRoX3VzZXJfaGFzaCI6ImE5Yjk2OTI5NjBkMmRlNDk4MTE5OTczYjQzYmY2NzI0YTA3MTZiMWUiLCJfYXV0aF91c2VyX2JhY2tlbmQiOiJkamFuZ28uY29udHJpYi5hdXRoLmJhY2tlbmRzLk1vZGVsQmFja2VuZCIsIl9hdXRoX3VzZXJfaWQiOiI2In0=	2016-04-27 15:45:36.668946+05:30
hggd4mrtu09zkqldaeekzbh3kys3oxrr	ZjEzN2M3OWFmNTlkZDQ1MjRkMGQxOGYzNjFiYWIwNWFmMDRmY2IyODp7fQ==	2016-04-27 15:45:41.609192+05:30
e7imutij05rfjiw0p9gp22rh6nilh6r5	ZjEzN2M3OWFmNTlkZDQ1MjRkMGQxOGYzNjFiYWIwNWFmMDRmY2IyODp7fQ==	2016-04-27 15:45:50.205063+05:30
opr3iplsdq7jpzlh5h406c62x0omdmel	YmQxOGVlYTdlOTM3YWUyZDVlNmFkNjZmZmRiN2YwYWEyMzg1MGM4ODp7Il9hdXRoX3VzZXJfaGFzaCI6IjQ2ZjExNWU1YTg5Y2ZiZmVmZWVhYjk4OWQzYTljNTUzOTNlY2I2ZTgiLCJfYXV0aF91c2VyX2JhY2tlbmQiOiJkamFuZ28uY29udHJpYi5hdXRoLmJhY2tlbmRzLk1vZGVsQmFja2VuZCIsIl9hdXRoX3VzZXJfaWQiOiIyIn0=	2016-04-27 15:48:43.537764+05:30
981l7oansd0iejf0od42dfu0y6iemgwo	YmQxOGVlYTdlOTM3YWUyZDVlNmFkNjZmZmRiN2YwYWEyMzg1MGM4ODp7Il9hdXRoX3VzZXJfaGFzaCI6IjQ2ZjExNWU1YTg5Y2ZiZmVmZWVhYjk4OWQzYTljNTUzOTNlY2I2ZTgiLCJfYXV0aF91c2VyX2JhY2tlbmQiOiJkamFuZ28uY29udHJpYi5hdXRoLmJhY2tlbmRzLk1vZGVsQmFja2VuZCIsIl9hdXRoX3VzZXJfaWQiOiIyIn0=	2016-04-27 15:49:06.8198+05:30
ev7nw0t388f8o5ol227p0p2zll6ivrbu	YmQxOGVlYTdlOTM3YWUyZDVlNmFkNjZmZmRiN2YwYWEyMzg1MGM4ODp7Il9hdXRoX3VzZXJfaGFzaCI6IjQ2ZjExNWU1YTg5Y2ZiZmVmZWVhYjk4OWQzYTljNTUzOTNlY2I2ZTgiLCJfYXV0aF91c2VyX2JhY2tlbmQiOiJkamFuZ28uY29udHJpYi5hdXRoLmJhY2tlbmRzLk1vZGVsQmFja2VuZCIsIl9hdXRoX3VzZXJfaWQiOiIyIn0=	2016-04-27 15:49:31.120793+05:30
bfxnyvmtpu63cwkwmrvbcnqzlse395t3	YmQxOGVlYTdlOTM3YWUyZDVlNmFkNjZmZmRiN2YwYWEyMzg1MGM4ODp7Il9hdXRoX3VzZXJfaGFzaCI6IjQ2ZjExNWU1YTg5Y2ZiZmVmZWVhYjk4OWQzYTljNTUzOTNlY2I2ZTgiLCJfYXV0aF91c2VyX2JhY2tlbmQiOiJkamFuZ28uY29udHJpYi5hdXRoLmJhY2tlbmRzLk1vZGVsQmFja2VuZCIsIl9hdXRoX3VzZXJfaWQiOiIyIn0=	2016-04-27 15:50:42.95423+05:30
nhw2p12y8sph1tgsfbwa6kaaz1fkscly	YmQxOGVlYTdlOTM3YWUyZDVlNmFkNjZmZmRiN2YwYWEyMzg1MGM4ODp7Il9hdXRoX3VzZXJfaGFzaCI6IjQ2ZjExNWU1YTg5Y2ZiZmVmZWVhYjk4OWQzYTljNTUzOTNlY2I2ZTgiLCJfYXV0aF91c2VyX2JhY2tlbmQiOiJkamFuZ28uY29udHJpYi5hdXRoLmJhY2tlbmRzLk1vZGVsQmFja2VuZCIsIl9hdXRoX3VzZXJfaWQiOiIyIn0=	2016-04-27 15:55:10.805113+05:30
akvb9c9yyuo555y8fueq1z9zxb5lbkoi	YmQxOGVlYTdlOTM3YWUyZDVlNmFkNjZmZmRiN2YwYWEyMzg1MGM4ODp7Il9hdXRoX3VzZXJfaGFzaCI6IjQ2ZjExNWU1YTg5Y2ZiZmVmZWVhYjk4OWQzYTljNTUzOTNlY2I2ZTgiLCJfYXV0aF91c2VyX2JhY2tlbmQiOiJkamFuZ28uY29udHJpYi5hdXRoLmJhY2tlbmRzLk1vZGVsQmFja2VuZCIsIl9hdXRoX3VzZXJfaWQiOiIyIn0=	2016-04-27 15:56:48.53074+05:30
pzaejj6is35cyhuggvkashw03og6oewo	YmQxOGVlYTdlOTM3YWUyZDVlNmFkNjZmZmRiN2YwYWEyMzg1MGM4ODp7Il9hdXRoX3VzZXJfaGFzaCI6IjQ2ZjExNWU1YTg5Y2ZiZmVmZWVhYjk4OWQzYTljNTUzOTNlY2I2ZTgiLCJfYXV0aF91c2VyX2JhY2tlbmQiOiJkamFuZ28uY29udHJpYi5hdXRoLmJhY2tlbmRzLk1vZGVsQmFja2VuZCIsIl9hdXRoX3VzZXJfaWQiOiIyIn0=	2016-04-27 15:57:29.294655+05:30
1qn3mql6p2byccuku0wilent4p736ht0	YmQxOGVlYTdlOTM3YWUyZDVlNmFkNjZmZmRiN2YwYWEyMzg1MGM4ODp7Il9hdXRoX3VzZXJfaGFzaCI6IjQ2ZjExNWU1YTg5Y2ZiZmVmZWVhYjk4OWQzYTljNTUzOTNlY2I2ZTgiLCJfYXV0aF91c2VyX2JhY2tlbmQiOiJkamFuZ28uY29udHJpYi5hdXRoLmJhY2tlbmRzLk1vZGVsQmFja2VuZCIsIl9hdXRoX3VzZXJfaWQiOiIyIn0=	2016-04-27 15:58:14.598775+05:30
99vtahhbalhwcfjamd32u2zbbkn4vzwt	YmQxOGVlYTdlOTM3YWUyZDVlNmFkNjZmZmRiN2YwYWEyMzg1MGM4ODp7Il9hdXRoX3VzZXJfaGFzaCI6IjQ2ZjExNWU1YTg5Y2ZiZmVmZWVhYjk4OWQzYTljNTUzOTNlY2I2ZTgiLCJfYXV0aF91c2VyX2JhY2tlbmQiOiJkamFuZ28uY29udHJpYi5hdXRoLmJhY2tlbmRzLk1vZGVsQmFja2VuZCIsIl9hdXRoX3VzZXJfaWQiOiIyIn0=	2016-04-27 16:03:33.900264+05:30
jh5cv2u5wo2syqvvahm5a31eifakvinw	YmQxOGVlYTdlOTM3YWUyZDVlNmFkNjZmZmRiN2YwYWEyMzg1MGM4ODp7Il9hdXRoX3VzZXJfaGFzaCI6IjQ2ZjExNWU1YTg5Y2ZiZmVmZWVhYjk4OWQzYTljNTUzOTNlY2I2ZTgiLCJfYXV0aF91c2VyX2JhY2tlbmQiOiJkamFuZ28uY29udHJpYi5hdXRoLmJhY2tlbmRzLk1vZGVsQmFja2VuZCIsIl9hdXRoX3VzZXJfaWQiOiIyIn0=	2016-04-27 16:07:50.623004+05:30
v51mupi2lani32evdxdnckl2wfqr2roc	YmQxOGVlYTdlOTM3YWUyZDVlNmFkNjZmZmRiN2YwYWEyMzg1MGM4ODp7Il9hdXRoX3VzZXJfaGFzaCI6IjQ2ZjExNWU1YTg5Y2ZiZmVmZWVhYjk4OWQzYTljNTUzOTNlY2I2ZTgiLCJfYXV0aF91c2VyX2JhY2tlbmQiOiJkamFuZ28uY29udHJpYi5hdXRoLmJhY2tlbmRzLk1vZGVsQmFja2VuZCIsIl9hdXRoX3VzZXJfaWQiOiIyIn0=	2016-04-27 16:08:32.553865+05:30
til8f0maq8dn3wkk17ve2jdksdpapuca	YmQxOGVlYTdlOTM3YWUyZDVlNmFkNjZmZmRiN2YwYWEyMzg1MGM4ODp7Il9hdXRoX3VzZXJfaGFzaCI6IjQ2ZjExNWU1YTg5Y2ZiZmVmZWVhYjk4OWQzYTljNTUzOTNlY2I2ZTgiLCJfYXV0aF91c2VyX2JhY2tlbmQiOiJkamFuZ28uY29udHJpYi5hdXRoLmJhY2tlbmRzLk1vZGVsQmFja2VuZCIsIl9hdXRoX3VzZXJfaWQiOiIyIn0=	2016-04-27 16:09:08.555969+05:30
ztz63xiv4p108dk2580951q9cdlc1y7l	YmQxOGVlYTdlOTM3YWUyZDVlNmFkNjZmZmRiN2YwYWEyMzg1MGM4ODp7Il9hdXRoX3VzZXJfaGFzaCI6IjQ2ZjExNWU1YTg5Y2ZiZmVmZWVhYjk4OWQzYTljNTUzOTNlY2I2ZTgiLCJfYXV0aF91c2VyX2JhY2tlbmQiOiJkamFuZ28uY29udHJpYi5hdXRoLmJhY2tlbmRzLk1vZGVsQmFja2VuZCIsIl9hdXRoX3VzZXJfaWQiOiIyIn0=	2016-04-27 16:10:36.196194+05:30
hwrzjoev8nh49jn8ludqycs6ei14u163	YmQxOGVlYTdlOTM3YWUyZDVlNmFkNjZmZmRiN2YwYWEyMzg1MGM4ODp7Il9hdXRoX3VzZXJfaGFzaCI6IjQ2ZjExNWU1YTg5Y2ZiZmVmZWVhYjk4OWQzYTljNTUzOTNlY2I2ZTgiLCJfYXV0aF91c2VyX2JhY2tlbmQiOiJkamFuZ28uY29udHJpYi5hdXRoLmJhY2tlbmRzLk1vZGVsQmFja2VuZCIsIl9hdXRoX3VzZXJfaWQiOiIyIn0=	2016-04-27 16:11:10.357753+05:30
sjbp11drse25ed9ofsjn543710cczey8	YmQxOGVlYTdlOTM3YWUyZDVlNmFkNjZmZmRiN2YwYWEyMzg1MGM4ODp7Il9hdXRoX3VzZXJfaGFzaCI6IjQ2ZjExNWU1YTg5Y2ZiZmVmZWVhYjk4OWQzYTljNTUzOTNlY2I2ZTgiLCJfYXV0aF91c2VyX2JhY2tlbmQiOiJkamFuZ28uY29udHJpYi5hdXRoLmJhY2tlbmRzLk1vZGVsQmFja2VuZCIsIl9hdXRoX3VzZXJfaWQiOiIyIn0=	2016-04-27 16:12:43.811051+05:30
4bzv40j2ktvdez5m3jsazkikz34may1n	YmQxOGVlYTdlOTM3YWUyZDVlNmFkNjZmZmRiN2YwYWEyMzg1MGM4ODp7Il9hdXRoX3VzZXJfaGFzaCI6IjQ2ZjExNWU1YTg5Y2ZiZmVmZWVhYjk4OWQzYTljNTUzOTNlY2I2ZTgiLCJfYXV0aF91c2VyX2JhY2tlbmQiOiJkamFuZ28uY29udHJpYi5hdXRoLmJhY2tlbmRzLk1vZGVsQmFja2VuZCIsIl9hdXRoX3VzZXJfaWQiOiIyIn0=	2016-04-27 16:13:33.181381+05:30
yzyb082hqdv05u87kxlel8gpffesht6u	YmQxOGVlYTdlOTM3YWUyZDVlNmFkNjZmZmRiN2YwYWEyMzg1MGM4ODp7Il9hdXRoX3VzZXJfaGFzaCI6IjQ2ZjExNWU1YTg5Y2ZiZmVmZWVhYjk4OWQzYTljNTUzOTNlY2I2ZTgiLCJfYXV0aF91c2VyX2JhY2tlbmQiOiJkamFuZ28uY29udHJpYi5hdXRoLmJhY2tlbmRzLk1vZGVsQmFja2VuZCIsIl9hdXRoX3VzZXJfaWQiOiIyIn0=	2016-04-27 16:19:47.950081+05:30
ivqyuuq3tqwjlnlca9d0bhh7pd3yp1lm	YmQxOGVlYTdlOTM3YWUyZDVlNmFkNjZmZmRiN2YwYWEyMzg1MGM4ODp7Il9hdXRoX3VzZXJfaGFzaCI6IjQ2ZjExNWU1YTg5Y2ZiZmVmZWVhYjk4OWQzYTljNTUzOTNlY2I2ZTgiLCJfYXV0aF91c2VyX2JhY2tlbmQiOiJkamFuZ28uY29udHJpYi5hdXRoLmJhY2tlbmRzLk1vZGVsQmFja2VuZCIsIl9hdXRoX3VzZXJfaWQiOiIyIn0=	2016-04-27 16:20:36.946744+05:30
1dw0j3fkjfy4tu1d1xsuzorcec4vki0k	YmQxOGVlYTdlOTM3YWUyZDVlNmFkNjZmZmRiN2YwYWEyMzg1MGM4ODp7Il9hdXRoX3VzZXJfaGFzaCI6IjQ2ZjExNWU1YTg5Y2ZiZmVmZWVhYjk4OWQzYTljNTUzOTNlY2I2ZTgiLCJfYXV0aF91c2VyX2JhY2tlbmQiOiJkamFuZ28uY29udHJpYi5hdXRoLmJhY2tlbmRzLk1vZGVsQmFja2VuZCIsIl9hdXRoX3VzZXJfaWQiOiIyIn0=	2016-04-27 16:21:00.22111+05:30
094dgbq5o15bv09bijojayacte6wc77w	YmQxOGVlYTdlOTM3YWUyZDVlNmFkNjZmZmRiN2YwYWEyMzg1MGM4ODp7Il9hdXRoX3VzZXJfaGFzaCI6IjQ2ZjExNWU1YTg5Y2ZiZmVmZWVhYjk4OWQzYTljNTUzOTNlY2I2ZTgiLCJfYXV0aF91c2VyX2JhY2tlbmQiOiJkamFuZ28uY29udHJpYi5hdXRoLmJhY2tlbmRzLk1vZGVsQmFja2VuZCIsIl9hdXRoX3VzZXJfaWQiOiIyIn0=	2016-04-27 16:26:11.544514+05:30
nazkxzydp3y6zssu7mykqb46dxtcmy2b	YmQxOGVlYTdlOTM3YWUyZDVlNmFkNjZmZmRiN2YwYWEyMzg1MGM4ODp7Il9hdXRoX3VzZXJfaGFzaCI6IjQ2ZjExNWU1YTg5Y2ZiZmVmZWVhYjk4OWQzYTljNTUzOTNlY2I2ZTgiLCJfYXV0aF91c2VyX2JhY2tlbmQiOiJkamFuZ28uY29udHJpYi5hdXRoLmJhY2tlbmRzLk1vZGVsQmFja2VuZCIsIl9hdXRoX3VzZXJfaWQiOiIyIn0=	2016-04-27 16:26:51.304041+05:30
a7p6oagzes4d693b3r6t73h6iwerq96s	YmQxOGVlYTdlOTM3YWUyZDVlNmFkNjZmZmRiN2YwYWEyMzg1MGM4ODp7Il9hdXRoX3VzZXJfaGFzaCI6IjQ2ZjExNWU1YTg5Y2ZiZmVmZWVhYjk4OWQzYTljNTUzOTNlY2I2ZTgiLCJfYXV0aF91c2VyX2JhY2tlbmQiOiJkamFuZ28uY29udHJpYi5hdXRoLmJhY2tlbmRzLk1vZGVsQmFja2VuZCIsIl9hdXRoX3VzZXJfaWQiOiIyIn0=	2016-04-27 16:29:01.324792+05:30
rfn9nxmf3cavua66zrkdenrq7ehbohdi	YmQxOGVlYTdlOTM3YWUyZDVlNmFkNjZmZmRiN2YwYWEyMzg1MGM4ODp7Il9hdXRoX3VzZXJfaGFzaCI6IjQ2ZjExNWU1YTg5Y2ZiZmVmZWVhYjk4OWQzYTljNTUzOTNlY2I2ZTgiLCJfYXV0aF91c2VyX2JhY2tlbmQiOiJkamFuZ28uY29udHJpYi5hdXRoLmJhY2tlbmRzLk1vZGVsQmFja2VuZCIsIl9hdXRoX3VzZXJfaWQiOiIyIn0=	2016-04-27 16:32:30.031707+05:30
l3szc2yzxtsi1jawydxhnb521607bjyc	YmQxOGVlYTdlOTM3YWUyZDVlNmFkNjZmZmRiN2YwYWEyMzg1MGM4ODp7Il9hdXRoX3VzZXJfaGFzaCI6IjQ2ZjExNWU1YTg5Y2ZiZmVmZWVhYjk4OWQzYTljNTUzOTNlY2I2ZTgiLCJfYXV0aF91c2VyX2JhY2tlbmQiOiJkamFuZ28uY29udHJpYi5hdXRoLmJhY2tlbmRzLk1vZGVsQmFja2VuZCIsIl9hdXRoX3VzZXJfaWQiOiIyIn0=	2016-04-27 16:33:05.703146+05:30
ykpzygbn47rj8dzp8aank03tmayxdhde	YmQxOGVlYTdlOTM3YWUyZDVlNmFkNjZmZmRiN2YwYWEyMzg1MGM4ODp7Il9hdXRoX3VzZXJfaGFzaCI6IjQ2ZjExNWU1YTg5Y2ZiZmVmZWVhYjk4OWQzYTljNTUzOTNlY2I2ZTgiLCJfYXV0aF91c2VyX2JhY2tlbmQiOiJkamFuZ28uY29udHJpYi5hdXRoLmJhY2tlbmRzLk1vZGVsQmFja2VuZCIsIl9hdXRoX3VzZXJfaWQiOiIyIn0=	2016-04-27 16:34:32.363531+05:30
40nzz1h27he83s6abqvn80g3sc387vke	YmQxOGVlYTdlOTM3YWUyZDVlNmFkNjZmZmRiN2YwYWEyMzg1MGM4ODp7Il9hdXRoX3VzZXJfaGFzaCI6IjQ2ZjExNWU1YTg5Y2ZiZmVmZWVhYjk4OWQzYTljNTUzOTNlY2I2ZTgiLCJfYXV0aF91c2VyX2JhY2tlbmQiOiJkamFuZ28uY29udHJpYi5hdXRoLmJhY2tlbmRzLk1vZGVsQmFja2VuZCIsIl9hdXRoX3VzZXJfaWQiOiIyIn0=	2016-04-27 16:36:55.850941+05:30
j3d94et07a9dxwjcpsk1r9va1jwkadc2	YmQxOGVlYTdlOTM3YWUyZDVlNmFkNjZmZmRiN2YwYWEyMzg1MGM4ODp7Il9hdXRoX3VzZXJfaGFzaCI6IjQ2ZjExNWU1YTg5Y2ZiZmVmZWVhYjk4OWQzYTljNTUzOTNlY2I2ZTgiLCJfYXV0aF91c2VyX2JhY2tlbmQiOiJkamFuZ28uY29udHJpYi5hdXRoLmJhY2tlbmRzLk1vZGVsQmFja2VuZCIsIl9hdXRoX3VzZXJfaWQiOiIyIn0=	2016-04-27 16:37:52.918435+05:30
4ka4tomibgcjx10ejo11h1lv66qrmjpo	YmQxOGVlYTdlOTM3YWUyZDVlNmFkNjZmZmRiN2YwYWEyMzg1MGM4ODp7Il9hdXRoX3VzZXJfaGFzaCI6IjQ2ZjExNWU1YTg5Y2ZiZmVmZWVhYjk4OWQzYTljNTUzOTNlY2I2ZTgiLCJfYXV0aF91c2VyX2JhY2tlbmQiOiJkamFuZ28uY29udHJpYi5hdXRoLmJhY2tlbmRzLk1vZGVsQmFja2VuZCIsIl9hdXRoX3VzZXJfaWQiOiIyIn0=	2016-04-27 16:39:33.503064+05:30
u5aihok6rlhff9z53ebrktsc4hu4lzoq	YmQxOGVlYTdlOTM3YWUyZDVlNmFkNjZmZmRiN2YwYWEyMzg1MGM4ODp7Il9hdXRoX3VzZXJfaGFzaCI6IjQ2ZjExNWU1YTg5Y2ZiZmVmZWVhYjk4OWQzYTljNTUzOTNlY2I2ZTgiLCJfYXV0aF91c2VyX2JhY2tlbmQiOiJkamFuZ28uY29udHJpYi5hdXRoLmJhY2tlbmRzLk1vZGVsQmFja2VuZCIsIl9hdXRoX3VzZXJfaWQiOiIyIn0=	2016-04-27 16:39:57.90995+05:30
wpb2wt0l5l9d95qht1psr7gorv98eewu	YmQxOGVlYTdlOTM3YWUyZDVlNmFkNjZmZmRiN2YwYWEyMzg1MGM4ODp7Il9hdXRoX3VzZXJfaGFzaCI6IjQ2ZjExNWU1YTg5Y2ZiZmVmZWVhYjk4OWQzYTljNTUzOTNlY2I2ZTgiLCJfYXV0aF91c2VyX2JhY2tlbmQiOiJkamFuZ28uY29udHJpYi5hdXRoLmJhY2tlbmRzLk1vZGVsQmFja2VuZCIsIl9hdXRoX3VzZXJfaWQiOiIyIn0=	2016-04-27 16:41:48.970842+05:30
0wqwe9zehl3rchpknbzh0zvsyaid6cp2	YmQxOGVlYTdlOTM3YWUyZDVlNmFkNjZmZmRiN2YwYWEyMzg1MGM4ODp7Il9hdXRoX3VzZXJfaGFzaCI6IjQ2ZjExNWU1YTg5Y2ZiZmVmZWVhYjk4OWQzYTljNTUzOTNlY2I2ZTgiLCJfYXV0aF91c2VyX2JhY2tlbmQiOiJkamFuZ28uY29udHJpYi5hdXRoLmJhY2tlbmRzLk1vZGVsQmFja2VuZCIsIl9hdXRoX3VzZXJfaWQiOiIyIn0=	2016-04-27 16:42:46.21389+05:30
a4jc0oq0gkktjnulipsoj3649xvc20nc	YmQxOGVlYTdlOTM3YWUyZDVlNmFkNjZmZmRiN2YwYWEyMzg1MGM4ODp7Il9hdXRoX3VzZXJfaGFzaCI6IjQ2ZjExNWU1YTg5Y2ZiZmVmZWVhYjk4OWQzYTljNTUzOTNlY2I2ZTgiLCJfYXV0aF91c2VyX2JhY2tlbmQiOiJkamFuZ28uY29udHJpYi5hdXRoLmJhY2tlbmRzLk1vZGVsQmFja2VuZCIsIl9hdXRoX3VzZXJfaWQiOiIyIn0=	2016-04-27 16:47:22.889752+05:30
mcbrx8zjhkhmwhb4ulrisxv4i761xh6e	YmQxOGVlYTdlOTM3YWUyZDVlNmFkNjZmZmRiN2YwYWEyMzg1MGM4ODp7Il9hdXRoX3VzZXJfaGFzaCI6IjQ2ZjExNWU1YTg5Y2ZiZmVmZWVhYjk4OWQzYTljNTUzOTNlY2I2ZTgiLCJfYXV0aF91c2VyX2JhY2tlbmQiOiJkamFuZ28uY29udHJpYi5hdXRoLmJhY2tlbmRzLk1vZGVsQmFja2VuZCIsIl9hdXRoX3VzZXJfaWQiOiIyIn0=	2016-04-27 16:52:53.567338+05:30
dfbfpavmgpaben07pm8cyag07zhh5mtl	YmQxOGVlYTdlOTM3YWUyZDVlNmFkNjZmZmRiN2YwYWEyMzg1MGM4ODp7Il9hdXRoX3VzZXJfaGFzaCI6IjQ2ZjExNWU1YTg5Y2ZiZmVmZWVhYjk4OWQzYTljNTUzOTNlY2I2ZTgiLCJfYXV0aF91c2VyX2JhY2tlbmQiOiJkamFuZ28uY29udHJpYi5hdXRoLmJhY2tlbmRzLk1vZGVsQmFja2VuZCIsIl9hdXRoX3VzZXJfaWQiOiIyIn0=	2016-04-27 16:57:17.052561+05:30
edqak0hprout3io9z4zx28rc0wtxb2if	YmQxOGVlYTdlOTM3YWUyZDVlNmFkNjZmZmRiN2YwYWEyMzg1MGM4ODp7Il9hdXRoX3VzZXJfaGFzaCI6IjQ2ZjExNWU1YTg5Y2ZiZmVmZWVhYjk4OWQzYTljNTUzOTNlY2I2ZTgiLCJfYXV0aF91c2VyX2JhY2tlbmQiOiJkamFuZ28uY29udHJpYi5hdXRoLmJhY2tlbmRzLk1vZGVsQmFja2VuZCIsIl9hdXRoX3VzZXJfaWQiOiIyIn0=	2016-04-27 16:58:00.922664+05:30
lea2euey6ey2rh1l86xei911vt5ut2up	YmQxOGVlYTdlOTM3YWUyZDVlNmFkNjZmZmRiN2YwYWEyMzg1MGM4ODp7Il9hdXRoX3VzZXJfaGFzaCI6IjQ2ZjExNWU1YTg5Y2ZiZmVmZWVhYjk4OWQzYTljNTUzOTNlY2I2ZTgiLCJfYXV0aF91c2VyX2JhY2tlbmQiOiJkamFuZ28uY29udHJpYi5hdXRoLmJhY2tlbmRzLk1vZGVsQmFja2VuZCIsIl9hdXRoX3VzZXJfaWQiOiIyIn0=	2016-04-27 17:00:43.003794+05:30
a92fsaj1kici5gq1npuyyfo485fv9m5r	YmQxOGVlYTdlOTM3YWUyZDVlNmFkNjZmZmRiN2YwYWEyMzg1MGM4ODp7Il9hdXRoX3VzZXJfaGFzaCI6IjQ2ZjExNWU1YTg5Y2ZiZmVmZWVhYjk4OWQzYTljNTUzOTNlY2I2ZTgiLCJfYXV0aF91c2VyX2JhY2tlbmQiOiJkamFuZ28uY29udHJpYi5hdXRoLmJhY2tlbmRzLk1vZGVsQmFja2VuZCIsIl9hdXRoX3VzZXJfaWQiOiIyIn0=	2016-04-27 17:05:45.517354+05:30
q0o33bcyut8u14f4iq6qw84rtlj9tocx	YmQxOGVlYTdlOTM3YWUyZDVlNmFkNjZmZmRiN2YwYWEyMzg1MGM4ODp7Il9hdXRoX3VzZXJfaGFzaCI6IjQ2ZjExNWU1YTg5Y2ZiZmVmZWVhYjk4OWQzYTljNTUzOTNlY2I2ZTgiLCJfYXV0aF91c2VyX2JhY2tlbmQiOiJkamFuZ28uY29udHJpYi5hdXRoLmJhY2tlbmRzLk1vZGVsQmFja2VuZCIsIl9hdXRoX3VzZXJfaWQiOiIyIn0=	2016-04-27 17:06:16.10987+05:30
f02mbymnr3g2de2aek4jzlhu9apwbd7c	YmQxOGVlYTdlOTM3YWUyZDVlNmFkNjZmZmRiN2YwYWEyMzg1MGM4ODp7Il9hdXRoX3VzZXJfaGFzaCI6IjQ2ZjExNWU1YTg5Y2ZiZmVmZWVhYjk4OWQzYTljNTUzOTNlY2I2ZTgiLCJfYXV0aF91c2VyX2JhY2tlbmQiOiJkamFuZ28uY29udHJpYi5hdXRoLmJhY2tlbmRzLk1vZGVsQmFja2VuZCIsIl9hdXRoX3VzZXJfaWQiOiIyIn0=	2016-04-27 17:20:04.730561+05:30
scpjuwmg7vtc2g4rq6n1xo3mlzpugace	YmQxOGVlYTdlOTM3YWUyZDVlNmFkNjZmZmRiN2YwYWEyMzg1MGM4ODp7Il9hdXRoX3VzZXJfaGFzaCI6IjQ2ZjExNWU1YTg5Y2ZiZmVmZWVhYjk4OWQzYTljNTUzOTNlY2I2ZTgiLCJfYXV0aF91c2VyX2JhY2tlbmQiOiJkamFuZ28uY29udHJpYi5hdXRoLmJhY2tlbmRzLk1vZGVsQmFja2VuZCIsIl9hdXRoX3VzZXJfaWQiOiIyIn0=	2016-04-27 17:22:22.150159+05:30
77shazml1c4b34ceeb26awizg19x40tf	YmQxOGVlYTdlOTM3YWUyZDVlNmFkNjZmZmRiN2YwYWEyMzg1MGM4ODp7Il9hdXRoX3VzZXJfaGFzaCI6IjQ2ZjExNWU1YTg5Y2ZiZmVmZWVhYjk4OWQzYTljNTUzOTNlY2I2ZTgiLCJfYXV0aF91c2VyX2JhY2tlbmQiOiJkamFuZ28uY29udHJpYi5hdXRoLmJhY2tlbmRzLk1vZGVsQmFja2VuZCIsIl9hdXRoX3VzZXJfaWQiOiIyIn0=	2016-04-27 17:23:47.340537+05:30
zp2dknli1bacghk00loh260tweusvy4b	YmQxOGVlYTdlOTM3YWUyZDVlNmFkNjZmZmRiN2YwYWEyMzg1MGM4ODp7Il9hdXRoX3VzZXJfaGFzaCI6IjQ2ZjExNWU1YTg5Y2ZiZmVmZWVhYjk4OWQzYTljNTUzOTNlY2I2ZTgiLCJfYXV0aF91c2VyX2JhY2tlbmQiOiJkamFuZ28uY29udHJpYi5hdXRoLmJhY2tlbmRzLk1vZGVsQmFja2VuZCIsIl9hdXRoX3VzZXJfaWQiOiIyIn0=	2016-04-28 10:58:05.74445+05:30
vyd9trg9vbrwi2trs7u37fe4dyr9i1fq	YmQxOGVlYTdlOTM3YWUyZDVlNmFkNjZmZmRiN2YwYWEyMzg1MGM4ODp7Il9hdXRoX3VzZXJfaGFzaCI6IjQ2ZjExNWU1YTg5Y2ZiZmVmZWVhYjk4OWQzYTljNTUzOTNlY2I2ZTgiLCJfYXV0aF91c2VyX2JhY2tlbmQiOiJkamFuZ28uY29udHJpYi5hdXRoLmJhY2tlbmRzLk1vZGVsQmFja2VuZCIsIl9hdXRoX3VzZXJfaWQiOiIyIn0=	2016-04-28 11:01:36.099605+05:30
jsqk9x64xnwj65u54boq177a3v305xz7	YmQxOGVlYTdlOTM3YWUyZDVlNmFkNjZmZmRiN2YwYWEyMzg1MGM4ODp7Il9hdXRoX3VzZXJfaGFzaCI6IjQ2ZjExNWU1YTg5Y2ZiZmVmZWVhYjk4OWQzYTljNTUzOTNlY2I2ZTgiLCJfYXV0aF91c2VyX2JhY2tlbmQiOiJkamFuZ28uY29udHJpYi5hdXRoLmJhY2tlbmRzLk1vZGVsQmFja2VuZCIsIl9hdXRoX3VzZXJfaWQiOiIyIn0=	2016-04-28 11:02:29.797608+05:30
l95y1ba3rli7sx0d1vwxsuvif4sgbd1f	YmQxOGVlYTdlOTM3YWUyZDVlNmFkNjZmZmRiN2YwYWEyMzg1MGM4ODp7Il9hdXRoX3VzZXJfaGFzaCI6IjQ2ZjExNWU1YTg5Y2ZiZmVmZWVhYjk4OWQzYTljNTUzOTNlY2I2ZTgiLCJfYXV0aF91c2VyX2JhY2tlbmQiOiJkamFuZ28uY29udHJpYi5hdXRoLmJhY2tlbmRzLk1vZGVsQmFja2VuZCIsIl9hdXRoX3VzZXJfaWQiOiIyIn0=	2016-04-28 11:06:59.826137+05:30
cdyrz21pfcizv663qlioqazvrn8il1pv	YmQxOGVlYTdlOTM3YWUyZDVlNmFkNjZmZmRiN2YwYWEyMzg1MGM4ODp7Il9hdXRoX3VzZXJfaGFzaCI6IjQ2ZjExNWU1YTg5Y2ZiZmVmZWVhYjk4OWQzYTljNTUzOTNlY2I2ZTgiLCJfYXV0aF91c2VyX2JhY2tlbmQiOiJkamFuZ28uY29udHJpYi5hdXRoLmJhY2tlbmRzLk1vZGVsQmFja2VuZCIsIl9hdXRoX3VzZXJfaWQiOiIyIn0=	2016-04-28 11:08:18.527498+05:30
0lds8e86gpxencjkcepqm38s61owio6g	YmQxOGVlYTdlOTM3YWUyZDVlNmFkNjZmZmRiN2YwYWEyMzg1MGM4ODp7Il9hdXRoX3VzZXJfaGFzaCI6IjQ2ZjExNWU1YTg5Y2ZiZmVmZWVhYjk4OWQzYTljNTUzOTNlY2I2ZTgiLCJfYXV0aF91c2VyX2JhY2tlbmQiOiJkamFuZ28uY29udHJpYi5hdXRoLmJhY2tlbmRzLk1vZGVsQmFja2VuZCIsIl9hdXRoX3VzZXJfaWQiOiIyIn0=	2016-04-28 11:12:22.822777+05:30
8l1z936tv81hjmc3pjbvsxixbdexu4lm	YmQxOGVlYTdlOTM3YWUyZDVlNmFkNjZmZmRiN2YwYWEyMzg1MGM4ODp7Il9hdXRoX3VzZXJfaGFzaCI6IjQ2ZjExNWU1YTg5Y2ZiZmVmZWVhYjk4OWQzYTljNTUzOTNlY2I2ZTgiLCJfYXV0aF91c2VyX2JhY2tlbmQiOiJkamFuZ28uY29udHJpYi5hdXRoLmJhY2tlbmRzLk1vZGVsQmFja2VuZCIsIl9hdXRoX3VzZXJfaWQiOiIyIn0=	2016-04-28 11:20:12.742556+05:30
2oqkqjkslh5wwon6wlefmkdij2xru0w4	YmQxOGVlYTdlOTM3YWUyZDVlNmFkNjZmZmRiN2YwYWEyMzg1MGM4ODp7Il9hdXRoX3VzZXJfaGFzaCI6IjQ2ZjExNWU1YTg5Y2ZiZmVmZWVhYjk4OWQzYTljNTUzOTNlY2I2ZTgiLCJfYXV0aF91c2VyX2JhY2tlbmQiOiJkamFuZ28uY29udHJpYi5hdXRoLmJhY2tlbmRzLk1vZGVsQmFja2VuZCIsIl9hdXRoX3VzZXJfaWQiOiIyIn0=	2016-04-28 11:21:27.883414+05:30
8ymfoo0l778v7y7ohok1j55dc4kd32gn	YmQxOGVlYTdlOTM3YWUyZDVlNmFkNjZmZmRiN2YwYWEyMzg1MGM4ODp7Il9hdXRoX3VzZXJfaGFzaCI6IjQ2ZjExNWU1YTg5Y2ZiZmVmZWVhYjk4OWQzYTljNTUzOTNlY2I2ZTgiLCJfYXV0aF91c2VyX2JhY2tlbmQiOiJkamFuZ28uY29udHJpYi5hdXRoLmJhY2tlbmRzLk1vZGVsQmFja2VuZCIsIl9hdXRoX3VzZXJfaWQiOiIyIn0=	2016-04-28 11:22:02.762539+05:30
6sorhan0wx5e4mr6k0aqvt6o22k4izai	M2MwMGUzNGU3NTllMWVhM2E3ZWE2MTU3NTM0ZjYyNTAzZjQ3YTcwZTp7Il9hdXRoX3VzZXJfaGFzaCI6ImE5Yjk2OTI5NjBkMmRlNDk4MTE5OTczYjQzYmY2NzI0YTA3MTZiMWUiLCJfYXV0aF91c2VyX2JhY2tlbmQiOiJkamFuZ28uY29udHJpYi5hdXRoLmJhY2tlbmRzLk1vZGVsQmFja2VuZCIsIl9hdXRoX3VzZXJfaWQiOiI2In0=	2016-04-28 11:42:14.95247+05:30
ri0wwmo1l4q9qwv1jsrausw4jwzbos9r	M2MwMGUzNGU3NTllMWVhM2E3ZWE2MTU3NTM0ZjYyNTAzZjQ3YTcwZTp7Il9hdXRoX3VzZXJfaGFzaCI6ImE5Yjk2OTI5NjBkMmRlNDk4MTE5OTczYjQzYmY2NzI0YTA3MTZiMWUiLCJfYXV0aF91c2VyX2JhY2tlbmQiOiJkamFuZ28uY29udHJpYi5hdXRoLmJhY2tlbmRzLk1vZGVsQmFja2VuZCIsIl9hdXRoX3VzZXJfaWQiOiI2In0=	2016-04-28 11:50:18.249891+05:30
aolioepwqsst9h9ri446785d1tlambx9	M2MwMGUzNGU3NTllMWVhM2E3ZWE2MTU3NTM0ZjYyNTAzZjQ3YTcwZTp7Il9hdXRoX3VzZXJfaGFzaCI6ImE5Yjk2OTI5NjBkMmRlNDk4MTE5OTczYjQzYmY2NzI0YTA3MTZiMWUiLCJfYXV0aF91c2VyX2JhY2tlbmQiOiJkamFuZ28uY29udHJpYi5hdXRoLmJhY2tlbmRzLk1vZGVsQmFja2VuZCIsIl9hdXRoX3VzZXJfaWQiOiI2In0=	2016-04-28 11:52:23.674805+05:30
sysjs854fsbn3k64uv8cpf3x59vbppum	YmQxOGVlYTdlOTM3YWUyZDVlNmFkNjZmZmRiN2YwYWEyMzg1MGM4ODp7Il9hdXRoX3VzZXJfaGFzaCI6IjQ2ZjExNWU1YTg5Y2ZiZmVmZWVhYjk4OWQzYTljNTUzOTNlY2I2ZTgiLCJfYXV0aF91c2VyX2JhY2tlbmQiOiJkamFuZ28uY29udHJpYi5hdXRoLmJhY2tlbmRzLk1vZGVsQmFja2VuZCIsIl9hdXRoX3VzZXJfaWQiOiIyIn0=	2016-04-28 11:53:38.22508+05:30
qglh1t0d0ujy16ys0xyedhveji3f6k7l	M2MwMGUzNGU3NTllMWVhM2E3ZWE2MTU3NTM0ZjYyNTAzZjQ3YTcwZTp7Il9hdXRoX3VzZXJfaGFzaCI6ImE5Yjk2OTI5NjBkMmRlNDk4MTE5OTczYjQzYmY2NzI0YTA3MTZiMWUiLCJfYXV0aF91c2VyX2JhY2tlbmQiOiJkamFuZ28uY29udHJpYi5hdXRoLmJhY2tlbmRzLk1vZGVsQmFja2VuZCIsIl9hdXRoX3VzZXJfaWQiOiI2In0=	2016-04-28 12:00:01.834259+05:30
708a6omc8f9em96c9xtg9aylqic2jeeg	M2MwMGUzNGU3NTllMWVhM2E3ZWE2MTU3NTM0ZjYyNTAzZjQ3YTcwZTp7Il9hdXRoX3VzZXJfaGFzaCI6ImE5Yjk2OTI5NjBkMmRlNDk4MTE5OTczYjQzYmY2NzI0YTA3MTZiMWUiLCJfYXV0aF91c2VyX2JhY2tlbmQiOiJkamFuZ28uY29udHJpYi5hdXRoLmJhY2tlbmRzLk1vZGVsQmFja2VuZCIsIl9hdXRoX3VzZXJfaWQiOiI2In0=	2016-04-28 12:00:35.099956+05:30
yxtiyzn59e3ikxq0hvnmjqlpesesfm45	YmQxOGVlYTdlOTM3YWUyZDVlNmFkNjZmZmRiN2YwYWEyMzg1MGM4ODp7Il9hdXRoX3VzZXJfaGFzaCI6IjQ2ZjExNWU1YTg5Y2ZiZmVmZWVhYjk4OWQzYTljNTUzOTNlY2I2ZTgiLCJfYXV0aF91c2VyX2JhY2tlbmQiOiJkamFuZ28uY29udHJpYi5hdXRoLmJhY2tlbmRzLk1vZGVsQmFja2VuZCIsIl9hdXRoX3VzZXJfaWQiOiIyIn0=	2016-04-28 12:02:50.093042+05:30
zw652aue9xcajvpc86x2059awnqlyxai	YmQxOGVlYTdlOTM3YWUyZDVlNmFkNjZmZmRiN2YwYWEyMzg1MGM4ODp7Il9hdXRoX3VzZXJfaGFzaCI6IjQ2ZjExNWU1YTg5Y2ZiZmVmZWVhYjk4OWQzYTljNTUzOTNlY2I2ZTgiLCJfYXV0aF91c2VyX2JhY2tlbmQiOiJkamFuZ28uY29udHJpYi5hdXRoLmJhY2tlbmRzLk1vZGVsQmFja2VuZCIsIl9hdXRoX3VzZXJfaWQiOiIyIn0=	2016-04-28 12:03:05.830093+05:30
djwg61alsum5g29a2yyzv82cveshr601	YmQxOGVlYTdlOTM3YWUyZDVlNmFkNjZmZmRiN2YwYWEyMzg1MGM4ODp7Il9hdXRoX3VzZXJfaGFzaCI6IjQ2ZjExNWU1YTg5Y2ZiZmVmZWVhYjk4OWQzYTljNTUzOTNlY2I2ZTgiLCJfYXV0aF91c2VyX2JhY2tlbmQiOiJkamFuZ28uY29udHJpYi5hdXRoLmJhY2tlbmRzLk1vZGVsQmFja2VuZCIsIl9hdXRoX3VzZXJfaWQiOiIyIn0=	2016-04-28 12:04:14.073512+05:30
wvnbp16laednbo12extrbw9ehr5jfi12	YmQxOGVlYTdlOTM3YWUyZDVlNmFkNjZmZmRiN2YwYWEyMzg1MGM4ODp7Il9hdXRoX3VzZXJfaGFzaCI6IjQ2ZjExNWU1YTg5Y2ZiZmVmZWVhYjk4OWQzYTljNTUzOTNlY2I2ZTgiLCJfYXV0aF91c2VyX2JhY2tlbmQiOiJkamFuZ28uY29udHJpYi5hdXRoLmJhY2tlbmRzLk1vZGVsQmFja2VuZCIsIl9hdXRoX3VzZXJfaWQiOiIyIn0=	2016-04-28 12:04:29.805105+05:30
iw8882wmjqjcxcyx9ppt2ly7ay3x8ag6	YmQxOGVlYTdlOTM3YWUyZDVlNmFkNjZmZmRiN2YwYWEyMzg1MGM4ODp7Il9hdXRoX3VzZXJfaGFzaCI6IjQ2ZjExNWU1YTg5Y2ZiZmVmZWVhYjk4OWQzYTljNTUzOTNlY2I2ZTgiLCJfYXV0aF91c2VyX2JhY2tlbmQiOiJkamFuZ28uY29udHJpYi5hdXRoLmJhY2tlbmRzLk1vZGVsQmFja2VuZCIsIl9hdXRoX3VzZXJfaWQiOiIyIn0=	2016-04-28 12:11:00.301787+05:30
5mvmg28l4w629b4g4kyh8zrcij04aqmk	YmQxOGVlYTdlOTM3YWUyZDVlNmFkNjZmZmRiN2YwYWEyMzg1MGM4ODp7Il9hdXRoX3VzZXJfaGFzaCI6IjQ2ZjExNWU1YTg5Y2ZiZmVmZWVhYjk4OWQzYTljNTUzOTNlY2I2ZTgiLCJfYXV0aF91c2VyX2JhY2tlbmQiOiJkamFuZ28uY29udHJpYi5hdXRoLmJhY2tlbmRzLk1vZGVsQmFja2VuZCIsIl9hdXRoX3VzZXJfaWQiOiIyIn0=	2016-04-28 12:12:37.541298+05:30
tpv5ulqn29a14ta1lecbqt54rwlt8fqn	YmQxOGVlYTdlOTM3YWUyZDVlNmFkNjZmZmRiN2YwYWEyMzg1MGM4ODp7Il9hdXRoX3VzZXJfaGFzaCI6IjQ2ZjExNWU1YTg5Y2ZiZmVmZWVhYjk4OWQzYTljNTUzOTNlY2I2ZTgiLCJfYXV0aF91c2VyX2JhY2tlbmQiOiJkamFuZ28uY29udHJpYi5hdXRoLmJhY2tlbmRzLk1vZGVsQmFja2VuZCIsIl9hdXRoX3VzZXJfaWQiOiIyIn0=	2016-04-28 12:12:52.859585+05:30
ezwj859sglcviftd4bjbrugg9zgxw16p	M2MwMGUzNGU3NTllMWVhM2E3ZWE2MTU3NTM0ZjYyNTAzZjQ3YTcwZTp7Il9hdXRoX3VzZXJfaGFzaCI6ImE5Yjk2OTI5NjBkMmRlNDk4MTE5OTczYjQzYmY2NzI0YTA3MTZiMWUiLCJfYXV0aF91c2VyX2JhY2tlbmQiOiJkamFuZ28uY29udHJpYi5hdXRoLmJhY2tlbmRzLk1vZGVsQmFja2VuZCIsIl9hdXRoX3VzZXJfaWQiOiI2In0=	2016-04-28 12:41:19.257535+05:30
xoyijauj5wvqhfwhud0jli0r5bkppa3e	M2MwMGUzNGU3NTllMWVhM2E3ZWE2MTU3NTM0ZjYyNTAzZjQ3YTcwZTp7Il9hdXRoX3VzZXJfaGFzaCI6ImE5Yjk2OTI5NjBkMmRlNDk4MTE5OTczYjQzYmY2NzI0YTA3MTZiMWUiLCJfYXV0aF91c2VyX2JhY2tlbmQiOiJkamFuZ28uY29udHJpYi5hdXRoLmJhY2tlbmRzLk1vZGVsQmFja2VuZCIsIl9hdXRoX3VzZXJfaWQiOiI2In0=	2016-04-28 12:42:45.180607+05:30
e9tx6iprax6ol1uq3n0r5fjerll3z7kg	M2MwMGUzNGU3NTllMWVhM2E3ZWE2MTU3NTM0ZjYyNTAzZjQ3YTcwZTp7Il9hdXRoX3VzZXJfaGFzaCI6ImE5Yjk2OTI5NjBkMmRlNDk4MTE5OTczYjQzYmY2NzI0YTA3MTZiMWUiLCJfYXV0aF91c2VyX2JhY2tlbmQiOiJkamFuZ28uY29udHJpYi5hdXRoLmJhY2tlbmRzLk1vZGVsQmFja2VuZCIsIl9hdXRoX3VzZXJfaWQiOiI2In0=	2016-04-28 12:43:20.580873+05:30
36gpiromtjh4qhedoja5ma3d4adyoccm	ZjEzN2M3OWFmNTlkZDQ1MjRkMGQxOGYzNjFiYWIwNWFmMDRmY2IyODp7fQ==	2016-04-28 12:43:27.045553+05:30
w2q5hp8ckf62jtefqi6g8yn8zrfooks1	M2MwMGUzNGU3NTllMWVhM2E3ZWE2MTU3NTM0ZjYyNTAzZjQ3YTcwZTp7Il9hdXRoX3VzZXJfaGFzaCI6ImE5Yjk2OTI5NjBkMmRlNDk4MTE5OTczYjQzYmY2NzI0YTA3MTZiMWUiLCJfYXV0aF91c2VyX2JhY2tlbmQiOiJkamFuZ28uY29udHJpYi5hdXRoLmJhY2tlbmRzLk1vZGVsQmFja2VuZCIsIl9hdXRoX3VzZXJfaWQiOiI2In0=	2016-04-28 12:43:45.245908+05:30
k5gek2feok3ahk59prdz5k9nh7hwc510	M2MwMGUzNGU3NTllMWVhM2E3ZWE2MTU3NTM0ZjYyNTAzZjQ3YTcwZTp7Il9hdXRoX3VzZXJfaGFzaCI6ImE5Yjk2OTI5NjBkMmRlNDk4MTE5OTczYjQzYmY2NzI0YTA3MTZiMWUiLCJfYXV0aF91c2VyX2JhY2tlbmQiOiJkamFuZ28uY29udHJpYi5hdXRoLmJhY2tlbmRzLk1vZGVsQmFja2VuZCIsIl9hdXRoX3VzZXJfaWQiOiI2In0=	2016-04-28 12:46:05.065118+05:30
q8tnmiko8y517ryh1b4mj7tkti4l7yqq	ZjEzN2M3OWFmNTlkZDQ1MjRkMGQxOGYzNjFiYWIwNWFmMDRmY2IyODp7fQ==	2016-04-28 12:46:10.360407+05:30
eatndqf997gchrc0qlczl7bekwd0n931	ZjEzN2M3OWFmNTlkZDQ1MjRkMGQxOGYzNjFiYWIwNWFmMDRmY2IyODp7fQ==	2016-04-28 12:46:18.581938+05:30
hq8w5ovwurkbxp28ot8s0v7mpodws7on	YmQxOGVlYTdlOTM3YWUyZDVlNmFkNjZmZmRiN2YwYWEyMzg1MGM4ODp7Il9hdXRoX3VzZXJfaGFzaCI6IjQ2ZjExNWU1YTg5Y2ZiZmVmZWVhYjk4OWQzYTljNTUzOTNlY2I2ZTgiLCJfYXV0aF91c2VyX2JhY2tlbmQiOiJkamFuZ28uY29udHJpYi5hdXRoLmJhY2tlbmRzLk1vZGVsQmFja2VuZCIsIl9hdXRoX3VzZXJfaWQiOiIyIn0=	2016-04-28 12:54:46.726911+05:30
hbstnyddy1rolsxi9bfl2e9u7tqmpjbn	YmQxOGVlYTdlOTM3YWUyZDVlNmFkNjZmZmRiN2YwYWEyMzg1MGM4ODp7Il9hdXRoX3VzZXJfaGFzaCI6IjQ2ZjExNWU1YTg5Y2ZiZmVmZWVhYjk4OWQzYTljNTUzOTNlY2I2ZTgiLCJfYXV0aF91c2VyX2JhY2tlbmQiOiJkamFuZ28uY29udHJpYi5hdXRoLmJhY2tlbmRzLk1vZGVsQmFja2VuZCIsIl9hdXRoX3VzZXJfaWQiOiIyIn0=	2016-04-28 13:27:17.531935+05:30
7wzvi95aa4hjhzae5m30a4nit9akodbr	YmQxOGVlYTdlOTM3YWUyZDVlNmFkNjZmZmRiN2YwYWEyMzg1MGM4ODp7Il9hdXRoX3VzZXJfaGFzaCI6IjQ2ZjExNWU1YTg5Y2ZiZmVmZWVhYjk4OWQzYTljNTUzOTNlY2I2ZTgiLCJfYXV0aF91c2VyX2JhY2tlbmQiOiJkamFuZ28uY29udHJpYi5hdXRoLmJhY2tlbmRzLk1vZGVsQmFja2VuZCIsIl9hdXRoX3VzZXJfaWQiOiIyIn0=	2016-04-28 13:51:08.014078+05:30
i56kqzrlm5ed509avhohkzb9mmh47rv4	YmQxOGVlYTdlOTM3YWUyZDVlNmFkNjZmZmRiN2YwYWEyMzg1MGM4ODp7Il9hdXRoX3VzZXJfaGFzaCI6IjQ2ZjExNWU1YTg5Y2ZiZmVmZWVhYjk4OWQzYTljNTUzOTNlY2I2ZTgiLCJfYXV0aF91c2VyX2JhY2tlbmQiOiJkamFuZ28uY29udHJpYi5hdXRoLmJhY2tlbmRzLk1vZGVsQmFja2VuZCIsIl9hdXRoX3VzZXJfaWQiOiIyIn0=	2016-04-28 13:52:58.779434+05:30
bcw06mkl1g0lidxawii8oq2fj0fg8nxh	YmQxOGVlYTdlOTM3YWUyZDVlNmFkNjZmZmRiN2YwYWEyMzg1MGM4ODp7Il9hdXRoX3VzZXJfaGFzaCI6IjQ2ZjExNWU1YTg5Y2ZiZmVmZWVhYjk4OWQzYTljNTUzOTNlY2I2ZTgiLCJfYXV0aF91c2VyX2JhY2tlbmQiOiJkamFuZ28uY29udHJpYi5hdXRoLmJhY2tlbmRzLk1vZGVsQmFja2VuZCIsIl9hdXRoX3VzZXJfaWQiOiIyIn0=	2016-04-28 13:54:19.913891+05:30
dn7a14jrlhxnimkny1xu3hk5vwimwpfw	YmQxOGVlYTdlOTM3YWUyZDVlNmFkNjZmZmRiN2YwYWEyMzg1MGM4ODp7Il9hdXRoX3VzZXJfaGFzaCI6IjQ2ZjExNWU1YTg5Y2ZiZmVmZWVhYjk4OWQzYTljNTUzOTNlY2I2ZTgiLCJfYXV0aF91c2VyX2JhY2tlbmQiOiJkamFuZ28uY29udHJpYi5hdXRoLmJhY2tlbmRzLk1vZGVsQmFja2VuZCIsIl9hdXRoX3VzZXJfaWQiOiIyIn0=	2016-04-28 14:10:59.471788+05:30
ouqv96v60464i3ntsq6xprr4gvchl27k	YmQxOGVlYTdlOTM3YWUyZDVlNmFkNjZmZmRiN2YwYWEyMzg1MGM4ODp7Il9hdXRoX3VzZXJfaGFzaCI6IjQ2ZjExNWU1YTg5Y2ZiZmVmZWVhYjk4OWQzYTljNTUzOTNlY2I2ZTgiLCJfYXV0aF91c2VyX2JhY2tlbmQiOiJkamFuZ28uY29udHJpYi5hdXRoLmJhY2tlbmRzLk1vZGVsQmFja2VuZCIsIl9hdXRoX3VzZXJfaWQiOiIyIn0=	2016-04-28 14:13:17.051981+05:30
x385ugep7k969q38g5irwrukij52ax8x	YmQxOGVlYTdlOTM3YWUyZDVlNmFkNjZmZmRiN2YwYWEyMzg1MGM4ODp7Il9hdXRoX3VzZXJfaGFzaCI6IjQ2ZjExNWU1YTg5Y2ZiZmVmZWVhYjk4OWQzYTljNTUzOTNlY2I2ZTgiLCJfYXV0aF91c2VyX2JhY2tlbmQiOiJkamFuZ28uY29udHJpYi5hdXRoLmJhY2tlbmRzLk1vZGVsQmFja2VuZCIsIl9hdXRoX3VzZXJfaWQiOiIyIn0=	2016-04-28 14:13:54.067424+05:30
ktnlu997b2bi0dymdevmsxkraa9waifu	YmQxOGVlYTdlOTM3YWUyZDVlNmFkNjZmZmRiN2YwYWEyMzg1MGM4ODp7Il9hdXRoX3VzZXJfaGFzaCI6IjQ2ZjExNWU1YTg5Y2ZiZmVmZWVhYjk4OWQzYTljNTUzOTNlY2I2ZTgiLCJfYXV0aF91c2VyX2JhY2tlbmQiOiJkamFuZ28uY29udHJpYi5hdXRoLmJhY2tlbmRzLk1vZGVsQmFja2VuZCIsIl9hdXRoX3VzZXJfaWQiOiIyIn0=	2016-04-28 14:14:43.857396+05:30
4vc4xlu77ubl66e2daomabrq8orzbnif	YmQxOGVlYTdlOTM3YWUyZDVlNmFkNjZmZmRiN2YwYWEyMzg1MGM4ODp7Il9hdXRoX3VzZXJfaGFzaCI6IjQ2ZjExNWU1YTg5Y2ZiZmVmZWVhYjk4OWQzYTljNTUzOTNlY2I2ZTgiLCJfYXV0aF91c2VyX2JhY2tlbmQiOiJkamFuZ28uY29udHJpYi5hdXRoLmJhY2tlbmRzLk1vZGVsQmFja2VuZCIsIl9hdXRoX3VzZXJfaWQiOiIyIn0=	2016-04-28 14:15:34.121395+05:30
cs14icn6aiklfkofvq14u2xs1nf0y1tt	YmQxOGVlYTdlOTM3YWUyZDVlNmFkNjZmZmRiN2YwYWEyMzg1MGM4ODp7Il9hdXRoX3VzZXJfaGFzaCI6IjQ2ZjExNWU1YTg5Y2ZiZmVmZWVhYjk4OWQzYTljNTUzOTNlY2I2ZTgiLCJfYXV0aF91c2VyX2JhY2tlbmQiOiJkamFuZ28uY29udHJpYi5hdXRoLmJhY2tlbmRzLk1vZGVsQmFja2VuZCIsIl9hdXRoX3VzZXJfaWQiOiIyIn0=	2016-04-28 14:16:54.337401+05:30
g6p96kbkusii25q5jb4ba5anqor7y1zn	YmQxOGVlYTdlOTM3YWUyZDVlNmFkNjZmZmRiN2YwYWEyMzg1MGM4ODp7Il9hdXRoX3VzZXJfaGFzaCI6IjQ2ZjExNWU1YTg5Y2ZiZmVmZWVhYjk4OWQzYTljNTUzOTNlY2I2ZTgiLCJfYXV0aF91c2VyX2JhY2tlbmQiOiJkamFuZ28uY29udHJpYi5hdXRoLmJhY2tlbmRzLk1vZGVsQmFja2VuZCIsIl9hdXRoX3VzZXJfaWQiOiIyIn0=	2016-04-28 14:17:39.874113+05:30
noho5dm45i8cri5dg29dmm1yo4l5gp8q	YmQxOGVlYTdlOTM3YWUyZDVlNmFkNjZmZmRiN2YwYWEyMzg1MGM4ODp7Il9hdXRoX3VzZXJfaGFzaCI6IjQ2ZjExNWU1YTg5Y2ZiZmVmZWVhYjk4OWQzYTljNTUzOTNlY2I2ZTgiLCJfYXV0aF91c2VyX2JhY2tlbmQiOiJkamFuZ28uY29udHJpYi5hdXRoLmJhY2tlbmRzLk1vZGVsQmFja2VuZCIsIl9hdXRoX3VzZXJfaWQiOiIyIn0=	2016-04-28 14:18:53.636839+05:30
wys6t0edni0z5vdjj6vkkux6amfr1k2a	YmQxOGVlYTdlOTM3YWUyZDVlNmFkNjZmZmRiN2YwYWEyMzg1MGM4ODp7Il9hdXRoX3VzZXJfaGFzaCI6IjQ2ZjExNWU1YTg5Y2ZiZmVmZWVhYjk4OWQzYTljNTUzOTNlY2I2ZTgiLCJfYXV0aF91c2VyX2JhY2tlbmQiOiJkamFuZ28uY29udHJpYi5hdXRoLmJhY2tlbmRzLk1vZGVsQmFja2VuZCIsIl9hdXRoX3VzZXJfaWQiOiIyIn0=	2016-04-28 14:19:51.24157+05:30
3hhnx6ktfezdiapyghylzzummx9q1sgg	YmQxOGVlYTdlOTM3YWUyZDVlNmFkNjZmZmRiN2YwYWEyMzg1MGM4ODp7Il9hdXRoX3VzZXJfaGFzaCI6IjQ2ZjExNWU1YTg5Y2ZiZmVmZWVhYjk4OWQzYTljNTUzOTNlY2I2ZTgiLCJfYXV0aF91c2VyX2JhY2tlbmQiOiJkamFuZ28uY29udHJpYi5hdXRoLmJhY2tlbmRzLk1vZGVsQmFja2VuZCIsIl9hdXRoX3VzZXJfaWQiOiIyIn0=	2016-04-28 14:21:46.230266+05:30
p3oihej0xgg7mq1b3kl7lfkyxsgcwr7k	YmQxOGVlYTdlOTM3YWUyZDVlNmFkNjZmZmRiN2YwYWEyMzg1MGM4ODp7Il9hdXRoX3VzZXJfaGFzaCI6IjQ2ZjExNWU1YTg5Y2ZiZmVmZWVhYjk4OWQzYTljNTUzOTNlY2I2ZTgiLCJfYXV0aF91c2VyX2JhY2tlbmQiOiJkamFuZ28uY29udHJpYi5hdXRoLmJhY2tlbmRzLk1vZGVsQmFja2VuZCIsIl9hdXRoX3VzZXJfaWQiOiIyIn0=	2016-04-28 14:23:57.118653+05:30
6ok7e9s26bp1633gg1uatdqzdqnf5b0o	M2MwMGUzNGU3NTllMWVhM2E3ZWE2MTU3NTM0ZjYyNTAzZjQ3YTcwZTp7Il9hdXRoX3VzZXJfaGFzaCI6ImE5Yjk2OTI5NjBkMmRlNDk4MTE5OTczYjQzYmY2NzI0YTA3MTZiMWUiLCJfYXV0aF91c2VyX2JhY2tlbmQiOiJkamFuZ28uY29udHJpYi5hdXRoLmJhY2tlbmRzLk1vZGVsQmFja2VuZCIsIl9hdXRoX3VzZXJfaWQiOiI2In0=	2016-04-28 14:52:50.43303+05:30
js8cc1ks4z8lxabpj0ntxytf03ac7tga	M2MwMGUzNGU3NTllMWVhM2E3ZWE2MTU3NTM0ZjYyNTAzZjQ3YTcwZTp7Il9hdXRoX3VzZXJfaGFzaCI6ImE5Yjk2OTI5NjBkMmRlNDk4MTE5OTczYjQzYmY2NzI0YTA3MTZiMWUiLCJfYXV0aF91c2VyX2JhY2tlbmQiOiJkamFuZ28uY29udHJpYi5hdXRoLmJhY2tlbmRzLk1vZGVsQmFja2VuZCIsIl9hdXRoX3VzZXJfaWQiOiI2In0=	2016-04-28 14:56:17.511247+05:30
sp3iaa4ndavyjoo1xtnv6pw82boe3rm3	ZGNkZmM2NTA0N2E1NmI3YzBmMDAxMjFmYjExMjc4Y2RhNzgyYTE4MDp7Il9hdXRoX3VzZXJfaGFzaCI6IjM0YTQ4NTc2MDA4MmQwMjgzZThkZTE5YjY0OGNkNTVlNjAwZDU4OTEiLCJfYXV0aF91c2VyX2lkIjoiNiIsIl9hdXRoX3VzZXJfYmFja2VuZCI6ImRqYW5nby5jb250cmliLmF1dGguYmFja2VuZHMuTW9kZWxCYWNrZW5kIn0=	2016-04-28 14:57:56.050574+05:30
em737di9ryg5qjjz5t4xxjrmrm3tzan1	ZTQ1YzM5M2U5MjI0OTU1NDNlMzc5MWI2NTI0MzViMjNhOTkyZTljMzp7Il9hdXRoX3VzZXJfaGFzaCI6IjM0YTQ4NTc2MDA4MmQwMjgzZThkZTE5YjY0OGNkNTVlNjAwZDU4OTEiLCJfYXV0aF91c2VyX2JhY2tlbmQiOiJkamFuZ28uY29udHJpYi5hdXRoLmJhY2tlbmRzLk1vZGVsQmFja2VuZCIsIl9hdXRoX3VzZXJfaWQiOiI2In0=	2016-04-28 14:58:03.150973+05:30
ymgv0kyf4s23z8j5g7sj6wqvvqbl7ugk	ZjEzN2M3OWFmNTlkZDQ1MjRkMGQxOGYzNjFiYWIwNWFmMDRmY2IyODp7fQ==	2016-04-28 14:58:09.523335+05:30
chui7m3az1in98y9qu5bcrl5nyy0slaq	ZTQ1YzM5M2U5MjI0OTU1NDNlMzc5MWI2NTI0MzViMjNhOTkyZTljMzp7Il9hdXRoX3VzZXJfaGFzaCI6IjM0YTQ4NTc2MDA4MmQwMjgzZThkZTE5YjY0OGNkNTVlNjAwZDU4OTEiLCJfYXV0aF91c2VyX2JhY2tlbmQiOiJkamFuZ28uY29udHJpYi5hdXRoLmJhY2tlbmRzLk1vZGVsQmFja2VuZCIsIl9hdXRoX3VzZXJfaWQiOiI2In0=	2016-04-28 14:58:58.271895+05:30
r4kppj166es8m8lw14bsrmhsxvd95zlg	ZjEzN2M3OWFmNTlkZDQ1MjRkMGQxOGYzNjFiYWIwNWFmMDRmY2IyODp7fQ==	2016-04-28 14:59:04.054836+05:30
kbvf229z2tr5u1pw8a0llfhxmfbmmvl2	ZjEzN2M3OWFmNTlkZDQ1MjRkMGQxOGYzNjFiYWIwNWFmMDRmY2IyODp7fQ==	2016-04-28 14:59:12.298254+05:30
5cc2nn4m47124cmewrcnxrwfgygu99ax	YmQxOGVlYTdlOTM3YWUyZDVlNmFkNjZmZmRiN2YwYWEyMzg1MGM4ODp7Il9hdXRoX3VzZXJfaGFzaCI6IjQ2ZjExNWU1YTg5Y2ZiZmVmZWVhYjk4OWQzYTljNTUzOTNlY2I2ZTgiLCJfYXV0aF91c2VyX2JhY2tlbmQiOiJkamFuZ28uY29udHJpYi5hdXRoLmJhY2tlbmRzLk1vZGVsQmFja2VuZCIsIl9hdXRoX3VzZXJfaWQiOiIyIn0=	2016-04-28 14:59:56.589705+05:30
nsvs539cywk3jszc8dx5sh2l6epuf8bo	YmQxOGVlYTdlOTM3YWUyZDVlNmFkNjZmZmRiN2YwYWEyMzg1MGM4ODp7Il9hdXRoX3VzZXJfaGFzaCI6IjQ2ZjExNWU1YTg5Y2ZiZmVmZWVhYjk4OWQzYTljNTUzOTNlY2I2ZTgiLCJfYXV0aF91c2VyX2JhY2tlbmQiOiJkamFuZ28uY29udHJpYi5hdXRoLmJhY2tlbmRzLk1vZGVsQmFja2VuZCIsIl9hdXRoX3VzZXJfaWQiOiIyIn0=	2016-04-28 15:23:17.283374+05:30
0g8hb9m8mjt1htumwfo8s64lbn3171h8	YmQxOGVlYTdlOTM3YWUyZDVlNmFkNjZmZmRiN2YwYWEyMzg1MGM4ODp7Il9hdXRoX3VzZXJfaGFzaCI6IjQ2ZjExNWU1YTg5Y2ZiZmVmZWVhYjk4OWQzYTljNTUzOTNlY2I2ZTgiLCJfYXV0aF91c2VyX2JhY2tlbmQiOiJkamFuZ28uY29udHJpYi5hdXRoLmJhY2tlbmRzLk1vZGVsQmFja2VuZCIsIl9hdXRoX3VzZXJfaWQiOiIyIn0=	2016-04-28 15:29:51.335019+05:30
4nvmg8alr4hhl2680z5qjpdmft50w5jt	YmQxOGVlYTdlOTM3YWUyZDVlNmFkNjZmZmRiN2YwYWEyMzg1MGM4ODp7Il9hdXRoX3VzZXJfaGFzaCI6IjQ2ZjExNWU1YTg5Y2ZiZmVmZWVhYjk4OWQzYTljNTUzOTNlY2I2ZTgiLCJfYXV0aF91c2VyX2JhY2tlbmQiOiJkamFuZ28uY29udHJpYi5hdXRoLmJhY2tlbmRzLk1vZGVsQmFja2VuZCIsIl9hdXRoX3VzZXJfaWQiOiIyIn0=	2016-04-28 15:30:32.411145+05:30
molccn991lqipuw0sveml41nr0i5sc2i	YmQxOGVlYTdlOTM3YWUyZDVlNmFkNjZmZmRiN2YwYWEyMzg1MGM4ODp7Il9hdXRoX3VzZXJfaGFzaCI6IjQ2ZjExNWU1YTg5Y2ZiZmVmZWVhYjk4OWQzYTljNTUzOTNlY2I2ZTgiLCJfYXV0aF91c2VyX2JhY2tlbmQiOiJkamFuZ28uY29udHJpYi5hdXRoLmJhY2tlbmRzLk1vZGVsQmFja2VuZCIsIl9hdXRoX3VzZXJfaWQiOiIyIn0=	2016-04-28 15:32:53.525827+05:30
7sxqooqt2vvxtumdxo1p4nmqw5do0n3p	YmQxOGVlYTdlOTM3YWUyZDVlNmFkNjZmZmRiN2YwYWEyMzg1MGM4ODp7Il9hdXRoX3VzZXJfaGFzaCI6IjQ2ZjExNWU1YTg5Y2ZiZmVmZWVhYjk4OWQzYTljNTUzOTNlY2I2ZTgiLCJfYXV0aF91c2VyX2JhY2tlbmQiOiJkamFuZ28uY29udHJpYi5hdXRoLmJhY2tlbmRzLk1vZGVsQmFja2VuZCIsIl9hdXRoX3VzZXJfaWQiOiIyIn0=	2016-04-28 15:33:19.625699+05:30
kb1r8eyge7ujx8e54h5lks4mebh1vr7r	YmQxOGVlYTdlOTM3YWUyZDVlNmFkNjZmZmRiN2YwYWEyMzg1MGM4ODp7Il9hdXRoX3VzZXJfaGFzaCI6IjQ2ZjExNWU1YTg5Y2ZiZmVmZWVhYjk4OWQzYTljNTUzOTNlY2I2ZTgiLCJfYXV0aF91c2VyX2JhY2tlbmQiOiJkamFuZ28uY29udHJpYi5hdXRoLmJhY2tlbmRzLk1vZGVsQmFja2VuZCIsIl9hdXRoX3VzZXJfaWQiOiIyIn0=	2016-04-28 15:46:56.567938+05:30
8w9b5j4xu4lo104iypxktafps0r3ld0h	YmQxOGVlYTdlOTM3YWUyZDVlNmFkNjZmZmRiN2YwYWEyMzg1MGM4ODp7Il9hdXRoX3VzZXJfaGFzaCI6IjQ2ZjExNWU1YTg5Y2ZiZmVmZWVhYjk4OWQzYTljNTUzOTNlY2I2ZTgiLCJfYXV0aF91c2VyX2JhY2tlbmQiOiJkamFuZ28uY29udHJpYi5hdXRoLmJhY2tlbmRzLk1vZGVsQmFja2VuZCIsIl9hdXRoX3VzZXJfaWQiOiIyIn0=	2016-04-28 15:47:36.824806+05:30
350hcij955eblb1dzp4mh6gogrdtp1y5	YmQxOGVlYTdlOTM3YWUyZDVlNmFkNjZmZmRiN2YwYWEyMzg1MGM4ODp7Il9hdXRoX3VzZXJfaGFzaCI6IjQ2ZjExNWU1YTg5Y2ZiZmVmZWVhYjk4OWQzYTljNTUzOTNlY2I2ZTgiLCJfYXV0aF91c2VyX2JhY2tlbmQiOiJkamFuZ28uY29udHJpYi5hdXRoLmJhY2tlbmRzLk1vZGVsQmFja2VuZCIsIl9hdXRoX3VzZXJfaWQiOiIyIn0=	2016-04-28 15:49:02.550736+05:30
ee3fe1nx8n24t9yecgup27djt4js0374	YmQxOGVlYTdlOTM3YWUyZDVlNmFkNjZmZmRiN2YwYWEyMzg1MGM4ODp7Il9hdXRoX3VzZXJfaGFzaCI6IjQ2ZjExNWU1YTg5Y2ZiZmVmZWVhYjk4OWQzYTljNTUzOTNlY2I2ZTgiLCJfYXV0aF91c2VyX2JhY2tlbmQiOiJkamFuZ28uY29udHJpYi5hdXRoLmJhY2tlbmRzLk1vZGVsQmFja2VuZCIsIl9hdXRoX3VzZXJfaWQiOiIyIn0=	2016-04-28 15:49:37.597734+05:30
neobzfguu8aggbjkjz6b9uvjnz8x3m3u	YmQxOGVlYTdlOTM3YWUyZDVlNmFkNjZmZmRiN2YwYWEyMzg1MGM4ODp7Il9hdXRoX3VzZXJfaGFzaCI6IjQ2ZjExNWU1YTg5Y2ZiZmVmZWVhYjk4OWQzYTljNTUzOTNlY2I2ZTgiLCJfYXV0aF91c2VyX2JhY2tlbmQiOiJkamFuZ28uY29udHJpYi5hdXRoLmJhY2tlbmRzLk1vZGVsQmFja2VuZCIsIl9hdXRoX3VzZXJfaWQiOiIyIn0=	2016-04-28 15:51:40.392541+05:30
s94immm6k62pkvfabg9wg62tf3e6hu23	YmQxOGVlYTdlOTM3YWUyZDVlNmFkNjZmZmRiN2YwYWEyMzg1MGM4ODp7Il9hdXRoX3VzZXJfaGFzaCI6IjQ2ZjExNWU1YTg5Y2ZiZmVmZWVhYjk4OWQzYTljNTUzOTNlY2I2ZTgiLCJfYXV0aF91c2VyX2JhY2tlbmQiOiJkamFuZ28uY29udHJpYi5hdXRoLmJhY2tlbmRzLk1vZGVsQmFja2VuZCIsIl9hdXRoX3VzZXJfaWQiOiIyIn0=	2016-04-28 15:54:12.573669+05:30
57v28f0ct3r1p1bm1w3wkk996eujz0kn	ZTQ1YzM5M2U5MjI0OTU1NDNlMzc5MWI2NTI0MzViMjNhOTkyZTljMzp7Il9hdXRoX3VzZXJfaGFzaCI6IjM0YTQ4NTc2MDA4MmQwMjgzZThkZTE5YjY0OGNkNTVlNjAwZDU4OTEiLCJfYXV0aF91c2VyX2JhY2tlbmQiOiJkamFuZ28uY29udHJpYi5hdXRoLmJhY2tlbmRzLk1vZGVsQmFja2VuZCIsIl9hdXRoX3VzZXJfaWQiOiI2In0=	2016-04-29 11:05:35.982551+05:30
w32w8he26dopd2p6wjgn5bzj8b1h3k6y	ZTQ1YzM5M2U5MjI0OTU1NDNlMzc5MWI2NTI0MzViMjNhOTkyZTljMzp7Il9hdXRoX3VzZXJfaGFzaCI6IjM0YTQ4NTc2MDA4MmQwMjgzZThkZTE5YjY0OGNkNTVlNjAwZDU4OTEiLCJfYXV0aF91c2VyX2JhY2tlbmQiOiJkamFuZ28uY29udHJpYi5hdXRoLmJhY2tlbmRzLk1vZGVsQmFja2VuZCIsIl9hdXRoX3VzZXJfaWQiOiI2In0=	2016-04-29 11:14:33.32115+05:30
dtat8jkgab0w5uxdfpe8wzqno41th900	ZTQ1YzM5M2U5MjI0OTU1NDNlMzc5MWI2NTI0MzViMjNhOTkyZTljMzp7Il9hdXRoX3VzZXJfaGFzaCI6IjM0YTQ4NTc2MDA4MmQwMjgzZThkZTE5YjY0OGNkNTVlNjAwZDU4OTEiLCJfYXV0aF91c2VyX2JhY2tlbmQiOiJkamFuZ28uY29udHJpYi5hdXRoLmJhY2tlbmRzLk1vZGVsQmFja2VuZCIsIl9hdXRoX3VzZXJfaWQiOiI2In0=	2016-04-29 11:15:22.955893+05:30
0gn4j5588stg9bb689y4ef0nne9sjkuq	YmQxOGVlYTdlOTM3YWUyZDVlNmFkNjZmZmRiN2YwYWEyMzg1MGM4ODp7Il9hdXRoX3VzZXJfaGFzaCI6IjQ2ZjExNWU1YTg5Y2ZiZmVmZWVhYjk4OWQzYTljNTUzOTNlY2I2ZTgiLCJfYXV0aF91c2VyX2JhY2tlbmQiOiJkamFuZ28uY29udHJpYi5hdXRoLmJhY2tlbmRzLk1vZGVsQmFja2VuZCIsIl9hdXRoX3VzZXJfaWQiOiIyIn0=	2016-04-29 11:16:30.81351+05:30
2it46bdu98x0tx284itqe30pjin27n0n	ZTQ1YzM5M2U5MjI0OTU1NDNlMzc5MWI2NTI0MzViMjNhOTkyZTljMzp7Il9hdXRoX3VzZXJfaGFzaCI6IjM0YTQ4NTc2MDA4MmQwMjgzZThkZTE5YjY0OGNkNTVlNjAwZDU4OTEiLCJfYXV0aF91c2VyX2JhY2tlbmQiOiJkamFuZ28uY29udHJpYi5hdXRoLmJhY2tlbmRzLk1vZGVsQmFja2VuZCIsIl9hdXRoX3VzZXJfaWQiOiI2In0=	2016-04-29 11:28:38.082096+05:30
j524wmizf2i4twuvbci9s522mvz1giux	MWQzOTM1MDQ5MjJmMGU5MTllZDJmMWU0ZmM3MWQ5YzY1ZWM2Mjc1ZTp7Il9hdXRoX3VzZXJfaGFzaCI6IjQ2ZjExNWU1YTg5Y2ZiZmVmZWVhYjk4OWQzYTljNTUzOTNlY2I2ZTgiLCJfYXV0aF91c2VyX2JhY2tlbmQiOiJkamFuZ28uY29udHJpYi5hdXRoLmJhY2tlbmRzLk1vZGVsQmFja2VuZCIsIl9hdXRoX3VzZXJfaWQiOiI0In0=	2016-04-29 11:33:39.922885+05:30
4gwtls3oxgxyisjvo5z6roxm66ruanxp	ZTQ1YzM5M2U5MjI0OTU1NDNlMzc5MWI2NTI0MzViMjNhOTkyZTljMzp7Il9hdXRoX3VzZXJfaGFzaCI6IjM0YTQ4NTc2MDA4MmQwMjgzZThkZTE5YjY0OGNkNTVlNjAwZDU4OTEiLCJfYXV0aF91c2VyX2JhY2tlbmQiOiJkamFuZ28uY29udHJpYi5hdXRoLmJhY2tlbmRzLk1vZGVsQmFja2VuZCIsIl9hdXRoX3VzZXJfaWQiOiI2In0=	2016-04-29 11:41:51.717761+05:30
vdlxhl96jgxxd8ypqpqrg0m27nub71yp	ZTQ1YzM5M2U5MjI0OTU1NDNlMzc5MWI2NTI0MzViMjNhOTkyZTljMzp7Il9hdXRoX3VzZXJfaGFzaCI6IjM0YTQ4NTc2MDA4MmQwMjgzZThkZTE5YjY0OGNkNTVlNjAwZDU4OTEiLCJfYXV0aF91c2VyX2JhY2tlbmQiOiJkamFuZ28uY29udHJpYi5hdXRoLmJhY2tlbmRzLk1vZGVsQmFja2VuZCIsIl9hdXRoX3VzZXJfaWQiOiI2In0=	2016-04-29 11:42:28.881039+05:30
xkzgoq13j0vqw0hnfyo1eyyyu5z8ro76	ZTQ1YzM5M2U5MjI0OTU1NDNlMzc5MWI2NTI0MzViMjNhOTkyZTljMzp7Il9hdXRoX3VzZXJfaGFzaCI6IjM0YTQ4NTc2MDA4MmQwMjgzZThkZTE5YjY0OGNkNTVlNjAwZDU4OTEiLCJfYXV0aF91c2VyX2JhY2tlbmQiOiJkamFuZ28uY29udHJpYi5hdXRoLmJhY2tlbmRzLk1vZGVsQmFja2VuZCIsIl9hdXRoX3VzZXJfaWQiOiI2In0=	2016-04-29 11:43:39.125394+05:30
1lcxxgq2566lpyoyh6vtrccg40u7bhu9	ZTQ1YzM5M2U5MjI0OTU1NDNlMzc5MWI2NTI0MzViMjNhOTkyZTljMzp7Il9hdXRoX3VzZXJfaGFzaCI6IjM0YTQ4NTc2MDA4MmQwMjgzZThkZTE5YjY0OGNkNTVlNjAwZDU4OTEiLCJfYXV0aF91c2VyX2JhY2tlbmQiOiJkamFuZ28uY29udHJpYi5hdXRoLmJhY2tlbmRzLk1vZGVsQmFja2VuZCIsIl9hdXRoX3VzZXJfaWQiOiI2In0=	2016-04-29 11:46:33.48124+05:30
p1e06h45d7ugo4xc0pf6lqsz42vbghrf	ZTQ1YzM5M2U5MjI0OTU1NDNlMzc5MWI2NTI0MzViMjNhOTkyZTljMzp7Il9hdXRoX3VzZXJfaGFzaCI6IjM0YTQ4NTc2MDA4MmQwMjgzZThkZTE5YjY0OGNkNTVlNjAwZDU4OTEiLCJfYXV0aF91c2VyX2JhY2tlbmQiOiJkamFuZ28uY29udHJpYi5hdXRoLmJhY2tlbmRzLk1vZGVsQmFja2VuZCIsIl9hdXRoX3VzZXJfaWQiOiI2In0=	2016-04-29 11:47:41.616088+05:30
01246ds4qnxs1tcwp6iutz20daek09m0	ZTQ1YzM5M2U5MjI0OTU1NDNlMzc5MWI2NTI0MzViMjNhOTkyZTljMzp7Il9hdXRoX3VzZXJfaGFzaCI6IjM0YTQ4NTc2MDA4MmQwMjgzZThkZTE5YjY0OGNkNTVlNjAwZDU4OTEiLCJfYXV0aF91c2VyX2JhY2tlbmQiOiJkamFuZ28uY29udHJpYi5hdXRoLmJhY2tlbmRzLk1vZGVsQmFja2VuZCIsIl9hdXRoX3VzZXJfaWQiOiI2In0=	2016-04-29 11:56:31.366147+05:30
pbn1h4i7w2avfsdf3uc2jrj9kvh5er0m	ZTQ1YzM5M2U5MjI0OTU1NDNlMzc5MWI2NTI0MzViMjNhOTkyZTljMzp7Il9hdXRoX3VzZXJfaGFzaCI6IjM0YTQ4NTc2MDA4MmQwMjgzZThkZTE5YjY0OGNkNTVlNjAwZDU4OTEiLCJfYXV0aF91c2VyX2JhY2tlbmQiOiJkamFuZ28uY29udHJpYi5hdXRoLmJhY2tlbmRzLk1vZGVsQmFja2VuZCIsIl9hdXRoX3VzZXJfaWQiOiI2In0=	2016-04-29 12:03:32.89664+05:30
riq6gcxt4n3modgptds4oi8pi5jah6iq	ZTQ1YzM5M2U5MjI0OTU1NDNlMzc5MWI2NTI0MzViMjNhOTkyZTljMzp7Il9hdXRoX3VzZXJfaGFzaCI6IjM0YTQ4NTc2MDA4MmQwMjgzZThkZTE5YjY0OGNkNTVlNjAwZDU4OTEiLCJfYXV0aF91c2VyX2JhY2tlbmQiOiJkamFuZ28uY29udHJpYi5hdXRoLmJhY2tlbmRzLk1vZGVsQmFja2VuZCIsIl9hdXRoX3VzZXJfaWQiOiI2In0=	2016-04-29 13:42:30.682644+05:30
lpavc1r8l2bhpuuzacuryb9r2yfhexj9	ZTQ1YzM5M2U5MjI0OTU1NDNlMzc5MWI2NTI0MzViMjNhOTkyZTljMzp7Il9hdXRoX3VzZXJfaGFzaCI6IjM0YTQ4NTc2MDA4MmQwMjgzZThkZTE5YjY0OGNkNTVlNjAwZDU4OTEiLCJfYXV0aF91c2VyX2JhY2tlbmQiOiJkamFuZ28uY29udHJpYi5hdXRoLmJhY2tlbmRzLk1vZGVsQmFja2VuZCIsIl9hdXRoX3VzZXJfaWQiOiI2In0=	2016-04-29 13:44:42.091522+05:30
zilaf7qw3pmxfq7rn382tnwz5xjlgrmq	ZTQ1YzM5M2U5MjI0OTU1NDNlMzc5MWI2NTI0MzViMjNhOTkyZTljMzp7Il9hdXRoX3VzZXJfaGFzaCI6IjM0YTQ4NTc2MDA4MmQwMjgzZThkZTE5YjY0OGNkNTVlNjAwZDU4OTEiLCJfYXV0aF91c2VyX2JhY2tlbmQiOiJkamFuZ28uY29udHJpYi5hdXRoLmJhY2tlbmRzLk1vZGVsQmFja2VuZCIsIl9hdXRoX3VzZXJfaWQiOiI2In0=	2016-04-29 13:45:19.006283+05:30
26cdv6kubvrzn5c4cco2nceqg3wifnku	ZTQ1YzM5M2U5MjI0OTU1NDNlMzc5MWI2NTI0MzViMjNhOTkyZTljMzp7Il9hdXRoX3VzZXJfaGFzaCI6IjM0YTQ4NTc2MDA4MmQwMjgzZThkZTE5YjY0OGNkNTVlNjAwZDU4OTEiLCJfYXV0aF91c2VyX2JhY2tlbmQiOiJkamFuZ28uY29udHJpYi5hdXRoLmJhY2tlbmRzLk1vZGVsQmFja2VuZCIsIl9hdXRoX3VzZXJfaWQiOiI2In0=	2016-04-29 13:46:24.510123+05:30
43t5jaocmlcxahzou201k602ooqe8h23	ZTQ1YzM5M2U5MjI0OTU1NDNlMzc5MWI2NTI0MzViMjNhOTkyZTljMzp7Il9hdXRoX3VzZXJfaGFzaCI6IjM0YTQ4NTc2MDA4MmQwMjgzZThkZTE5YjY0OGNkNTVlNjAwZDU4OTEiLCJfYXV0aF91c2VyX2JhY2tlbmQiOiJkamFuZ28uY29udHJpYi5hdXRoLmJhY2tlbmRzLk1vZGVsQmFja2VuZCIsIl9hdXRoX3VzZXJfaWQiOiI2In0=	2016-04-29 13:47:51.667527+05:30
i4u3r5x3ukugxpqe9kevkd0aquxuywgz	ZTQ1YzM5M2U5MjI0OTU1NDNlMzc5MWI2NTI0MzViMjNhOTkyZTljMzp7Il9hdXRoX3VzZXJfaGFzaCI6IjM0YTQ4NTc2MDA4MmQwMjgzZThkZTE5YjY0OGNkNTVlNjAwZDU4OTEiLCJfYXV0aF91c2VyX2JhY2tlbmQiOiJkamFuZ28uY29udHJpYi5hdXRoLmJhY2tlbmRzLk1vZGVsQmFja2VuZCIsIl9hdXRoX3VzZXJfaWQiOiI2In0=	2016-04-29 13:48:22.448555+05:30
97j6q8pdpnnp6xbt2n0iattcwdcpy0yi	ZTQ1YzM5M2U5MjI0OTU1NDNlMzc5MWI2NTI0MzViMjNhOTkyZTljMzp7Il9hdXRoX3VzZXJfaGFzaCI6IjM0YTQ4NTc2MDA4MmQwMjgzZThkZTE5YjY0OGNkNTVlNjAwZDU4OTEiLCJfYXV0aF91c2VyX2JhY2tlbmQiOiJkamFuZ28uY29udHJpYi5hdXRoLmJhY2tlbmRzLk1vZGVsQmFja2VuZCIsIl9hdXRoX3VzZXJfaWQiOiI2In0=	2016-04-29 13:57:38.861063+05:30
yfhodwzjwxio4hx1ifjauzivme09tfi4	ZTQ1YzM5M2U5MjI0OTU1NDNlMzc5MWI2NTI0MzViMjNhOTkyZTljMzp7Il9hdXRoX3VzZXJfaGFzaCI6IjM0YTQ4NTc2MDA4MmQwMjgzZThkZTE5YjY0OGNkNTVlNjAwZDU4OTEiLCJfYXV0aF91c2VyX2JhY2tlbmQiOiJkamFuZ28uY29udHJpYi5hdXRoLmJhY2tlbmRzLk1vZGVsQmFja2VuZCIsIl9hdXRoX3VzZXJfaWQiOiI2In0=	2016-04-29 14:02:23.405993+05:30
fx9ik1gncilgpkkq2v60o9jeau1pmixi	ZTQ1YzM5M2U5MjI0OTU1NDNlMzc5MWI2NTI0MzViMjNhOTkyZTljMzp7Il9hdXRoX3VzZXJfaGFzaCI6IjM0YTQ4NTc2MDA4MmQwMjgzZThkZTE5YjY0OGNkNTVlNjAwZDU4OTEiLCJfYXV0aF91c2VyX2JhY2tlbmQiOiJkamFuZ28uY29udHJpYi5hdXRoLmJhY2tlbmRzLk1vZGVsQmFja2VuZCIsIl9hdXRoX3VzZXJfaWQiOiI2In0=	2016-04-29 14:03:51.373988+05:30
lqzzgw8galyjgn2zwcj5pb3nkl7kojec	ZTQ1YzM5M2U5MjI0OTU1NDNlMzc5MWI2NTI0MzViMjNhOTkyZTljMzp7Il9hdXRoX3VzZXJfaGFzaCI6IjM0YTQ4NTc2MDA4MmQwMjgzZThkZTE5YjY0OGNkNTVlNjAwZDU4OTEiLCJfYXV0aF91c2VyX2JhY2tlbmQiOiJkamFuZ28uY29udHJpYi5hdXRoLmJhY2tlbmRzLk1vZGVsQmFja2VuZCIsIl9hdXRoX3VzZXJfaWQiOiI2In0=	2016-04-29 14:24:56.627962+05:30
dhyfzjwnxf56olo0kikg0flrfy1b06ry	ZTQ1YzM5M2U5MjI0OTU1NDNlMzc5MWI2NTI0MzViMjNhOTkyZTljMzp7Il9hdXRoX3VzZXJfaGFzaCI6IjM0YTQ4NTc2MDA4MmQwMjgzZThkZTE5YjY0OGNkNTVlNjAwZDU4OTEiLCJfYXV0aF91c2VyX2JhY2tlbmQiOiJkamFuZ28uY29udHJpYi5hdXRoLmJhY2tlbmRzLk1vZGVsQmFja2VuZCIsIl9hdXRoX3VzZXJfaWQiOiI2In0=	2016-04-29 14:27:08.4047+05:30
pyyb84u487lqsonea3oay92iekao70v9	ZjEzN2M3OWFmNTlkZDQ1MjRkMGQxOGYzNjFiYWIwNWFmMDRmY2IyODp7fQ==	2016-04-29 17:09:17.770404+05:30
6zdhza8zir2fmv7jv7bmy1zzbpmu9frw	YmQxOGVlYTdlOTM3YWUyZDVlNmFkNjZmZmRiN2YwYWEyMzg1MGM4ODp7Il9hdXRoX3VzZXJfaGFzaCI6IjQ2ZjExNWU1YTg5Y2ZiZmVmZWVhYjk4OWQzYTljNTUzOTNlY2I2ZTgiLCJfYXV0aF91c2VyX2JhY2tlbmQiOiJkamFuZ28uY29udHJpYi5hdXRoLmJhY2tlbmRzLk1vZGVsQmFja2VuZCIsIl9hdXRoX3VzZXJfaWQiOiIyIn0=	2016-04-29 14:46:21.060205+05:30
w567net9qajcoxircpdjej9cdhrnwnxz	YmQxOGVlYTdlOTM3YWUyZDVlNmFkNjZmZmRiN2YwYWEyMzg1MGM4ODp7Il9hdXRoX3VzZXJfaGFzaCI6IjQ2ZjExNWU1YTg5Y2ZiZmVmZWVhYjk4OWQzYTljNTUzOTNlY2I2ZTgiLCJfYXV0aF91c2VyX2JhY2tlbmQiOiJkamFuZ28uY29udHJpYi5hdXRoLmJhY2tlbmRzLk1vZGVsQmFja2VuZCIsIl9hdXRoX3VzZXJfaWQiOiIyIn0=	2016-04-29 14:47:37.363922+05:30
6nw8ua2y0nuukjiftzyv9uocz43s2dp8	YmQxOGVlYTdlOTM3YWUyZDVlNmFkNjZmZmRiN2YwYWEyMzg1MGM4ODp7Il9hdXRoX3VzZXJfaGFzaCI6IjQ2ZjExNWU1YTg5Y2ZiZmVmZWVhYjk4OWQzYTljNTUzOTNlY2I2ZTgiLCJfYXV0aF91c2VyX2JhY2tlbmQiOiJkamFuZ28uY29udHJpYi5hdXRoLmJhY2tlbmRzLk1vZGVsQmFja2VuZCIsIl9hdXRoX3VzZXJfaWQiOiIyIn0=	2016-04-29 14:52:04.025036+05:30
xrkd5o2os225m7okvm194a12bpefqir0	YmQxOGVlYTdlOTM3YWUyZDVlNmFkNjZmZmRiN2YwYWEyMzg1MGM4ODp7Il9hdXRoX3VzZXJfaGFzaCI6IjQ2ZjExNWU1YTg5Y2ZiZmVmZWVhYjk4OWQzYTljNTUzOTNlY2I2ZTgiLCJfYXV0aF91c2VyX2JhY2tlbmQiOiJkamFuZ28uY29udHJpYi5hdXRoLmJhY2tlbmRzLk1vZGVsQmFja2VuZCIsIl9hdXRoX3VzZXJfaWQiOiIyIn0=	2016-04-29 14:56:12.251208+05:30
ygogaofr02mlt1qwudwc0r0dzjs6pyyo	YmQxOGVlYTdlOTM3YWUyZDVlNmFkNjZmZmRiN2YwYWEyMzg1MGM4ODp7Il9hdXRoX3VzZXJfaGFzaCI6IjQ2ZjExNWU1YTg5Y2ZiZmVmZWVhYjk4OWQzYTljNTUzOTNlY2I2ZTgiLCJfYXV0aF91c2VyX2JhY2tlbmQiOiJkamFuZ28uY29udHJpYi5hdXRoLmJhY2tlbmRzLk1vZGVsQmFja2VuZCIsIl9hdXRoX3VzZXJfaWQiOiIyIn0=	2016-04-29 15:02:05.467222+05:30
ndozm7a73wpfyaoj9vjyttolplw5360j	YmQxOGVlYTdlOTM3YWUyZDVlNmFkNjZmZmRiN2YwYWEyMzg1MGM4ODp7Il9hdXRoX3VzZXJfaGFzaCI6IjQ2ZjExNWU1YTg5Y2ZiZmVmZWVhYjk4OWQzYTljNTUzOTNlY2I2ZTgiLCJfYXV0aF91c2VyX2JhY2tlbmQiOiJkamFuZ28uY29udHJpYi5hdXRoLmJhY2tlbmRzLk1vZGVsQmFja2VuZCIsIl9hdXRoX3VzZXJfaWQiOiIyIn0=	2016-04-29 15:18:19.151004+05:30
9fb0iqn0wpk3kzkzegmibqplvzuk95kr	YmQxOGVlYTdlOTM3YWUyZDVlNmFkNjZmZmRiN2YwYWEyMzg1MGM4ODp7Il9hdXRoX3VzZXJfaGFzaCI6IjQ2ZjExNWU1YTg5Y2ZiZmVmZWVhYjk4OWQzYTljNTUzOTNlY2I2ZTgiLCJfYXV0aF91c2VyX2JhY2tlbmQiOiJkamFuZ28uY29udHJpYi5hdXRoLmJhY2tlbmRzLk1vZGVsQmFja2VuZCIsIl9hdXRoX3VzZXJfaWQiOiIyIn0=	2016-04-29 15:20:03.8573+05:30
1f4dsshe69x2k2jtaj2exewix5l1gytn	ZTQ1YzM5M2U5MjI0OTU1NDNlMzc5MWI2NTI0MzViMjNhOTkyZTljMzp7Il9hdXRoX3VzZXJfaGFzaCI6IjM0YTQ4NTc2MDA4MmQwMjgzZThkZTE5YjY0OGNkNTVlNjAwZDU4OTEiLCJfYXV0aF91c2VyX2JhY2tlbmQiOiJkamFuZ28uY29udHJpYi5hdXRoLmJhY2tlbmRzLk1vZGVsQmFja2VuZCIsIl9hdXRoX3VzZXJfaWQiOiI2In0=	2016-04-29 15:20:44.231446+05:30
qcxw0n0evd55ty4x55diswydl392p3ew	ZTNkODYzZjRiMWI1NTIxZGM1ZmU1YTIyNWVkMzc4YWEzNzlhZmVlODp7Il9hdXRoX3VzZXJfaGFzaCI6IjcwN2Q5MzQ3MzI3ZjhhZTU4ZTI5ZjI1ZWQ4ZmMwMWNiMmUzY2ViZTAiLCJfYXV0aF91c2VyX2JhY2tlbmQiOiJkamFuZ28uY29udHJpYi5hdXRoLmJhY2tlbmRzLk1vZGVsQmFja2VuZCIsIl9hdXRoX3VzZXJfaWQiOiI2In0=	2016-05-02 06:43:12.205267+05:30
ro10talobmpclwr5ope5u883vax7snqi	ZGY0YmIwZWZjYjMxZjNlMjU2NDkxZTQ0ZDhmMWNjMWM2ZTEwMjllODp7Il9hdXRoX3VzZXJfaGFzaCI6IjQ2ZjExNWU1YTg5Y2ZiZmVmZWVhYjk4OWQzYTljNTUzOTNlY2I2ZTgiLCJfYXV0aF91c2VyX2JhY2tlbmQiOiJkamFuZ28uY29udHJpYi5hdXRoLmJhY2tlbmRzLk1vZGVsQmFja2VuZCIsIl9hdXRoX3VzZXJfaWQiOiI5In0=	2016-04-29 15:20:53.223947+05:30
229xyv9fomm4m10076n5ojwv5uzhm9ug	YmQxOGVlYTdlOTM3YWUyZDVlNmFkNjZmZmRiN2YwYWEyMzg1MGM4ODp7Il9hdXRoX3VzZXJfaGFzaCI6IjQ2ZjExNWU1YTg5Y2ZiZmVmZWVhYjk4OWQzYTljNTUzOTNlY2I2ZTgiLCJfYXV0aF91c2VyX2JhY2tlbmQiOiJkamFuZ28uY29udHJpYi5hdXRoLmJhY2tlbmRzLk1vZGVsQmFja2VuZCIsIl9hdXRoX3VzZXJfaWQiOiIyIn0=	2016-04-29 15:23:33.821627+05:30
r0bij59ap69osu2253y0qdr147966wcx	YmQxOGVlYTdlOTM3YWUyZDVlNmFkNjZmZmRiN2YwYWEyMzg1MGM4ODp7Il9hdXRoX3VzZXJfaGFzaCI6IjQ2ZjExNWU1YTg5Y2ZiZmVmZWVhYjk4OWQzYTljNTUzOTNlY2I2ZTgiLCJfYXV0aF91c2VyX2JhY2tlbmQiOiJkamFuZ28uY29udHJpYi5hdXRoLmJhY2tlbmRzLk1vZGVsQmFja2VuZCIsIl9hdXRoX3VzZXJfaWQiOiIyIn0=	2016-04-29 16:46:36.516916+05:30
yazu47cds6uuphtrilhzr9asevpnx89u	YmQxOGVlYTdlOTM3YWUyZDVlNmFkNjZmZmRiN2YwYWEyMzg1MGM4ODp7Il9hdXRoX3VzZXJfaGFzaCI6IjQ2ZjExNWU1YTg5Y2ZiZmVmZWVhYjk4OWQzYTljNTUzOTNlY2I2ZTgiLCJfYXV0aF91c2VyX2JhY2tlbmQiOiJkamFuZ28uY29udHJpYi5hdXRoLmJhY2tlbmRzLk1vZGVsQmFja2VuZCIsIl9hdXRoX3VzZXJfaWQiOiIyIn0=	2016-04-29 16:54:07.265719+05:30
yu51qoz7by4yo6ygykmlr0v5jo3mj1x1	YmQxOGVlYTdlOTM3YWUyZDVlNmFkNjZmZmRiN2YwYWEyMzg1MGM4ODp7Il9hdXRoX3VzZXJfaGFzaCI6IjQ2ZjExNWU1YTg5Y2ZiZmVmZWVhYjk4OWQzYTljNTUzOTNlY2I2ZTgiLCJfYXV0aF91c2VyX2JhY2tlbmQiOiJkamFuZ28uY29udHJpYi5hdXRoLmJhY2tlbmRzLk1vZGVsQmFja2VuZCIsIl9hdXRoX3VzZXJfaWQiOiIyIn0=	2016-04-29 16:59:59.293812+05:30
jgqzo0wa45fg3zhknj0bzr1ee5kfsnhp	YmQxOGVlYTdlOTM3YWUyZDVlNmFkNjZmZmRiN2YwYWEyMzg1MGM4ODp7Il9hdXRoX3VzZXJfaGFzaCI6IjQ2ZjExNWU1YTg5Y2ZiZmVmZWVhYjk4OWQzYTljNTUzOTNlY2I2ZTgiLCJfYXV0aF91c2VyX2JhY2tlbmQiOiJkamFuZ28uY29udHJpYi5hdXRoLmJhY2tlbmRzLk1vZGVsQmFja2VuZCIsIl9hdXRoX3VzZXJfaWQiOiIyIn0=	2016-04-29 17:01:17.127668+05:30
8uas0dlka125y5avg6vj9vswekchoa8t	YmQxOGVlYTdlOTM3YWUyZDVlNmFkNjZmZmRiN2YwYWEyMzg1MGM4ODp7Il9hdXRoX3VzZXJfaGFzaCI6IjQ2ZjExNWU1YTg5Y2ZiZmVmZWVhYjk4OWQzYTljNTUzOTNlY2I2ZTgiLCJfYXV0aF91c2VyX2JhY2tlbmQiOiJkamFuZ28uY29udHJpYi5hdXRoLmJhY2tlbmRzLk1vZGVsQmFja2VuZCIsIl9hdXRoX3VzZXJfaWQiOiIyIn0=	2016-04-29 17:02:54.713931+05:30
kwffglvbbj6zmetbkz6b02yemzkfds9e	YmFlYTdhN2FmNTE3NmM4NzQ3NjUxNGYwZjI2ZWZlMDhhMjVhNjQ2MTp7Il9hdXRoX3VzZXJfaGFzaCI6ImU2ZmNjMTdhNTRiYzg3YmUzNjA2OWFhN2VmZjFkNTNiNjAxNDE5NDgiLCJfYXV0aF91c2VyX2lkIjoiMiIsIl9hdXRoX3VzZXJfYmFja2VuZCI6ImRqYW5nby5jb250cmliLmF1dGguYmFja2VuZHMuTW9kZWxCYWNrZW5kIn0=	2016-04-29 17:03:46.628003+05:30
azl31izjuveuy5t00su9w50e7rtnxzkn	YTZjOTI4MTNjNDM2MWRlMmY5NWEwMTA0Zjc1MjI1ODE5ZDUxNGFkZTp7Il9hdXRoX3VzZXJfaGFzaCI6ImU2ZmNjMTdhNTRiYzg3YmUzNjA2OWFhN2VmZjFkNTNiNjAxNDE5NDgiLCJfYXV0aF91c2VyX2JhY2tlbmQiOiJkamFuZ28uY29udHJpYi5hdXRoLmJhY2tlbmRzLk1vZGVsQmFja2VuZCIsIl9hdXRoX3VzZXJfaWQiOiIyIn0=	2016-04-29 17:03:53.896673+05:30
s1e10f6n53r8bjgt5kg08b1nelqh80c4	ZjEzN2M3OWFmNTlkZDQ1MjRkMGQxOGYzNjFiYWIwNWFmMDRmY2IyODp7fQ==	2016-04-29 17:04:00.350186+05:30
2bt2x4ajz4bid55i0ohrysevl0t6e6na	N2JmNjMyZDM1MDc4N2IwNWE4ZTUyZDU2MmUyNjU2Y2M5NjI2YjFiMzp7Il9hdXRoX3VzZXJfaGFzaCI6IjgyYTZmOTdlODhlZWY2ZDMwN2NhYWRhMTQzYTU5NzE0NGIwNGZmNDAiLCJfYXV0aF91c2VyX2lkIjoiMiIsIl9hdXRoX3VzZXJfYmFja2VuZCI6ImRqYW5nby5jb250cmliLmF1dGguYmFja2VuZHMuTW9kZWxCYWNrZW5kIn0=	2016-04-29 17:10:00.792281+05:30
matz31omywmmgyk9t798jul9ra18ejt8	Y2FiN2U5MTAwOTA2ZTFmMTRkMTRiNTQ3NzE3N2FjNTlhNTZhMmNiYjp7Il9hdXRoX3VzZXJfaGFzaCI6IjgyYTZmOTdlODhlZWY2ZDMwN2NhYWRhMTQzYTU5NzE0NGIwNGZmNDAiLCJfYXV0aF91c2VyX2JhY2tlbmQiOiJkamFuZ28uY29udHJpYi5hdXRoLmJhY2tlbmRzLk1vZGVsQmFja2VuZCIsIl9hdXRoX3VzZXJfaWQiOiIyIn0=	2016-04-29 17:10:27.169187+05:30
mg6vt69dnzelqyifta6br9xd4wblgmwq	ZjEzN2M3OWFmNTlkZDQ1MjRkMGQxOGYzNjFiYWIwNWFmMDRmY2IyODp7fQ==	2016-04-29 17:10:33.929655+05:30
v4ba1dct88ob1s9cdx9jnjix13tmsf0k	ZjEzN2M3OWFmNTlkZDQ1MjRkMGQxOGYzNjFiYWIwNWFmMDRmY2IyODp7fQ==	2016-04-29 17:10:42.151339+05:30
ubfz8aoc1c2a6wmtc594gko1i60501gw	Y2FiN2U5MTAwOTA2ZTFmMTRkMTRiNTQ3NzE3N2FjNTlhNTZhMmNiYjp7Il9hdXRoX3VzZXJfaGFzaCI6IjgyYTZmOTdlODhlZWY2ZDMwN2NhYWRhMTQzYTU5NzE0NGIwNGZmNDAiLCJfYXV0aF91c2VyX2JhY2tlbmQiOiJkamFuZ28uY29udHJpYi5hdXRoLmJhY2tlbmRzLk1vZGVsQmFja2VuZCIsIl9hdXRoX3VzZXJfaWQiOiIyIn0=	2016-04-29 17:11:13.706136+05:30
0qlv6ulwpdtsiqv3gaz3d51sualv44iq	Y2FiN2U5MTAwOTA2ZTFmMTRkMTRiNTQ3NzE3N2FjNTlhNTZhMmNiYjp7Il9hdXRoX3VzZXJfaGFzaCI6IjgyYTZmOTdlODhlZWY2ZDMwN2NhYWRhMTQzYTU5NzE0NGIwNGZmNDAiLCJfYXV0aF91c2VyX2JhY2tlbmQiOiJkamFuZ28uY29udHJpYi5hdXRoLmJhY2tlbmRzLk1vZGVsQmFja2VuZCIsIl9hdXRoX3VzZXJfaWQiOiIyIn0=	2016-04-29 17:26:23.32466+05:30
c9w87w9e3he84e0bduz97hs7e9lpm38u	ZTQ1YzM5M2U5MjI0OTU1NDNlMzc5MWI2NTI0MzViMjNhOTkyZTljMzp7Il9hdXRoX3VzZXJfaGFzaCI6IjM0YTQ4NTc2MDA4MmQwMjgzZThkZTE5YjY0OGNkNTVlNjAwZDU4OTEiLCJfYXV0aF91c2VyX2JhY2tlbmQiOiJkamFuZ28uY29udHJpYi5hdXRoLmJhY2tlbmRzLk1vZGVsQmFja2VuZCIsIl9hdXRoX3VzZXJfaWQiOiI2In0=	2016-04-29 17:31:34.449903+05:30
sb4n6oyqn99ej7cluttpkj9qwgg71j4i	ZGY0YmIwZWZjYjMxZjNlMjU2NDkxZTQ0ZDhmMWNjMWM2ZTEwMjllODp7Il9hdXRoX3VzZXJfaGFzaCI6IjQ2ZjExNWU1YTg5Y2ZiZmVmZWVhYjk4OWQzYTljNTUzOTNlY2I2ZTgiLCJfYXV0aF91c2VyX2JhY2tlbmQiOiJkamFuZ28uY29udHJpYi5hdXRoLmJhY2tlbmRzLk1vZGVsQmFja2VuZCIsIl9hdXRoX3VzZXJfaWQiOiI5In0=	2016-04-29 17:31:45.421503+05:30
o598xfmqtahjqyexrstnv6xcu53xql5z	Nzk1NDE0Yzk5NmFlNWI5Y2JjNzdhOGRmMDNkNDgzNGRlMWM3MTQ0ZTp7Il9hdXRoX3VzZXJfaGFzaCI6IjcwN2Q5MzQ3MzI3ZjhhZTU4ZTI5ZjI1ZWQ4ZmMwMWNiMmUzY2ViZTAiLCJfYXV0aF91c2VyX2JhY2tlbmQiOiJkamFuZ28uY29udHJpYi5hdXRoLmJhY2tlbmRzLk1vZGVsQmFja2VuZCIsIl9hdXRoX3VzZXJfaWQiOiIyIn0=	2016-04-29 17:48:09.023566+05:30
3fkwppuqoul8afc8ourvooh6z19nwyyv	NGM4ZmE3ZDIxNDA2YzI4NGQzMTM2ZGNmMDc3YTQ4Mzc5N2RlNGIxMjp7Il9hdXRoX3VzZXJfaGFzaCI6IjcwN2Q5MzQ3MzI3ZjhhZTU4ZTI5ZjI1ZWQ4ZmMwMWNiMmUzY2ViZTAiLCJfYXV0aF91c2VyX2JhY2tlbmQiOiJkamFuZ28uY29udHJpYi5hdXRoLmJhY2tlbmRzLk1vZGVsQmFja2VuZCIsIl9hdXRoX3VzZXJfaWQiOiIzIn0=	2016-04-29 19:20:17.443449+05:30
r7b7bi6w49304p73rnw47eza0esk6bbg	NGM4ZmE3ZDIxNDA2YzI4NGQzMTM2ZGNmMDc3YTQ4Mzc5N2RlNGIxMjp7Il9hdXRoX3VzZXJfaGFzaCI6IjcwN2Q5MzQ3MzI3ZjhhZTU4ZTI5ZjI1ZWQ4ZmMwMWNiMmUzY2ViZTAiLCJfYXV0aF91c2VyX2JhY2tlbmQiOiJkamFuZ28uY29udHJpYi5hdXRoLmJhY2tlbmRzLk1vZGVsQmFja2VuZCIsIl9hdXRoX3VzZXJfaWQiOiIzIn0=	2016-04-29 19:24:27.85575+05:30
04m1863w1d6r7967jtc6gjdn93yspsjd	NGM4ZmE3ZDIxNDA2YzI4NGQzMTM2ZGNmMDc3YTQ4Mzc5N2RlNGIxMjp7Il9hdXRoX3VzZXJfaGFzaCI6IjcwN2Q5MzQ3MzI3ZjhhZTU4ZTI5ZjI1ZWQ4ZmMwMWNiMmUzY2ViZTAiLCJfYXV0aF91c2VyX2JhY2tlbmQiOiJkamFuZ28uY29udHJpYi5hdXRoLmJhY2tlbmRzLk1vZGVsQmFja2VuZCIsIl9hdXRoX3VzZXJfaWQiOiIzIn0=	2016-04-29 19:26:32.742512+05:30
4ezygusy3ijeqqn5m3zxqs61zyctbysi	NGM4ZmE3ZDIxNDA2YzI4NGQzMTM2ZGNmMDc3YTQ4Mzc5N2RlNGIxMjp7Il9hdXRoX3VzZXJfaGFzaCI6IjcwN2Q5MzQ3MzI3ZjhhZTU4ZTI5ZjI1ZWQ4ZmMwMWNiMmUzY2ViZTAiLCJfYXV0aF91c2VyX2JhY2tlbmQiOiJkamFuZ28uY29udHJpYi5hdXRoLmJhY2tlbmRzLk1vZGVsQmFja2VuZCIsIl9hdXRoX3VzZXJfaWQiOiIzIn0=	2016-04-29 19:30:07.825249+05:30
v5fu5if63z3tffofbpmxwwnirstljb4j	NGM4ZmE3ZDIxNDA2YzI4NGQzMTM2ZGNmMDc3YTQ4Mzc5N2RlNGIxMjp7Il9hdXRoX3VzZXJfaGFzaCI6IjcwN2Q5MzQ3MzI3ZjhhZTU4ZTI5ZjI1ZWQ4ZmMwMWNiMmUzY2ViZTAiLCJfYXV0aF91c2VyX2JhY2tlbmQiOiJkamFuZ28uY29udHJpYi5hdXRoLmJhY2tlbmRzLk1vZGVsQmFja2VuZCIsIl9hdXRoX3VzZXJfaWQiOiIzIn0=	2016-04-29 19:32:19.055761+05:30
nveo9yn7xacikwh9fo5099e2z9ohbfi2	NjhiZTUxODBlNzY4YWI5NDQ3ODYwOGI4ZDkyNzFmMTRmYzU4YTIxZjp7Il9hdXRoX3VzZXJfaGFzaCI6Ijg4Njc5ZDcyNzY0MGI2ZWVlYjZhZDk3ODUxYTQzNjc0OWI3ZDMyMWIiLCJfYXV0aF91c2VyX2lkIjoiMyIsIl9hdXRoX3VzZXJfYmFja2VuZCI6ImRqYW5nby5jb250cmliLmF1dGguYmFja2VuZHMuTW9kZWxCYWNrZW5kIn0=	2016-04-29 19:33:49.36389+05:30
q2k4sg1qodv45jnyrh9rfevpkjrokpxf	OWM0YjA1ZWNkYWIwNWIwNzI3MmU5NWVkZjNhMGM5Mjg5MjQyZTViMDp7Il9hdXRoX3VzZXJfaGFzaCI6Ijg4Njc5ZDcyNzY0MGI2ZWVlYjZhZDk3ODUxYTQzNjc0OWI3ZDMyMWIiLCJfYXV0aF91c2VyX2JhY2tlbmQiOiJkamFuZ28uY29udHJpYi5hdXRoLmJhY2tlbmRzLk1vZGVsQmFja2VuZCIsIl9hdXRoX3VzZXJfaWQiOiIzIn0=	2016-04-29 19:34:02.227038+05:30
sg8dg165c9lflg36c887zcwci708lvjy	OTgyZmE3ZTRjYjNlMGE5MDY2ZWY5MGZjZjVlMGEzMTNlNjU2N2I4Mjp7Il9hdXRoX3VzZXJfaGFzaCI6IjcxMmE2N2U0ZWI0ZDcwZTM3Y2YzZWI1MzkxYzYwNmY3MjdiOGYxNjkiLCJfYXV0aF91c2VyX2lkIjoiMyIsIl9hdXRoX3VzZXJfYmFja2VuZCI6ImRqYW5nby5jb250cmliLmF1dGguYmFja2VuZHMuTW9kZWxCYWNrZW5kIn0=	2016-04-29 20:17:36.375547+05:30
lwhl9gj8ppwd1yx7rmf9l1wjvy2aopr0	YzliYjZmMDdiOWNmMzZjY2NkNTlhYmYzZDE3YmFkMmEwODg5MTJmOTp7Il9hdXRoX3VzZXJfaGFzaCI6IjcxMmE2N2U0ZWI0ZDcwZTM3Y2YzZWI1MzkxYzYwNmY3MjdiOGYxNjkiLCJfYXV0aF91c2VyX2JhY2tlbmQiOiJkamFuZ28uY29udHJpYi5hdXRoLmJhY2tlbmRzLk1vZGVsQmFja2VuZCIsIl9hdXRoX3VzZXJfaWQiOiIzIn0=	2016-04-29 20:18:00.283481+05:30
fea8vhrx2snk26nvljog0nr2vvs94qok	ZDViMTVmOTg4ZWU5YmM0ODliYTQwMzdhZTAwNDkxNTgyOTA2Njc5Mzp7Il9hdXRoX3VzZXJfaGFzaCI6IjIzODE4ZmI1MDQxNjk1NWRhMzdiNDIyODljNzg5YjE5ZTUxNDAyMGMiLCJfYXV0aF91c2VyX2lkIjoiMyIsIl9hdXRoX3VzZXJfYmFja2VuZCI6ImRqYW5nby5jb250cmliLmF1dGguYmFja2VuZHMuTW9kZWxCYWNrZW5kIn0=	2016-04-29 20:20:33.800926+05:30
h2z38xjoiubzy6ebky8cuwshwcwhaksu	YjdlOTlkMjc0ZTVkN2YxZDEwNzBlNGEzMDE2OGIxNDUwZDlhY2ZiNjp7Il9hdXRoX3VzZXJfaGFzaCI6IjRmN2I0Y2UwZjJlNmFiNzRiZDNhNGNiODUxZmI1ZmY5NjdkNjk3MGUiLCJfYXV0aF91c2VyX2lkIjoiMyIsIl9hdXRoX3VzZXJfYmFja2VuZCI6ImRqYW5nby5jb250cmliLmF1dGguYmFja2VuZHMuTW9kZWxCYWNrZW5kIn0=	2016-04-29 20:22:14.913696+05:30
ifdb11i2a06cfny8buymfwaw39jydqs3	ZTNmN2U3NjczNDljMmQ1OTc0N2Q5NWRjNjE4NTBmNjdjNzJmMmY2Mjp7Il9hdXRoX3VzZXJfaGFzaCI6IjRmN2I0Y2UwZjJlNmFiNzRiZDNhNGNiODUxZmI1ZmY5NjdkNjk3MGUiLCJfYXV0aF91c2VyX2JhY2tlbmQiOiJkamFuZ28uY29udHJpYi5hdXRoLmJhY2tlbmRzLk1vZGVsQmFja2VuZCIsIl9hdXRoX3VzZXJfaWQiOiIzIn0=	2016-04-29 20:22:41.618352+05:30
gl1vb3tvzqrtgpon6cttyxy20iy2rub8	Nzk1NDE0Yzk5NmFlNWI5Y2JjNzdhOGRmMDNkNDgzNGRlMWM3MTQ0ZTp7Il9hdXRoX3VzZXJfaGFzaCI6IjcwN2Q5MzQ3MzI3ZjhhZTU4ZTI5ZjI1ZWQ4ZmMwMWNiMmUzY2ViZTAiLCJfYXV0aF91c2VyX2JhY2tlbmQiOiJkamFuZ28uY29udHJpYi5hdXRoLmJhY2tlbmRzLk1vZGVsQmFja2VuZCIsIl9hdXRoX3VzZXJfaWQiOiIyIn0=	2016-04-29 20:23:55.554988+05:30
sic2lzclacvxpghxrtcssj2qaywp10s0	ZTA1MDdhNWJmOWRmMWFmNTZiNjRmMDAxOTkwMDAxMjIxNmVkYjA0NTp7Il9hdXRoX3VzZXJfaGFzaCI6ImMwN2IyOGQ0ZDhmYWEwNjVhMTQyOThlZTg1ZWRlZmZmMzJiMzY5YWMiLCJfYXV0aF91c2VyX2lkIjoiMyIsIl9hdXRoX3VzZXJfYmFja2VuZCI6ImRqYW5nby5jb250cmliLmF1dGguYmFja2VuZHMuTW9kZWxCYWNrZW5kIn0=	2016-04-29 20:27:55.39766+05:30
1drr5736dni7diooc9179ay3aga45ay1	Nzk1NDE0Yzk5NmFlNWI5Y2JjNzdhOGRmMDNkNDgzNGRlMWM3MTQ0ZTp7Il9hdXRoX3VzZXJfaGFzaCI6IjcwN2Q5MzQ3MzI3ZjhhZTU4ZTI5ZjI1ZWQ4ZmMwMWNiMmUzY2ViZTAiLCJfYXV0aF91c2VyX2JhY2tlbmQiOiJkamFuZ28uY29udHJpYi5hdXRoLmJhY2tlbmRzLk1vZGVsQmFja2VuZCIsIl9hdXRoX3VzZXJfaWQiOiIyIn0=	2016-04-29 20:36:37.309498+05:30
k6h2k6uisxc7wx652dj8wag3m5o0r48l	ZjY2MWFhMDk3ODBmY2NhNmYzYjI4YTdhYjRkODIxZGMwN2VmN2IwNjp7Il9hdXRoX3VzZXJfaGFzaCI6ImMwN2IyOGQ0ZDhmYWEwNjVhMTQyOThlZTg1ZWRlZmZmMzJiMzY5YWMiLCJfYXV0aF91c2VyX2JhY2tlbmQiOiJkamFuZ28uY29udHJpYi5hdXRoLmJhY2tlbmRzLk1vZGVsQmFja2VuZCIsIl9hdXRoX3VzZXJfaWQiOiIzIn0=	2016-04-30 17:28:21.428346+05:30
is146epf0bf481zcnmizapes4a6tllwz	ZjY2MWFhMDk3ODBmY2NhNmYzYjI4YTdhYjRkODIxZGMwN2VmN2IwNjp7Il9hdXRoX3VzZXJfaGFzaCI6ImMwN2IyOGQ0ZDhmYWEwNjVhMTQyOThlZTg1ZWRlZmZmMzJiMzY5YWMiLCJfYXV0aF91c2VyX2JhY2tlbmQiOiJkamFuZ28uY29udHJpYi5hdXRoLmJhY2tlbmRzLk1vZGVsQmFja2VuZCIsIl9hdXRoX3VzZXJfaWQiOiIzIn0=	2016-04-30 17:33:24.592606+05:30
45cevhzc6gzeqsuib0fhsayvsk6i9w8v	ZjY2MWFhMDk3ODBmY2NhNmYzYjI4YTdhYjRkODIxZGMwN2VmN2IwNjp7Il9hdXRoX3VzZXJfaGFzaCI6ImMwN2IyOGQ0ZDhmYWEwNjVhMTQyOThlZTg1ZWRlZmZmMzJiMzY5YWMiLCJfYXV0aF91c2VyX2JhY2tlbmQiOiJkamFuZ28uY29udHJpYi5hdXRoLmJhY2tlbmRzLk1vZGVsQmFja2VuZCIsIl9hdXRoX3VzZXJfaWQiOiIzIn0=	2016-04-30 17:33:42.873084+05:30
m01vdyhlg6wn2os3k616e6iyeke7844g	ZjY2MWFhMDk3ODBmY2NhNmYzYjI4YTdhYjRkODIxZGMwN2VmN2IwNjp7Il9hdXRoX3VzZXJfaGFzaCI6ImMwN2IyOGQ0ZDhmYWEwNjVhMTQyOThlZTg1ZWRlZmZmMzJiMzY5YWMiLCJfYXV0aF91c2VyX2JhY2tlbmQiOiJkamFuZ28uY29udHJpYi5hdXRoLmJhY2tlbmRzLk1vZGVsQmFja2VuZCIsIl9hdXRoX3VzZXJfaWQiOiIzIn0=	2016-04-30 17:33:50.745476+05:30
unddsfivea3l8re87rtppxhk3vzc7ook	ZjY2MWFhMDk3ODBmY2NhNmYzYjI4YTdhYjRkODIxZGMwN2VmN2IwNjp7Il9hdXRoX3VzZXJfaGFzaCI6ImMwN2IyOGQ0ZDhmYWEwNjVhMTQyOThlZTg1ZWRlZmZmMzJiMzY5YWMiLCJfYXV0aF91c2VyX2JhY2tlbmQiOiJkamFuZ28uY29udHJpYi5hdXRoLmJhY2tlbmRzLk1vZGVsQmFja2VuZCIsIl9hdXRoX3VzZXJfaWQiOiIzIn0=	2016-04-30 17:34:05.625319+05:30
gu9xyqrkew2ol9lvrlrc851i9eme2zhp	ZjY2MWFhMDk3ODBmY2NhNmYzYjI4YTdhYjRkODIxZGMwN2VmN2IwNjp7Il9hdXRoX3VzZXJfaGFzaCI6ImMwN2IyOGQ0ZDhmYWEwNjVhMTQyOThlZTg1ZWRlZmZmMzJiMzY5YWMiLCJfYXV0aF91c2VyX2JhY2tlbmQiOiJkamFuZ28uY29udHJpYi5hdXRoLmJhY2tlbmRzLk1vZGVsQmFja2VuZCIsIl9hdXRoX3VzZXJfaWQiOiIzIn0=	2016-04-30 17:34:18.643107+05:30
bfmi8hxj3cvc5unzgck31xnsy7390lsk	ZjY2MWFhMDk3ODBmY2NhNmYzYjI4YTdhYjRkODIxZGMwN2VmN2IwNjp7Il9hdXRoX3VzZXJfaGFzaCI6ImMwN2IyOGQ0ZDhmYWEwNjVhMTQyOThlZTg1ZWRlZmZmMzJiMzY5YWMiLCJfYXV0aF91c2VyX2JhY2tlbmQiOiJkamFuZ28uY29udHJpYi5hdXRoLmJhY2tlbmRzLk1vZGVsQmFja2VuZCIsIl9hdXRoX3VzZXJfaWQiOiIzIn0=	2016-04-30 17:34:44.407119+05:30
z6lm6m0jycfakhxe010id1c7kv6uprze	ZjY2MWFhMDk3ODBmY2NhNmYzYjI4YTdhYjRkODIxZGMwN2VmN2IwNjp7Il9hdXRoX3VzZXJfaGFzaCI6ImMwN2IyOGQ0ZDhmYWEwNjVhMTQyOThlZTg1ZWRlZmZmMzJiMzY5YWMiLCJfYXV0aF91c2VyX2JhY2tlbmQiOiJkamFuZ28uY29udHJpYi5hdXRoLmJhY2tlbmRzLk1vZGVsQmFja2VuZCIsIl9hdXRoX3VzZXJfaWQiOiIzIn0=	2016-04-30 17:34:48.737586+05:30
6x9a2ta54cc4fql51p2m7a1ewaowhce6	ZjY2MWFhMDk3ODBmY2NhNmYzYjI4YTdhYjRkODIxZGMwN2VmN2IwNjp7Il9hdXRoX3VzZXJfaGFzaCI6ImMwN2IyOGQ0ZDhmYWEwNjVhMTQyOThlZTg1ZWRlZmZmMzJiMzY5YWMiLCJfYXV0aF91c2VyX2JhY2tlbmQiOiJkamFuZ28uY29udHJpYi5hdXRoLmJhY2tlbmRzLk1vZGVsQmFja2VuZCIsIl9hdXRoX3VzZXJfaWQiOiIzIn0=	2016-04-30 17:34:59.019694+05:30
1mvxjt2x5t83wzpy2pqwqpvm7qcfj9sx	ZjY2MWFhMDk3ODBmY2NhNmYzYjI4YTdhYjRkODIxZGMwN2VmN2IwNjp7Il9hdXRoX3VzZXJfaGFzaCI6ImMwN2IyOGQ0ZDhmYWEwNjVhMTQyOThlZTg1ZWRlZmZmMzJiMzY5YWMiLCJfYXV0aF91c2VyX2JhY2tlbmQiOiJkamFuZ28uY29udHJpYi5hdXRoLmJhY2tlbmRzLk1vZGVsQmFja2VuZCIsIl9hdXRoX3VzZXJfaWQiOiIzIn0=	2016-04-30 17:35:16.425958+05:30
qyhjob8cpuelrvcdl1u3dza2u733ib55	ZjY2MWFhMDk3ODBmY2NhNmYzYjI4YTdhYjRkODIxZGMwN2VmN2IwNjp7Il9hdXRoX3VzZXJfaGFzaCI6ImMwN2IyOGQ0ZDhmYWEwNjVhMTQyOThlZTg1ZWRlZmZmMzJiMzY5YWMiLCJfYXV0aF91c2VyX2JhY2tlbmQiOiJkamFuZ28uY29udHJpYi5hdXRoLmJhY2tlbmRzLk1vZGVsQmFja2VuZCIsIl9hdXRoX3VzZXJfaWQiOiIzIn0=	2016-04-30 17:35:31.615238+05:30
kk1kjt3ord84oahwsfdhpfkk8bwua622	ZjY2MWFhMDk3ODBmY2NhNmYzYjI4YTdhYjRkODIxZGMwN2VmN2IwNjp7Il9hdXRoX3VzZXJfaGFzaCI6ImMwN2IyOGQ0ZDhmYWEwNjVhMTQyOThlZTg1ZWRlZmZmMzJiMzY5YWMiLCJfYXV0aF91c2VyX2JhY2tlbmQiOiJkamFuZ28uY29udHJpYi5hdXRoLmJhY2tlbmRzLk1vZGVsQmFja2VuZCIsIl9hdXRoX3VzZXJfaWQiOiIzIn0=	2016-04-30 17:35:48.107741+05:30
5gyzrshrd0obf4k92gwdw6gxyu3awz4j	ZjY2MWFhMDk3ODBmY2NhNmYzYjI4YTdhYjRkODIxZGMwN2VmN2IwNjp7Il9hdXRoX3VzZXJfaGFzaCI6ImMwN2IyOGQ0ZDhmYWEwNjVhMTQyOThlZTg1ZWRlZmZmMzJiMzY5YWMiLCJfYXV0aF91c2VyX2JhY2tlbmQiOiJkamFuZ28uY29udHJpYi5hdXRoLmJhY2tlbmRzLk1vZGVsQmFja2VuZCIsIl9hdXRoX3VzZXJfaWQiOiIzIn0=	2016-04-30 17:36:11.383984+05:30
pde5341oumhypci8vg34clsu02hqzfo5	ZjY2MWFhMDk3ODBmY2NhNmYzYjI4YTdhYjRkODIxZGMwN2VmN2IwNjp7Il9hdXRoX3VzZXJfaGFzaCI6ImMwN2IyOGQ0ZDhmYWEwNjVhMTQyOThlZTg1ZWRlZmZmMzJiMzY5YWMiLCJfYXV0aF91c2VyX2JhY2tlbmQiOiJkamFuZ28uY29udHJpYi5hdXRoLmJhY2tlbmRzLk1vZGVsQmFja2VuZCIsIl9hdXRoX3VzZXJfaWQiOiIzIn0=	2016-04-30 17:36:20.797437+05:30
y6p8wcs3npiznft379zvaozqkgxe5781	ZjY2MWFhMDk3ODBmY2NhNmYzYjI4YTdhYjRkODIxZGMwN2VmN2IwNjp7Il9hdXRoX3VzZXJfaGFzaCI6ImMwN2IyOGQ0ZDhmYWEwNjVhMTQyOThlZTg1ZWRlZmZmMzJiMzY5YWMiLCJfYXV0aF91c2VyX2JhY2tlbmQiOiJkamFuZ28uY29udHJpYi5hdXRoLmJhY2tlbmRzLk1vZGVsQmFja2VuZCIsIl9hdXRoX3VzZXJfaWQiOiIzIn0=	2016-04-30 17:37:03.102853+05:30
fyk78b61ewwnvlzhihvr50griqqmgrv4	ZjY2MWFhMDk3ODBmY2NhNmYzYjI4YTdhYjRkODIxZGMwN2VmN2IwNjp7Il9hdXRoX3VzZXJfaGFzaCI6ImMwN2IyOGQ0ZDhmYWEwNjVhMTQyOThlZTg1ZWRlZmZmMzJiMzY5YWMiLCJfYXV0aF91c2VyX2JhY2tlbmQiOiJkamFuZ28uY29udHJpYi5hdXRoLmJhY2tlbmRzLk1vZGVsQmFja2VuZCIsIl9hdXRoX3VzZXJfaWQiOiIzIn0=	2016-04-30 17:37:10.805692+05:30
wni5qyu39k5rwv6eggvpu7wbzvz9jk6x	ZjY2MWFhMDk3ODBmY2NhNmYzYjI4YTdhYjRkODIxZGMwN2VmN2IwNjp7Il9hdXRoX3VzZXJfaGFzaCI6ImMwN2IyOGQ0ZDhmYWEwNjVhMTQyOThlZTg1ZWRlZmZmMzJiMzY5YWMiLCJfYXV0aF91c2VyX2JhY2tlbmQiOiJkamFuZ28uY29udHJpYi5hdXRoLmJhY2tlbmRzLk1vZGVsQmFja2VuZCIsIl9hdXRoX3VzZXJfaWQiOiIzIn0=	2016-04-30 17:37:55.92508+05:30
e8461zd3ed8ml22wrllydr54covqeo87	ZjY2MWFhMDk3ODBmY2NhNmYzYjI4YTdhYjRkODIxZGMwN2VmN2IwNjp7Il9hdXRoX3VzZXJfaGFzaCI6ImMwN2IyOGQ0ZDhmYWEwNjVhMTQyOThlZTg1ZWRlZmZmMzJiMzY5YWMiLCJfYXV0aF91c2VyX2JhY2tlbmQiOiJkamFuZ28uY29udHJpYi5hdXRoLmJhY2tlbmRzLk1vZGVsQmFja2VuZCIsIl9hdXRoX3VzZXJfaWQiOiIzIn0=	2016-04-30 17:38:06.502934+05:30
je4xgrt863gmaba6fgpsxsq8jknx5te1	ZjY2MWFhMDk3ODBmY2NhNmYzYjI4YTdhYjRkODIxZGMwN2VmN2IwNjp7Il9hdXRoX3VzZXJfaGFzaCI6ImMwN2IyOGQ0ZDhmYWEwNjVhMTQyOThlZTg1ZWRlZmZmMzJiMzY5YWMiLCJfYXV0aF91c2VyX2JhY2tlbmQiOiJkamFuZ28uY29udHJpYi5hdXRoLmJhY2tlbmRzLk1vZGVsQmFja2VuZCIsIl9hdXRoX3VzZXJfaWQiOiIzIn0=	2016-04-30 17:38:18.455822+05:30
4bp9pvfhs0ts0r0cl4i8np6f5wpkpzjw	ZjY2MWFhMDk3ODBmY2NhNmYzYjI4YTdhYjRkODIxZGMwN2VmN2IwNjp7Il9hdXRoX3VzZXJfaGFzaCI6ImMwN2IyOGQ0ZDhmYWEwNjVhMTQyOThlZTg1ZWRlZmZmMzJiMzY5YWMiLCJfYXV0aF91c2VyX2JhY2tlbmQiOiJkamFuZ28uY29udHJpYi5hdXRoLmJhY2tlbmRzLk1vZGVsQmFja2VuZCIsIl9hdXRoX3VzZXJfaWQiOiIzIn0=	2016-04-30 17:38:29.60949+05:30
mmwim3k5yzirpxrukr3y82snct4auj14	ZjY2MWFhMDk3ODBmY2NhNmYzYjI4YTdhYjRkODIxZGMwN2VmN2IwNjp7Il9hdXRoX3VzZXJfaGFzaCI6ImMwN2IyOGQ0ZDhmYWEwNjVhMTQyOThlZTg1ZWRlZmZmMzJiMzY5YWMiLCJfYXV0aF91c2VyX2JhY2tlbmQiOiJkamFuZ28uY29udHJpYi5hdXRoLmJhY2tlbmRzLk1vZGVsQmFja2VuZCIsIl9hdXRoX3VzZXJfaWQiOiIzIn0=	2016-04-30 17:38:50.801612+05:30
ir4cblgl6cc9iigxmt7beam5dkcl8s6q	ZjY2MWFhMDk3ODBmY2NhNmYzYjI4YTdhYjRkODIxZGMwN2VmN2IwNjp7Il9hdXRoX3VzZXJfaGFzaCI6ImMwN2IyOGQ0ZDhmYWEwNjVhMTQyOThlZTg1ZWRlZmZmMzJiMzY5YWMiLCJfYXV0aF91c2VyX2JhY2tlbmQiOiJkamFuZ28uY29udHJpYi5hdXRoLmJhY2tlbmRzLk1vZGVsQmFja2VuZCIsIl9hdXRoX3VzZXJfaWQiOiIzIn0=	2016-04-30 17:40:01.591284+05:30
e6s3e2ngopa1xekhzka3o7dqti52xlrd	YWIyNmIxMzVkZWUxOTM5MmM0NTA1MjVlOGFlZjk1N2JmOGNiODEwMTp7Il9hdXRoX3VzZXJfaGFzaCI6IjllNGQ5YTYyMGU2NmYzYmViNjRhNGVlODkwNjc3MDY5NzY4YWZkYzAiLCJfYXV0aF91c2VyX2lkIjoiMyIsIl9hdXRoX3VzZXJfYmFja2VuZCI6ImRqYW5nby5jb250cmliLmF1dGguYmFja2VuZHMuTW9kZWxCYWNrZW5kIn0=	2016-04-30 17:50:09.475764+05:30
f9af9dqrn9mxh2p2vd54l8jjhtiau5tq	ZjI1ODQyNjQ4OWQ2MTk5YmYyY2M4MzRmZjQwZTAwM2VkMmEyYTE5MTp7Il9hdXRoX3VzZXJfaGFzaCI6IjllNGQ5YTYyMGU2NmYzYmViNjRhNGVlODkwNjc3MDY5NzY4YWZkYzAiLCJfYXV0aF91c2VyX2JhY2tlbmQiOiJkamFuZ28uY29udHJpYi5hdXRoLmJhY2tlbmRzLk1vZGVsQmFja2VuZCIsIl9hdXRoX3VzZXJfaWQiOiIzIn0=	2016-04-30 17:50:29.072684+05:30
e1d96tbw4gi5n5104v63gk4m0ytgbugh	ZjI1ODQyNjQ4OWQ2MTk5YmYyY2M4MzRmZjQwZTAwM2VkMmEyYTE5MTp7Il9hdXRoX3VzZXJfaGFzaCI6IjllNGQ5YTYyMGU2NmYzYmViNjRhNGVlODkwNjc3MDY5NzY4YWZkYzAiLCJfYXV0aF91c2VyX2JhY2tlbmQiOiJkamFuZ28uY29udHJpYi5hdXRoLmJhY2tlbmRzLk1vZGVsQmFja2VuZCIsIl9hdXRoX3VzZXJfaWQiOiIzIn0=	2016-04-30 17:51:01.696075+05:30
1i4ifzi9tm5jwts1rhowbueqq7ndvb1q	ZjI1ODQyNjQ4OWQ2MTk5YmYyY2M4MzRmZjQwZTAwM2VkMmEyYTE5MTp7Il9hdXRoX3VzZXJfaGFzaCI6IjllNGQ5YTYyMGU2NmYzYmViNjRhNGVlODkwNjc3MDY5NzY4YWZkYzAiLCJfYXV0aF91c2VyX2JhY2tlbmQiOiJkamFuZ28uY29udHJpYi5hdXRoLmJhY2tlbmRzLk1vZGVsQmFja2VuZCIsIl9hdXRoX3VzZXJfaWQiOiIzIn0=	2016-04-30 17:52:04.114487+05:30
8mftlq4ibtyn5n97lh3ak55e59pqzdop	ZjI1ODQyNjQ4OWQ2MTk5YmYyY2M4MzRmZjQwZTAwM2VkMmEyYTE5MTp7Il9hdXRoX3VzZXJfaGFzaCI6IjllNGQ5YTYyMGU2NmYzYmViNjRhNGVlODkwNjc3MDY5NzY4YWZkYzAiLCJfYXV0aF91c2VyX2JhY2tlbmQiOiJkamFuZ28uY29udHJpYi5hdXRoLmJhY2tlbmRzLk1vZGVsQmFja2VuZCIsIl9hdXRoX3VzZXJfaWQiOiIzIn0=	2016-04-30 17:52:22.491282+05:30
37ja1hgi9g5o1yj38n00quhdifx8tuiy	ZjI1ODQyNjQ4OWQ2MTk5YmYyY2M4MzRmZjQwZTAwM2VkMmEyYTE5MTp7Il9hdXRoX3VzZXJfaGFzaCI6IjllNGQ5YTYyMGU2NmYzYmViNjRhNGVlODkwNjc3MDY5NzY4YWZkYzAiLCJfYXV0aF91c2VyX2JhY2tlbmQiOiJkamFuZ28uY29udHJpYi5hdXRoLmJhY2tlbmRzLk1vZGVsQmFja2VuZCIsIl9hdXRoX3VzZXJfaWQiOiIzIn0=	2016-04-30 17:52:29.913836+05:30
11tdmfodfotfl1e2mrqrywtgsfvmeux6	ZjI1ODQyNjQ4OWQ2MTk5YmYyY2M4MzRmZjQwZTAwM2VkMmEyYTE5MTp7Il9hdXRoX3VzZXJfaGFzaCI6IjllNGQ5YTYyMGU2NmYzYmViNjRhNGVlODkwNjc3MDY5NzY4YWZkYzAiLCJfYXV0aF91c2VyX2JhY2tlbmQiOiJkamFuZ28uY29udHJpYi5hdXRoLmJhY2tlbmRzLk1vZGVsQmFja2VuZCIsIl9hdXRoX3VzZXJfaWQiOiIzIn0=	2016-04-30 17:52:47.849789+05:30
ea2h162vfaxupybtwk05258xxshlimjv	ZjI1ODQyNjQ4OWQ2MTk5YmYyY2M4MzRmZjQwZTAwM2VkMmEyYTE5MTp7Il9hdXRoX3VzZXJfaGFzaCI6IjllNGQ5YTYyMGU2NmYzYmViNjRhNGVlODkwNjc3MDY5NzY4YWZkYzAiLCJfYXV0aF91c2VyX2JhY2tlbmQiOiJkamFuZ28uY29udHJpYi5hdXRoLmJhY2tlbmRzLk1vZGVsQmFja2VuZCIsIl9hdXRoX3VzZXJfaWQiOiIzIn0=	2016-04-30 17:52:57.514901+05:30
fyrsu3822m9q1yk8c28s9fkjooa6hrmp	ZjI1ODQyNjQ4OWQ2MTk5YmYyY2M4MzRmZjQwZTAwM2VkMmEyYTE5MTp7Il9hdXRoX3VzZXJfaGFzaCI6IjllNGQ5YTYyMGU2NmYzYmViNjRhNGVlODkwNjc3MDY5NzY4YWZkYzAiLCJfYXV0aF91c2VyX2JhY2tlbmQiOiJkamFuZ28uY29udHJpYi5hdXRoLmJhY2tlbmRzLk1vZGVsQmFja2VuZCIsIl9hdXRoX3VzZXJfaWQiOiIzIn0=	2016-04-30 17:53:36.484959+05:30
od59j1dffaxm3449thg39betixorwhyl	ZjI1ODQyNjQ4OWQ2MTk5YmYyY2M4MzRmZjQwZTAwM2VkMmEyYTE5MTp7Il9hdXRoX3VzZXJfaGFzaCI6IjllNGQ5YTYyMGU2NmYzYmViNjRhNGVlODkwNjc3MDY5NzY4YWZkYzAiLCJfYXV0aF91c2VyX2JhY2tlbmQiOiJkamFuZ28uY29udHJpYi5hdXRoLmJhY2tlbmRzLk1vZGVsQmFja2VuZCIsIl9hdXRoX3VzZXJfaWQiOiIzIn0=	2016-04-30 17:53:56.19708+05:30
de4x103y388wkq2wka0i8hclgwndyz3y	ZjI1ODQyNjQ4OWQ2MTk5YmYyY2M4MzRmZjQwZTAwM2VkMmEyYTE5MTp7Il9hdXRoX3VzZXJfaGFzaCI6IjllNGQ5YTYyMGU2NmYzYmViNjRhNGVlODkwNjc3MDY5NzY4YWZkYzAiLCJfYXV0aF91c2VyX2JhY2tlbmQiOiJkamFuZ28uY29udHJpYi5hdXRoLmJhY2tlbmRzLk1vZGVsQmFja2VuZCIsIl9hdXRoX3VzZXJfaWQiOiIzIn0=	2016-04-30 17:54:13.699672+05:30
pgfpx9c9x9u03v1ird3w5wtdtouigq0c	ZjI1ODQyNjQ4OWQ2MTk5YmYyY2M4MzRmZjQwZTAwM2VkMmEyYTE5MTp7Il9hdXRoX3VzZXJfaGFzaCI6IjllNGQ5YTYyMGU2NmYzYmViNjRhNGVlODkwNjc3MDY5NzY4YWZkYzAiLCJfYXV0aF91c2VyX2JhY2tlbmQiOiJkamFuZ28uY29udHJpYi5hdXRoLmJhY2tlbmRzLk1vZGVsQmFja2VuZCIsIl9hdXRoX3VzZXJfaWQiOiIzIn0=	2016-04-30 17:54:31.567424+05:30
xog9lkhblxxitn0dll0giiuutea8ndyt	ZjI1ODQyNjQ4OWQ2MTk5YmYyY2M4MzRmZjQwZTAwM2VkMmEyYTE5MTp7Il9hdXRoX3VzZXJfaGFzaCI6IjllNGQ5YTYyMGU2NmYzYmViNjRhNGVlODkwNjc3MDY5NzY4YWZkYzAiLCJfYXV0aF91c2VyX2JhY2tlbmQiOiJkamFuZ28uY29udHJpYi5hdXRoLmJhY2tlbmRzLk1vZGVsQmFja2VuZCIsIl9hdXRoX3VzZXJfaWQiOiIzIn0=	2016-04-30 17:55:34.705933+05:30
gxkx56c14wghje5zd43ssz16n15w4wc1	ZjI1ODQyNjQ4OWQ2MTk5YmYyY2M4MzRmZjQwZTAwM2VkMmEyYTE5MTp7Il9hdXRoX3VzZXJfaGFzaCI6IjllNGQ5YTYyMGU2NmYzYmViNjRhNGVlODkwNjc3MDY5NzY4YWZkYzAiLCJfYXV0aF91c2VyX2JhY2tlbmQiOiJkamFuZ28uY29udHJpYi5hdXRoLmJhY2tlbmRzLk1vZGVsQmFja2VuZCIsIl9hdXRoX3VzZXJfaWQiOiIzIn0=	2016-04-30 17:56:07.103139+05:30
erfjbsrczlugv8voobogqg9wkco1buw7	ZjI1ODQyNjQ4OWQ2MTk5YmYyY2M4MzRmZjQwZTAwM2VkMmEyYTE5MTp7Il9hdXRoX3VzZXJfaGFzaCI6IjllNGQ5YTYyMGU2NmYzYmViNjRhNGVlODkwNjc3MDY5NzY4YWZkYzAiLCJfYXV0aF91c2VyX2JhY2tlbmQiOiJkamFuZ28uY29udHJpYi5hdXRoLmJhY2tlbmRzLk1vZGVsQmFja2VuZCIsIl9hdXRoX3VzZXJfaWQiOiIzIn0=	2016-04-30 17:56:29.450526+05:30
e6mzmrer3o7yy4ktxxtt3724x1vj9og9	ZjI1ODQyNjQ4OWQ2MTk5YmYyY2M4MzRmZjQwZTAwM2VkMmEyYTE5MTp7Il9hdXRoX3VzZXJfaGFzaCI6IjllNGQ5YTYyMGU2NmYzYmViNjRhNGVlODkwNjc3MDY5NzY4YWZkYzAiLCJfYXV0aF91c2VyX2JhY2tlbmQiOiJkamFuZ28uY29udHJpYi5hdXRoLmJhY2tlbmRzLk1vZGVsQmFja2VuZCIsIl9hdXRoX3VzZXJfaWQiOiIzIn0=	2016-04-30 17:57:29.455973+05:30
khvw5tfnxtp0ujdjermn9lpr0jk9cxh5	ZjI1ODQyNjQ4OWQ2MTk5YmYyY2M4MzRmZjQwZTAwM2VkMmEyYTE5MTp7Il9hdXRoX3VzZXJfaGFzaCI6IjllNGQ5YTYyMGU2NmYzYmViNjRhNGVlODkwNjc3MDY5NzY4YWZkYzAiLCJfYXV0aF91c2VyX2JhY2tlbmQiOiJkamFuZ28uY29udHJpYi5hdXRoLmJhY2tlbmRzLk1vZGVsQmFja2VuZCIsIl9hdXRoX3VzZXJfaWQiOiIzIn0=	2016-04-30 17:57:42.346386+05:30
6mun9kkdk57wdajk6idi4k7rq0z9pae3	ZjI1ODQyNjQ4OWQ2MTk5YmYyY2M4MzRmZjQwZTAwM2VkMmEyYTE5MTp7Il9hdXRoX3VzZXJfaGFzaCI6IjllNGQ5YTYyMGU2NmYzYmViNjRhNGVlODkwNjc3MDY5NzY4YWZkYzAiLCJfYXV0aF91c2VyX2JhY2tlbmQiOiJkamFuZ28uY29udHJpYi5hdXRoLmJhY2tlbmRzLk1vZGVsQmFja2VuZCIsIl9hdXRoX3VzZXJfaWQiOiIzIn0=	2016-04-30 17:58:45.639287+05:30
zrvfuhp1fm8abfvws8oc823cqwkvryje	ZjI1ODQyNjQ4OWQ2MTk5YmYyY2M4MzRmZjQwZTAwM2VkMmEyYTE5MTp7Il9hdXRoX3VzZXJfaGFzaCI6IjllNGQ5YTYyMGU2NmYzYmViNjRhNGVlODkwNjc3MDY5NzY4YWZkYzAiLCJfYXV0aF91c2VyX2JhY2tlbmQiOiJkamFuZ28uY29udHJpYi5hdXRoLmJhY2tlbmRzLk1vZGVsQmFja2VuZCIsIl9hdXRoX3VzZXJfaWQiOiIzIn0=	2016-04-30 18:00:08.116193+05:30
smp73ha3x35pqwrvku8wdbq1k8pnafil	ZjI1ODQyNjQ4OWQ2MTk5YmYyY2M4MzRmZjQwZTAwM2VkMmEyYTE5MTp7Il9hdXRoX3VzZXJfaGFzaCI6IjllNGQ5YTYyMGU2NmYzYmViNjRhNGVlODkwNjc3MDY5NzY4YWZkYzAiLCJfYXV0aF91c2VyX2JhY2tlbmQiOiJkamFuZ28uY29udHJpYi5hdXRoLmJhY2tlbmRzLk1vZGVsQmFja2VuZCIsIl9hdXRoX3VzZXJfaWQiOiIzIn0=	2016-04-30 18:03:56.025118+05:30
3edd3mofh11k5gl45ybzfaiatkwaba4w	ZjI1ODQyNjQ4OWQ2MTk5YmYyY2M4MzRmZjQwZTAwM2VkMmEyYTE5MTp7Il9hdXRoX3VzZXJfaGFzaCI6IjllNGQ5YTYyMGU2NmYzYmViNjRhNGVlODkwNjc3MDY5NzY4YWZkYzAiLCJfYXV0aF91c2VyX2JhY2tlbmQiOiJkamFuZ28uY29udHJpYi5hdXRoLmJhY2tlbmRzLk1vZGVsQmFja2VuZCIsIl9hdXRoX3VzZXJfaWQiOiIzIn0=	2016-04-30 18:04:08.925595+05:30
fr6f63o7dy5gootao5ra8z9i440y5gbw	ZjI1ODQyNjQ4OWQ2MTk5YmYyY2M4MzRmZjQwZTAwM2VkMmEyYTE5MTp7Il9hdXRoX3VzZXJfaGFzaCI6IjllNGQ5YTYyMGU2NmYzYmViNjRhNGVlODkwNjc3MDY5NzY4YWZkYzAiLCJfYXV0aF91c2VyX2JhY2tlbmQiOiJkamFuZ28uY29udHJpYi5hdXRoLmJhY2tlbmRzLk1vZGVsQmFja2VuZCIsIl9hdXRoX3VzZXJfaWQiOiIzIn0=	2016-04-30 18:04:28.418173+05:30
6444q426s0yhiyr9wqo5oo5bn2995p18	ZjI1ODQyNjQ4OWQ2MTk5YmYyY2M4MzRmZjQwZTAwM2VkMmEyYTE5MTp7Il9hdXRoX3VzZXJfaGFzaCI6IjllNGQ5YTYyMGU2NmYzYmViNjRhNGVlODkwNjc3MDY5NzY4YWZkYzAiLCJfYXV0aF91c2VyX2JhY2tlbmQiOiJkamFuZ28uY29udHJpYi5hdXRoLmJhY2tlbmRzLk1vZGVsQmFja2VuZCIsIl9hdXRoX3VzZXJfaWQiOiIzIn0=	2016-04-30 18:05:04.119039+05:30
s21kr9ywr9ashgqxtrwbygqoxlu4n5dv	ZjI1ODQyNjQ4OWQ2MTk5YmYyY2M4MzRmZjQwZTAwM2VkMmEyYTE5MTp7Il9hdXRoX3VzZXJfaGFzaCI6IjllNGQ5YTYyMGU2NmYzYmViNjRhNGVlODkwNjc3MDY5NzY4YWZkYzAiLCJfYXV0aF91c2VyX2JhY2tlbmQiOiJkamFuZ28uY29udHJpYi5hdXRoLmJhY2tlbmRzLk1vZGVsQmFja2VuZCIsIl9hdXRoX3VzZXJfaWQiOiIzIn0=	2016-04-30 18:06:11.653193+05:30
xj5tinv5sktt7urp81ccavtdzmr3gmu1	ZTNkODYzZjRiMWI1NTIxZGM1ZmU1YTIyNWVkMzc4YWEzNzlhZmVlODp7Il9hdXRoX3VzZXJfaGFzaCI6IjcwN2Q5MzQ3MzI3ZjhhZTU4ZTI5ZjI1ZWQ4ZmMwMWNiMmUzY2ViZTAiLCJfYXV0aF91c2VyX2JhY2tlbmQiOiJkamFuZ28uY29udHJpYi5hdXRoLmJhY2tlbmRzLk1vZGVsQmFja2VuZCIsIl9hdXRoX3VzZXJfaWQiOiI2In0=	2016-05-02 06:45:20.101643+05:30
7a51retdne9mnuxfp0m3sa2umjp8jolu	NTA3NzNlZTJhNmFkOGZkYWMwOTNmNGYwNzg2ZGUzNWM3MjZiMWM1Zjp7Il9hdXRoX3VzZXJfaGFzaCI6IjVmYzQ2MTNhOTZmMTM1YTFlOWEzN2Y3ZDFmZWI1OWIyNWFiNjBlZGQiLCJfYXV0aF91c2VyX2lkIjoiMyIsIl9hdXRoX3VzZXJfYmFja2VuZCI6ImRqYW5nby5jb250cmliLmF1dGguYmFja2VuZHMuTW9kZWxCYWNrZW5kIn0=	2016-04-30 18:06:32.139359+05:30
9bwf3iv99fyz2mzinsoxwt6wimgzlkc7	MzMwNjI0YWYwZDkxOGUxMjE5NWRhOGU4Zjk0ZGY0NjUyOWExMDY5Yjp7Il9hdXRoX3VzZXJfaGFzaCI6IjVmYzQ2MTNhOTZmMTM1YTFlOWEzN2Y3ZDFmZWI1OWIyNWFiNjBlZGQiLCJfYXV0aF91c2VyX2JhY2tlbmQiOiJkamFuZ28uY29udHJpYi5hdXRoLmJhY2tlbmRzLk1vZGVsQmFja2VuZCIsIl9hdXRoX3VzZXJfaWQiOiIzIn0=	2016-04-30 18:07:13.476427+05:30
x390swbgb0i89wx177ucbwe0665zt0ha	MzMwNjI0YWYwZDkxOGUxMjE5NWRhOGU4Zjk0ZGY0NjUyOWExMDY5Yjp7Il9hdXRoX3VzZXJfaGFzaCI6IjVmYzQ2MTNhOTZmMTM1YTFlOWEzN2Y3ZDFmZWI1OWIyNWFiNjBlZGQiLCJfYXV0aF91c2VyX2JhY2tlbmQiOiJkamFuZ28uY29udHJpYi5hdXRoLmJhY2tlbmRzLk1vZGVsQmFja2VuZCIsIl9hdXRoX3VzZXJfaWQiOiIzIn0=	2016-04-30 18:07:39.716651+05:30
kcc7qhbkllwca0nidlhnsutq3fx6h5kt	ZjEzN2M3OWFmNTlkZDQ1MjRkMGQxOGYzNjFiYWIwNWFmMDRmY2IyODp7fQ==	2016-04-30 18:07:42.873226+05:30
lxvw65r501geuskae2l59eoh0zz3lbms	OTg3MmRlZDdhOTA5MGQ2MmIzZWJlMmU0YTkzNzNlZTBlOGNjMDMzMDp7Il9hdXRoX3VzZXJfaGFzaCI6ImIyY2QzMjAwOTBmZDcxNWYzYTE1YzFiODZjNWNkZTRlMjhlZWY1YjMiLCJfYXV0aF91c2VyX2lkIjoiMyIsIl9hdXRoX3VzZXJfYmFja2VuZCI6ImRqYW5nby5jb250cmliLmF1dGguYmFja2VuZHMuTW9kZWxCYWNrZW5kIn0=	2016-05-02 04:52:48.440273+05:30
bt784zlmyfp90j311bp25ut7e53p7k2y	NmJlOGNlYmEwY2MwNDM2MWM3OGYzY2U4OWMwY2YzZmQxZDk1YWU5NDp7Il9hdXRoX3VzZXJfaGFzaCI6ImIyY2QzMjAwOTBmZDcxNWYzYTE1YzFiODZjNWNkZTRlMjhlZWY1YjMiLCJfYXV0aF91c2VyX2JhY2tlbmQiOiJkamFuZ28uY29udHJpYi5hdXRoLmJhY2tlbmRzLk1vZGVsQmFja2VuZCIsIl9hdXRoX3VzZXJfaWQiOiIzIn0=	2016-05-02 04:53:00.765123+05:30
1gc64sq5r5zyq1kv1oyfueycfsdbv0q6	ZjEzN2M3OWFmNTlkZDQ1MjRkMGQxOGYzNjFiYWIwNWFmMDRmY2IyODp7fQ==	2016-05-02 04:53:08.087317+05:30
exfuxtw441ns29vm0pwpnrdgoiegs65e	NjAxMzI0NThmYWQ0MWUyYTIwZjNhMTMyMTUyYmU3NGE2MGNiMWYxYjp7Il9hdXRoX3VzZXJfaGFzaCI6IjllODc0NjZjMmNjY2FmZWZiNzExZDY4YWM0MzI1Yzc4OWUyYTI4ZWQiLCJfYXV0aF91c2VyX2lkIjoiMyIsIl9hdXRoX3VzZXJfYmFja2VuZCI6ImRqYW5nby5jb250cmliLmF1dGguYmFja2VuZHMuTW9kZWxCYWNrZW5kIn0=	2016-05-02 05:05:05.047475+05:30
xh9oqm4zzy5iirmqo5ta24xtocw1h1jn	Y2ZkNmEzZDdlZGU5MGU2YzE3YWNiOWVjNTExZjhmOGRlYTFhNjI3NDp7Il9hdXRoX3VzZXJfaGFzaCI6IjY4ZDNmNjQyZTc0OGUzNTAxN2JlMmRlYzRiYmU1MTI1YWUwOTI3MjciLCJfYXV0aF91c2VyX2lkIjoiMyIsIl9hdXRoX3VzZXJfYmFja2VuZCI6ImRqYW5nby5jb250cmliLmF1dGguYmFja2VuZHMuTW9kZWxCYWNrZW5kIn0=	2016-05-02 05:05:18.426325+05:30
leay7ot4ve6n1nq0xzudxn4cwngoyach	MTA2M2RlZTEwMTk2MzkzNzkyNmRhMzY2N2VkMDNhNzc0M2Y4YWY4ODp7Il9hdXRoX3VzZXJfaGFzaCI6IjY4ZDNmNjQyZTc0OGUzNTAxN2JlMmRlYzRiYmU1MTI1YWUwOTI3MjciLCJfYXV0aF91c2VyX2JhY2tlbmQiOiJkamFuZ28uY29udHJpYi5hdXRoLmJhY2tlbmRzLk1vZGVsQmFja2VuZCIsIl9hdXRoX3VzZXJfaWQiOiIzIn0=	2016-05-02 05:05:31.298056+05:30
h4rgmndd8n00mxj52e8cz5syfb0cj09e	ZjEzN2M3OWFmNTlkZDQ1MjRkMGQxOGYzNjFiYWIwNWFmMDRmY2IyODp7fQ==	2016-05-02 05:05:38.110783+05:30
k2zf702q4ynr4cszsmbf7j93yhs4soh4	Nzk1NDE0Yzk5NmFlNWI5Y2JjNzdhOGRmMDNkNDgzNGRlMWM3MTQ0ZTp7Il9hdXRoX3VzZXJfaGFzaCI6IjcwN2Q5MzQ3MzI3ZjhhZTU4ZTI5ZjI1ZWQ4ZmMwMWNiMmUzY2ViZTAiLCJfYXV0aF91c2VyX2JhY2tlbmQiOiJkamFuZ28uY29udHJpYi5hdXRoLmJhY2tlbmRzLk1vZGVsQmFja2VuZCIsIl9hdXRoX3VzZXJfaWQiOiIyIn0=	2016-05-02 05:06:35.81327+05:30
203umziaez86nc8eomhy7rz7mdddbn7t	ZjEzN2M3OWFmNTlkZDQ1MjRkMGQxOGYzNjFiYWIwNWFmMDRmY2IyODp7fQ==	2016-05-02 05:06:41.81835+05:30
2ksuh1t3hfpf8ssv38q1xj3t4d6r0ta0	ZjEzN2M3OWFmNTlkZDQ1MjRkMGQxOGYzNjFiYWIwNWFmMDRmY2IyODp7fQ==	2016-05-02 05:06:49.590136+05:30
m0zru8oz9vj82equs13t0qiem17npshq	Nzk1NDE0Yzk5NmFlNWI5Y2JjNzdhOGRmMDNkNDgzNGRlMWM3MTQ0ZTp7Il9hdXRoX3VzZXJfaGFzaCI6IjcwN2Q5MzQ3MzI3ZjhhZTU4ZTI5ZjI1ZWQ4ZmMwMWNiMmUzY2ViZTAiLCJfYXV0aF91c2VyX2JhY2tlbmQiOiJkamFuZ28uY29udHJpYi5hdXRoLmJhY2tlbmRzLk1vZGVsQmFja2VuZCIsIl9hdXRoX3VzZXJfaWQiOiIyIn0=	2016-05-02 05:27:40.449913+05:30
0efablyycho0o7837krs0q9j3xo4fxei	ZjEzN2M3OWFmNTlkZDQ1MjRkMGQxOGYzNjFiYWIwNWFmMDRmY2IyODp7fQ==	2016-05-02 05:27:46.598791+05:30
19h42av326ab7pjz65sw6h2mec3d081k	ZjEzN2M3OWFmNTlkZDQ1MjRkMGQxOGYzNjFiYWIwNWFmMDRmY2IyODp7fQ==	2016-05-02 05:27:54.785246+05:30
81okr2jl40ok3vbxyxquc3rbeauk4knz	Nzk1NDE0Yzk5NmFlNWI5Y2JjNzdhOGRmMDNkNDgzNGRlMWM3MTQ0ZTp7Il9hdXRoX3VzZXJfaGFzaCI6IjcwN2Q5MzQ3MzI3ZjhhZTU4ZTI5ZjI1ZWQ4ZmMwMWNiMmUzY2ViZTAiLCJfYXV0aF91c2VyX2JhY2tlbmQiOiJkamFuZ28uY29udHJpYi5hdXRoLmJhY2tlbmRzLk1vZGVsQmFja2VuZCIsIl9hdXRoX3VzZXJfaWQiOiIyIn0=	2016-05-02 05:32:06.840897+05:30
uavps530yiwje84yskom1e4ynw834joa	Nzk1NDE0Yzk5NmFlNWI5Y2JjNzdhOGRmMDNkNDgzNGRlMWM3MTQ0ZTp7Il9hdXRoX3VzZXJfaGFzaCI6IjcwN2Q5MzQ3MzI3ZjhhZTU4ZTI5ZjI1ZWQ4ZmMwMWNiMmUzY2ViZTAiLCJfYXV0aF91c2VyX2JhY2tlbmQiOiJkamFuZ28uY29udHJpYi5hdXRoLmJhY2tlbmRzLk1vZGVsQmFja2VuZCIsIl9hdXRoX3VzZXJfaWQiOiIyIn0=	2016-05-02 05:37:15.982262+05:30
zoicp5sk3fd8agbg2xx34lwnbg78vht5	Nzk1NDE0Yzk5NmFlNWI5Y2JjNzdhOGRmMDNkNDgzNGRlMWM3MTQ0ZTp7Il9hdXRoX3VzZXJfaGFzaCI6IjcwN2Q5MzQ3MzI3ZjhhZTU4ZTI5ZjI1ZWQ4ZmMwMWNiMmUzY2ViZTAiLCJfYXV0aF91c2VyX2JhY2tlbmQiOiJkamFuZ28uY29udHJpYi5hdXRoLmJhY2tlbmRzLk1vZGVsQmFja2VuZCIsIl9hdXRoX3VzZXJfaWQiOiIyIn0=	2016-05-02 05:39:51.444441+05:30
tvgarjzjgjfn1vfuwbwsb9awme347esd	Nzk1NDE0Yzk5NmFlNWI5Y2JjNzdhOGRmMDNkNDgzNGRlMWM3MTQ0ZTp7Il9hdXRoX3VzZXJfaGFzaCI6IjcwN2Q5MzQ3MzI3ZjhhZTU4ZTI5ZjI1ZWQ4ZmMwMWNiMmUzY2ViZTAiLCJfYXV0aF91c2VyX2JhY2tlbmQiOiJkamFuZ28uY29udHJpYi5hdXRoLmJhY2tlbmRzLk1vZGVsQmFja2VuZCIsIl9hdXRoX3VzZXJfaWQiOiIyIn0=	2016-05-02 05:40:52.047463+05:30
jj1o96v1k3kyxm69rp8y4cmdmql7rae3	ZTNkODYzZjRiMWI1NTIxZGM1ZmU1YTIyNWVkMzc4YWEzNzlhZmVlODp7Il9hdXRoX3VzZXJfaGFzaCI6IjcwN2Q5MzQ3MzI3ZjhhZTU4ZTI5ZjI1ZWQ4ZmMwMWNiMmUzY2ViZTAiLCJfYXV0aF91c2VyX2JhY2tlbmQiOiJkamFuZ28uY29udHJpYi5hdXRoLmJhY2tlbmRzLk1vZGVsQmFja2VuZCIsIl9hdXRoX3VzZXJfaWQiOiI2In0=	2016-05-02 05:43:25.235731+05:30
9nj2vxdth3n1ibhk496t8t0a76aadr46	NzZlZjQxODc5NTQzZDkzMmEzZDM5YTg4NWZmNzZiZDdkNWQ5MTM0Nzp7Il9hdXRoX3VzZXJfaGFzaCI6IjcwN2Q5MzQ3MzI3ZjhhZTU4ZTI5ZjI1ZWQ4ZmMwMWNiMmUzY2ViZTAiLCJfYXV0aF91c2VyX2JhY2tlbmQiOiJkamFuZ28uY29udHJpYi5hdXRoLmJhY2tlbmRzLk1vZGVsQmFja2VuZCIsIl9hdXRoX3VzZXJfaWQiOiI5In0=	2016-05-02 05:43:36.290003+05:30
haawjsbayld82vlu0iu6wlflo140gcyv	ZTNkODYzZjRiMWI1NTIxZGM1ZmU1YTIyNWVkMzc4YWEzNzlhZmVlODp7Il9hdXRoX3VzZXJfaGFzaCI6IjcwN2Q5MzQ3MzI3ZjhhZTU4ZTI5ZjI1ZWQ4ZmMwMWNiMmUzY2ViZTAiLCJfYXV0aF91c2VyX2JhY2tlbmQiOiJkamFuZ28uY29udHJpYi5hdXRoLmJhY2tlbmRzLk1vZGVsQmFja2VuZCIsIl9hdXRoX3VzZXJfaWQiOiI2In0=	2016-05-02 05:51:08.213142+05:30
99ldc5fu22ma3umlq1b4b3iyoh1fnlj1	NzZlZjQxODc5NTQzZDkzMmEzZDM5YTg4NWZmNzZiZDdkNWQ5MTM0Nzp7Il9hdXRoX3VzZXJfaGFzaCI6IjcwN2Q5MzQ3MzI3ZjhhZTU4ZTI5ZjI1ZWQ4ZmMwMWNiMmUzY2ViZTAiLCJfYXV0aF91c2VyX2JhY2tlbmQiOiJkamFuZ28uY29udHJpYi5hdXRoLmJhY2tlbmRzLk1vZGVsQmFja2VuZCIsIl9hdXRoX3VzZXJfaWQiOiI5In0=	2016-05-02 05:51:18.942195+05:30
wgohl26sqhuk1kgfgl0um3zdx30eumco	ZTNkODYzZjRiMWI1NTIxZGM1ZmU1YTIyNWVkMzc4YWEzNzlhZmVlODp7Il9hdXRoX3VzZXJfaGFzaCI6IjcwN2Q5MzQ3MzI3ZjhhZTU4ZTI5ZjI1ZWQ4ZmMwMWNiMmUzY2ViZTAiLCJfYXV0aF91c2VyX2JhY2tlbmQiOiJkamFuZ28uY29udHJpYi5hdXRoLmJhY2tlbmRzLk1vZGVsQmFja2VuZCIsIl9hdXRoX3VzZXJfaWQiOiI2In0=	2016-05-02 05:52:14.780719+05:30
dm1ru29rhoc09o04ekbmqnlhj56bnrqp	ZTNkODYzZjRiMWI1NTIxZGM1ZmU1YTIyNWVkMzc4YWEzNzlhZmVlODp7Il9hdXRoX3VzZXJfaGFzaCI6IjcwN2Q5MzQ3MzI3ZjhhZTU4ZTI5ZjI1ZWQ4ZmMwMWNiMmUzY2ViZTAiLCJfYXV0aF91c2VyX2JhY2tlbmQiOiJkamFuZ28uY29udHJpYi5hdXRoLmJhY2tlbmRzLk1vZGVsQmFja2VuZCIsIl9hdXRoX3VzZXJfaWQiOiI2In0=	2016-05-02 05:53:09.826061+05:30
gystarwzb16khe12fc7hclvtfqrtjkc0	ZTNkODYzZjRiMWI1NTIxZGM1ZmU1YTIyNWVkMzc4YWEzNzlhZmVlODp7Il9hdXRoX3VzZXJfaGFzaCI6IjcwN2Q5MzQ3MzI3ZjhhZTU4ZTI5ZjI1ZWQ4ZmMwMWNiMmUzY2ViZTAiLCJfYXV0aF91c2VyX2JhY2tlbmQiOiJkamFuZ28uY29udHJpYi5hdXRoLmJhY2tlbmRzLk1vZGVsQmFja2VuZCIsIl9hdXRoX3VzZXJfaWQiOiI2In0=	2016-05-02 05:55:44.430159+05:30
c6xy2hxftv885ur7emearfotte4vjyy5	ZTNkODYzZjRiMWI1NTIxZGM1ZmU1YTIyNWVkMzc4YWEzNzlhZmVlODp7Il9hdXRoX3VzZXJfaGFzaCI6IjcwN2Q5MzQ3MzI3ZjhhZTU4ZTI5ZjI1ZWQ4ZmMwMWNiMmUzY2ViZTAiLCJfYXV0aF91c2VyX2JhY2tlbmQiOiJkamFuZ28uY29udHJpYi5hdXRoLmJhY2tlbmRzLk1vZGVsQmFja2VuZCIsIl9hdXRoX3VzZXJfaWQiOiI2In0=	2016-05-02 06:00:56.937109+05:30
aslzzbbd6z96vqwdmcjjj95cor9xleg9	ZTNkODYzZjRiMWI1NTIxZGM1ZmU1YTIyNWVkMzc4YWEzNzlhZmVlODp7Il9hdXRoX3VzZXJfaGFzaCI6IjcwN2Q5MzQ3MzI3ZjhhZTU4ZTI5ZjI1ZWQ4ZmMwMWNiMmUzY2ViZTAiLCJfYXV0aF91c2VyX2JhY2tlbmQiOiJkamFuZ28uY29udHJpYi5hdXRoLmJhY2tlbmRzLk1vZGVsQmFja2VuZCIsIl9hdXRoX3VzZXJfaWQiOiI2In0=	2016-05-02 06:05:26.17019+05:30
4wjhrj8xfx4brvds3n0xidrswght77ti	ZTNkODYzZjRiMWI1NTIxZGM1ZmU1YTIyNWVkMzc4YWEzNzlhZmVlODp7Il9hdXRoX3VzZXJfaGFzaCI6IjcwN2Q5MzQ3MzI3ZjhhZTU4ZTI5ZjI1ZWQ4ZmMwMWNiMmUzY2ViZTAiLCJfYXV0aF91c2VyX2JhY2tlbmQiOiJkamFuZ28uY29udHJpYi5hdXRoLmJhY2tlbmRzLk1vZGVsQmFja2VuZCIsIl9hdXRoX3VzZXJfaWQiOiI2In0=	2016-05-02 06:08:46.334168+05:30
hysvrd4urdjpeu5o0gc0eah9x2ddi5by	ZTNkODYzZjRiMWI1NTIxZGM1ZmU1YTIyNWVkMzc4YWEzNzlhZmVlODp7Il9hdXRoX3VzZXJfaGFzaCI6IjcwN2Q5MzQ3MzI3ZjhhZTU4ZTI5ZjI1ZWQ4ZmMwMWNiMmUzY2ViZTAiLCJfYXV0aF91c2VyX2JhY2tlbmQiOiJkamFuZ28uY29udHJpYi5hdXRoLmJhY2tlbmRzLk1vZGVsQmFja2VuZCIsIl9hdXRoX3VzZXJfaWQiOiI2In0=	2016-05-02 06:10:25.33552+05:30
ieuptrj6658e99s2mz8zdcty6ykp0s2i	Nzk1NDE0Yzk5NmFlNWI5Y2JjNzdhOGRmMDNkNDgzNGRlMWM3MTQ0ZTp7Il9hdXRoX3VzZXJfaGFzaCI6IjcwN2Q5MzQ3MzI3ZjhhZTU4ZTI5ZjI1ZWQ4ZmMwMWNiMmUzY2ViZTAiLCJfYXV0aF91c2VyX2JhY2tlbmQiOiJkamFuZ28uY29udHJpYi5hdXRoLmJhY2tlbmRzLk1vZGVsQmFja2VuZCIsIl9hdXRoX3VzZXJfaWQiOiIyIn0=	2016-05-02 06:15:48.314773+05:30
hadniaew34j835ermjovxxha2z99xezi	Nzk1NDE0Yzk5NmFlNWI5Y2JjNzdhOGRmMDNkNDgzNGRlMWM3MTQ0ZTp7Il9hdXRoX3VzZXJfaGFzaCI6IjcwN2Q5MzQ3MzI3ZjhhZTU4ZTI5ZjI1ZWQ4ZmMwMWNiMmUzY2ViZTAiLCJfYXV0aF91c2VyX2JhY2tlbmQiOiJkamFuZ28uY29udHJpYi5hdXRoLmJhY2tlbmRzLk1vZGVsQmFja2VuZCIsIl9hdXRoX3VzZXJfaWQiOiIyIn0=	2016-05-02 06:16:27.445038+05:30
k5ocxf99005hyad44biv2doza3zgun9h	Nzk1NDE0Yzk5NmFlNWI5Y2JjNzdhOGRmMDNkNDgzNGRlMWM3MTQ0ZTp7Il9hdXRoX3VzZXJfaGFzaCI6IjcwN2Q5MzQ3MzI3ZjhhZTU4ZTI5ZjI1ZWQ4ZmMwMWNiMmUzY2ViZTAiLCJfYXV0aF91c2VyX2JhY2tlbmQiOiJkamFuZ28uY29udHJpYi5hdXRoLmJhY2tlbmRzLk1vZGVsQmFja2VuZCIsIl9hdXRoX3VzZXJfaWQiOiIyIn0=	2016-05-02 06:17:40.395423+05:30
hvg02gg1ok80odzrv4xdem6x53bzfwq8	YTgxN2RkMGQyOGUzYWEzMzY4MjE2ODJhNmMxY2M1OTE4ZWM5M2U3Zjp7Il9hdXRoX3VzZXJfaGFzaCI6Ijg2NTMwY2MxNWQ1ZDMwZDdjNTk0MzczYWNjMjUxNTllMmJlODFiODMiLCJfYXV0aF91c2VyX2lkIjoiMyIsIl9hdXRoX3VzZXJfYmFja2VuZCI6ImRqYW5nby5jb250cmliLmF1dGguYmFja2VuZHMuTW9kZWxCYWNrZW5kIn0=	2016-05-02 06:19:54.007048+05:30
od3nbhinnwyrndvu8s2fl9xk395cz6k1	Y2NhNjgxZGJiNTVhYWE0ODk0MTc3ZWNkZmEyNWI0YWQ1YmQwYWFkMDp7Il9hdXRoX3VzZXJfaGFzaCI6IjU3MTZhOWEyM2RlYzQ1NGI4ZjhjOTY5NmVjNzRlMTM3ZTI5ZDM0ZGIiLCJfYXV0aF91c2VyX2lkIjoiMyIsIl9hdXRoX3VzZXJfYmFja2VuZCI6ImRqYW5nby5jb250cmliLmF1dGguYmFja2VuZHMuTW9kZWxCYWNrZW5kIn0=	2016-05-02 06:20:13.788349+05:30
1p7gabursfcnelgmja9g94ngls6rs7h4	NzZlZjQxODc5NTQzZDkzMmEzZDM5YTg4NWZmNzZiZDdkNWQ5MTM0Nzp7Il9hdXRoX3VzZXJfaGFzaCI6IjcwN2Q5MzQ3MzI3ZjhhZTU4ZTI5ZjI1ZWQ4ZmMwMWNiMmUzY2ViZTAiLCJfYXV0aF91c2VyX2JhY2tlbmQiOiJkamFuZ28uY29udHJpYi5hdXRoLmJhY2tlbmRzLk1vZGVsQmFja2VuZCIsIl9hdXRoX3VzZXJfaWQiOiI5In0=	2016-05-02 06:45:43.148806+05:30
iz5rja6btrqdm8kcxr4exeysxfecyyln	Nzk1NDE0Yzk5NmFlNWI5Y2JjNzdhOGRmMDNkNDgzNGRlMWM3MTQ0ZTp7Il9hdXRoX3VzZXJfaGFzaCI6IjcwN2Q5MzQ3MzI3ZjhhZTU4ZTI5ZjI1ZWQ4ZmMwMWNiMmUzY2ViZTAiLCJfYXV0aF91c2VyX2JhY2tlbmQiOiJkamFuZ28uY29udHJpYi5hdXRoLmJhY2tlbmRzLk1vZGVsQmFja2VuZCIsIl9hdXRoX3VzZXJfaWQiOiIyIn0=	2016-05-02 06:53:09.050562+05:30
8uoib51nha5j5t40w1aifrigpg1r8zt8	NmUwMTU3ZmNiNTNlMGViOGY4YWUyNjlhOTUyODcwNWMxYjBiYThkNDp7Il9hdXRoX3VzZXJfaGFzaCI6IjU3MTZhOWEyM2RlYzQ1NGI4ZjhjOTY5NmVjNzRlMTM3ZTI5ZDM0ZGIiLCJfYXV0aF91c2VyX2JhY2tlbmQiOiJkamFuZ28uY29udHJpYi5hdXRoLmJhY2tlbmRzLk1vZGVsQmFja2VuZCIsIl9hdXRoX3VzZXJfaWQiOiIzIn0=	2016-05-02 06:20:30.950025+05:30
oy4dily2wqdnvs8tuj73ydbsylm9gbc0	ZjEzN2M3OWFmNTlkZDQ1MjRkMGQxOGYzNjFiYWIwNWFmMDRmY2IyODp7fQ==	2016-05-02 06:53:20.201768+05:30
pucpiwx0mono0b2hnzgcbwsh9jadoqoz	ZjEzN2M3OWFmNTlkZDQ1MjRkMGQxOGYzNjFiYWIwNWFmMDRmY2IyODp7fQ==	2016-05-02 06:53:46.586558+05:30
3dvbahq9arflb34je29krxxo39of5pzq	M2U0ZjJkNzA1NjRmODFiNGQ3MjkxNDc2NWUzMDE3MWU4MDY5MWEwYzp7Il9hdXRoX3VzZXJfaGFzaCI6IjUwYzMwN2ZiY2RhMjQ2Mjc3MmYxMDA4OWZlMGM1OTMzNjkyYjE4ZTciLCJfYXV0aF91c2VyX2lkIjoiMyIsIl9hdXRoX3VzZXJfYmFja2VuZCI6ImRqYW5nby5jb250cmliLmF1dGguYmFja2VuZHMuTW9kZWxCYWNrZW5kIn0=	2016-05-02 07:31:03.801561+05:30
1qqdp0t4dz4ff5y1vy3wyj5qsxeyfcju	MjkxNmU1NDdjZGY2ZTAzODRjMzg5MTExMjk4MzZjZDMyMjhjYTlmZDp7Il9hdXRoX3VzZXJfaGFzaCI6IjgyMzM0MWI3Yzk2MGI2ZGJjOTBiZjA5ZWI4YmZiZGI1YWE5NTY1NTkiLCJfYXV0aF91c2VyX2lkIjoiMyIsIl9hdXRoX3VzZXJfYmFja2VuZCI6ImRqYW5nby5jb250cmliLmF1dGguYmFja2VuZHMuTW9kZWxCYWNrZW5kIn0=	2016-05-02 07:31:32.806189+05:30
l3yx8p1epvzr92537kzjhocd32u65iws	OGZjZTk0ZmM5OTUzMmVhNjJmYTI1YTNjZjM0NTk2NDE3NGZlOTFlNTp7Il9hdXRoX3VzZXJfaGFzaCI6IjgyMzM0MWI3Yzk2MGI2ZGJjOTBiZjA5ZWI4YmZiZGI1YWE5NTY1NTkiLCJfYXV0aF91c2VyX2JhY2tlbmQiOiJkamFuZ28uY29udHJpYi5hdXRoLmJhY2tlbmRzLk1vZGVsQmFja2VuZCIsIl9hdXRoX3VzZXJfaWQiOiIzIn0=	2016-05-02 07:31:52.085223+05:30
p17flni2f9bkma70iviknr643i1kzpi0	ZjEzN2M3OWFmNTlkZDQ1MjRkMGQxOGYzNjFiYWIwNWFmMDRmY2IyODp7fQ==	2016-05-02 07:32:03.722902+05:30
0py2gqm96gf1cacc8g6twba5gfln8dae	ZTNkODYzZjRiMWI1NTIxZGM1ZmU1YTIyNWVkMzc4YWEzNzlhZmVlODp7Il9hdXRoX3VzZXJfaGFzaCI6IjcwN2Q5MzQ3MzI3ZjhhZTU4ZTI5ZjI1ZWQ4ZmMwMWNiMmUzY2ViZTAiLCJfYXV0aF91c2VyX2JhY2tlbmQiOiJkamFuZ28uY29udHJpYi5hdXRoLmJhY2tlbmRzLk1vZGVsQmFja2VuZCIsIl9hdXRoX3VzZXJfaWQiOiI2In0=	2016-05-02 08:32:03.443343+05:30
w0g93d29vppx4evfyk3pclmegezu3x4c	ZTNkODYzZjRiMWI1NTIxZGM1ZmU1YTIyNWVkMzc4YWEzNzlhZmVlODp7Il9hdXRoX3VzZXJfaGFzaCI6IjcwN2Q5MzQ3MzI3ZjhhZTU4ZTI5ZjI1ZWQ4ZmMwMWNiMmUzY2ViZTAiLCJfYXV0aF91c2VyX2JhY2tlbmQiOiJkamFuZ28uY29udHJpYi5hdXRoLmJhY2tlbmRzLk1vZGVsQmFja2VuZCIsIl9hdXRoX3VzZXJfaWQiOiI2In0=	2016-05-02 08:34:07.256758+05:30
p8044xtmb9cclprdy36jvtp7zjzx52k2	ZTNkODYzZjRiMWI1NTIxZGM1ZmU1YTIyNWVkMzc4YWEzNzlhZmVlODp7Il9hdXRoX3VzZXJfaGFzaCI6IjcwN2Q5MzQ3MzI3ZjhhZTU4ZTI5ZjI1ZWQ4ZmMwMWNiMmUzY2ViZTAiLCJfYXV0aF91c2VyX2JhY2tlbmQiOiJkamFuZ28uY29udHJpYi5hdXRoLmJhY2tlbmRzLk1vZGVsQmFja2VuZCIsIl9hdXRoX3VzZXJfaWQiOiI2In0=	2016-05-02 08:34:07.852735+05:30
g0co20qm1xgqxewnzbbhg4gg705n0ej9	ZTNkODYzZjRiMWI1NTIxZGM1ZmU1YTIyNWVkMzc4YWEzNzlhZmVlODp7Il9hdXRoX3VzZXJfaGFzaCI6IjcwN2Q5MzQ3MzI3ZjhhZTU4ZTI5ZjI1ZWQ4ZmMwMWNiMmUzY2ViZTAiLCJfYXV0aF91c2VyX2JhY2tlbmQiOiJkamFuZ28uY29udHJpYi5hdXRoLmJhY2tlbmRzLk1vZGVsQmFja2VuZCIsIl9hdXRoX3VzZXJfaWQiOiI2In0=	2016-05-02 08:34:09.106552+05:30
j2hyikb7xssosa78obfvk977znf5nwva	ZTNkODYzZjRiMWI1NTIxZGM1ZmU1YTIyNWVkMzc4YWEzNzlhZmVlODp7Il9hdXRoX3VzZXJfaGFzaCI6IjcwN2Q5MzQ3MzI3ZjhhZTU4ZTI5ZjI1ZWQ4ZmMwMWNiMmUzY2ViZTAiLCJfYXV0aF91c2VyX2JhY2tlbmQiOiJkamFuZ28uY29udHJpYi5hdXRoLmJhY2tlbmRzLk1vZGVsQmFja2VuZCIsIl9hdXRoX3VzZXJfaWQiOiI2In0=	2016-05-02 08:34:17.316069+05:30
02h8c70pg8e1mzj75t8sxadvtfh2qjy4	ZTNkODYzZjRiMWI1NTIxZGM1ZmU1YTIyNWVkMzc4YWEzNzlhZmVlODp7Il9hdXRoX3VzZXJfaGFzaCI6IjcwN2Q5MzQ3MzI3ZjhhZTU4ZTI5ZjI1ZWQ4ZmMwMWNiMmUzY2ViZTAiLCJfYXV0aF91c2VyX2JhY2tlbmQiOiJkamFuZ28uY29udHJpYi5hdXRoLmJhY2tlbmRzLk1vZGVsQmFja2VuZCIsIl9hdXRoX3VzZXJfaWQiOiI2In0=	2016-05-02 08:34:18.184549+05:30
ug6d463ga42w8ltwy5kp6pby40afqmmk	ZTNkODYzZjRiMWI1NTIxZGM1ZmU1YTIyNWVkMzc4YWEzNzlhZmVlODp7Il9hdXRoX3VzZXJfaGFzaCI6IjcwN2Q5MzQ3MzI3ZjhhZTU4ZTI5ZjI1ZWQ4ZmMwMWNiMmUzY2ViZTAiLCJfYXV0aF91c2VyX2JhY2tlbmQiOiJkamFuZ28uY29udHJpYi5hdXRoLmJhY2tlbmRzLk1vZGVsQmFja2VuZCIsIl9hdXRoX3VzZXJfaWQiOiI2In0=	2016-05-02 08:34:25.181924+05:30
s2434s0p9e3yvzyc3uyvy5h95nwjzg4c	ZTNkODYzZjRiMWI1NTIxZGM1ZmU1YTIyNWVkMzc4YWEzNzlhZmVlODp7Il9hdXRoX3VzZXJfaGFzaCI6IjcwN2Q5MzQ3MzI3ZjhhZTU4ZTI5ZjI1ZWQ4ZmMwMWNiMmUzY2ViZTAiLCJfYXV0aF91c2VyX2JhY2tlbmQiOiJkamFuZ28uY29udHJpYi5hdXRoLmJhY2tlbmRzLk1vZGVsQmFja2VuZCIsIl9hdXRoX3VzZXJfaWQiOiI2In0=	2016-05-02 08:34:30.667543+05:30
sp01fxpjxn6ldt7t53r7qdia2311uodt	ZTNkODYzZjRiMWI1NTIxZGM1ZmU1YTIyNWVkMzc4YWEzNzlhZmVlODp7Il9hdXRoX3VzZXJfaGFzaCI6IjcwN2Q5MzQ3MzI3ZjhhZTU4ZTI5ZjI1ZWQ4ZmMwMWNiMmUzY2ViZTAiLCJfYXV0aF91c2VyX2JhY2tlbmQiOiJkamFuZ28uY29udHJpYi5hdXRoLmJhY2tlbmRzLk1vZGVsQmFja2VuZCIsIl9hdXRoX3VzZXJfaWQiOiI2In0=	2016-05-02 08:34:31.449998+05:30
rs0bmr8sfxbv3qg44xt3mqdpwpls15ce	ZTNkODYzZjRiMWI1NTIxZGM1ZmU1YTIyNWVkMzc4YWEzNzlhZmVlODp7Il9hdXRoX3VzZXJfaGFzaCI6IjcwN2Q5MzQ3MzI3ZjhhZTU4ZTI5ZjI1ZWQ4ZmMwMWNiMmUzY2ViZTAiLCJfYXV0aF91c2VyX2JhY2tlbmQiOiJkamFuZ28uY29udHJpYi5hdXRoLmJhY2tlbmRzLk1vZGVsQmFja2VuZCIsIl9hdXRoX3VzZXJfaWQiOiI2In0=	2016-05-02 08:34:35.998794+05:30
zutac9aimizzxzccz6ixjwfy4w2n8uxt	ZTNkODYzZjRiMWI1NTIxZGM1ZmU1YTIyNWVkMzc4YWEzNzlhZmVlODp7Il9hdXRoX3VzZXJfaGFzaCI6IjcwN2Q5MzQ3MzI3ZjhhZTU4ZTI5ZjI1ZWQ4ZmMwMWNiMmUzY2ViZTAiLCJfYXV0aF91c2VyX2JhY2tlbmQiOiJkamFuZ28uY29udHJpYi5hdXRoLmJhY2tlbmRzLk1vZGVsQmFja2VuZCIsIl9hdXRoX3VzZXJfaWQiOiI2In0=	2016-05-02 08:35:15.98583+05:30
z6d0fc6e0bqpzg8nu22fcblr19t43spu	ZTNkODYzZjRiMWI1NTIxZGM1ZmU1YTIyNWVkMzc4YWEzNzlhZmVlODp7Il9hdXRoX3VzZXJfaGFzaCI6IjcwN2Q5MzQ3MzI3ZjhhZTU4ZTI5ZjI1ZWQ4ZmMwMWNiMmUzY2ViZTAiLCJfYXV0aF91c2VyX2JhY2tlbmQiOiJkamFuZ28uY29udHJpYi5hdXRoLmJhY2tlbmRzLk1vZGVsQmFja2VuZCIsIl9hdXRoX3VzZXJfaWQiOiI2In0=	2016-05-02 09:21:36.833143+05:30
zmyrem5u6b28tc90sc7cbafpcy6x1hp3	ZTNkODYzZjRiMWI1NTIxZGM1ZmU1YTIyNWVkMzc4YWEzNzlhZmVlODp7Il9hdXRoX3VzZXJfaGFzaCI6IjcwN2Q5MzQ3MzI3ZjhhZTU4ZTI5ZjI1ZWQ4ZmMwMWNiMmUzY2ViZTAiLCJfYXV0aF91c2VyX2JhY2tlbmQiOiJkamFuZ28uY29udHJpYi5hdXRoLmJhY2tlbmRzLk1vZGVsQmFja2VuZCIsIl9hdXRoX3VzZXJfaWQiOiI2In0=	2016-05-02 09:23:41.779639+05:30
r4oz28hl1g9ozb5n25c2xi65h2ufizyk	ZTNkODYzZjRiMWI1NTIxZGM1ZmU1YTIyNWVkMzc4YWEzNzlhZmVlODp7Il9hdXRoX3VzZXJfaGFzaCI6IjcwN2Q5MzQ3MzI3ZjhhZTU4ZTI5ZjI1ZWQ4ZmMwMWNiMmUzY2ViZTAiLCJfYXV0aF91c2VyX2JhY2tlbmQiOiJkamFuZ28uY29udHJpYi5hdXRoLmJhY2tlbmRzLk1vZGVsQmFja2VuZCIsIl9hdXRoX3VzZXJfaWQiOiI2In0=	2016-05-02 09:23:42.160118+05:30
zvc2sytjb2yyfndh4a0jdohpa4r0y9qp	ZTNkODYzZjRiMWI1NTIxZGM1ZmU1YTIyNWVkMzc4YWEzNzlhZmVlODp7Il9hdXRoX3VzZXJfaGFzaCI6IjcwN2Q5MzQ3MzI3ZjhhZTU4ZTI5ZjI1ZWQ4ZmMwMWNiMmUzY2ViZTAiLCJfYXV0aF91c2VyX2JhY2tlbmQiOiJkamFuZ28uY29udHJpYi5hdXRoLmJhY2tlbmRzLk1vZGVsQmFja2VuZCIsIl9hdXRoX3VzZXJfaWQiOiI2In0=	2016-05-02 09:23:43.408282+05:30
92f6ydhc5sy4v1ccyvreddetzyvlat7t	ZTNkODYzZjRiMWI1NTIxZGM1ZmU1YTIyNWVkMzc4YWEzNzlhZmVlODp7Il9hdXRoX3VzZXJfaGFzaCI6IjcwN2Q5MzQ3MzI3ZjhhZTU4ZTI5ZjI1ZWQ4ZmMwMWNiMmUzY2ViZTAiLCJfYXV0aF91c2VyX2JhY2tlbmQiOiJkamFuZ28uY29udHJpYi5hdXRoLmJhY2tlbmRzLk1vZGVsQmFja2VuZCIsIl9hdXRoX3VzZXJfaWQiOiI2In0=	2016-05-02 09:23:50.212944+05:30
ulmrhtvqptqnr4ohb0fww88w0ub09od5	ZTNkODYzZjRiMWI1NTIxZGM1ZmU1YTIyNWVkMzc4YWEzNzlhZmVlODp7Il9hdXRoX3VzZXJfaGFzaCI6IjcwN2Q5MzQ3MzI3ZjhhZTU4ZTI5ZjI1ZWQ4ZmMwMWNiMmUzY2ViZTAiLCJfYXV0aF91c2VyX2JhY2tlbmQiOiJkamFuZ28uY29udHJpYi5hdXRoLmJhY2tlbmRzLk1vZGVsQmFja2VuZCIsIl9hdXRoX3VzZXJfaWQiOiI2In0=	2016-05-02 09:23:51.162374+05:30
k9gqhn5pyn0oetfu16yjdp1nsu3gc1kq	ZTNkODYzZjRiMWI1NTIxZGM1ZmU1YTIyNWVkMzc4YWEzNzlhZmVlODp7Il9hdXRoX3VzZXJfaGFzaCI6IjcwN2Q5MzQ3MzI3ZjhhZTU4ZTI5ZjI1ZWQ4ZmMwMWNiMmUzY2ViZTAiLCJfYXV0aF91c2VyX2JhY2tlbmQiOiJkamFuZ28uY29udHJpYi5hdXRoLmJhY2tlbmRzLk1vZGVsQmFja2VuZCIsIl9hdXRoX3VzZXJfaWQiOiI2In0=	2016-05-02 09:23:56.539743+05:30
d5ldbgcm8qh2tskm34f6ef4ep3tqme37	ZTNkODYzZjRiMWI1NTIxZGM1ZmU1YTIyNWVkMzc4YWEzNzlhZmVlODp7Il9hdXRoX3VzZXJfaGFzaCI6IjcwN2Q5MzQ3MzI3ZjhhZTU4ZTI5ZjI1ZWQ4ZmMwMWNiMmUzY2ViZTAiLCJfYXV0aF91c2VyX2JhY2tlbmQiOiJkamFuZ28uY29udHJpYi5hdXRoLmJhY2tlbmRzLk1vZGVsQmFja2VuZCIsIl9hdXRoX3VzZXJfaWQiOiI2In0=	2016-05-02 09:24:00.240943+05:30
maneaowr4seuqyoib5qtgfq9bz57qvo6	ZTNkODYzZjRiMWI1NTIxZGM1ZmU1YTIyNWVkMzc4YWEzNzlhZmVlODp7Il9hdXRoX3VzZXJfaGFzaCI6IjcwN2Q5MzQ3MzI3ZjhhZTU4ZTI5ZjI1ZWQ4ZmMwMWNiMmUzY2ViZTAiLCJfYXV0aF91c2VyX2JhY2tlbmQiOiJkamFuZ28uY29udHJpYi5hdXRoLmJhY2tlbmRzLk1vZGVsQmFja2VuZCIsIl9hdXRoX3VzZXJfaWQiOiI2In0=	2016-05-02 09:24:00.962051+05:30
rfkvovp7gj1kzyzpcxczubkpb6mr8qf7	ZTNkODYzZjRiMWI1NTIxZGM1ZmU1YTIyNWVkMzc4YWEzNzlhZmVlODp7Il9hdXRoX3VzZXJfaGFzaCI6IjcwN2Q5MzQ3MzI3ZjhhZTU4ZTI5ZjI1ZWQ4ZmMwMWNiMmUzY2ViZTAiLCJfYXV0aF91c2VyX2JhY2tlbmQiOiJkamFuZ28uY29udHJpYi5hdXRoLmJhY2tlbmRzLk1vZGVsQmFja2VuZCIsIl9hdXRoX3VzZXJfaWQiOiI2In0=	2016-05-02 09:24:07.128447+05:30
481ntl56rgi0ni6z49gnwmaa6pf220q6	Nzk1NDE0Yzk5NmFlNWI5Y2JjNzdhOGRmMDNkNDgzNGRlMWM3MTQ0ZTp7Il9hdXRoX3VzZXJfaGFzaCI6IjcwN2Q5MzQ3MzI3ZjhhZTU4ZTI5ZjI1ZWQ4ZmMwMWNiMmUzY2ViZTAiLCJfYXV0aF91c2VyX2JhY2tlbmQiOiJkamFuZ28uY29udHJpYi5hdXRoLmJhY2tlbmRzLk1vZGVsQmFja2VuZCIsIl9hdXRoX3VzZXJfaWQiOiIyIn0=	2016-05-02 09:24:11.100778+05:30
fv947gvavlap9cae0wjmzy95dvlh3auo	ZTNkODYzZjRiMWI1NTIxZGM1ZmU1YTIyNWVkMzc4YWEzNzlhZmVlODp7Il9hdXRoX3VzZXJfaGFzaCI6IjcwN2Q5MzQ3MzI3ZjhhZTU4ZTI5ZjI1ZWQ4ZmMwMWNiMmUzY2ViZTAiLCJfYXV0aF91c2VyX2JhY2tlbmQiOiJkamFuZ28uY29udHJpYi5hdXRoLmJhY2tlbmRzLk1vZGVsQmFja2VuZCIsIl9hdXRoX3VzZXJfaWQiOiI2In0=	2016-05-02 09:24:52.473656+05:30
cgvxvzzsoijglmuh7hz19ggj5nhvc3se	Nzk1NDE0Yzk5NmFlNWI5Y2JjNzdhOGRmMDNkNDgzNGRlMWM3MTQ0ZTp7Il9hdXRoX3VzZXJfaGFzaCI6IjcwN2Q5MzQ3MzI3ZjhhZTU4ZTI5ZjI1ZWQ4ZmMwMWNiMmUzY2ViZTAiLCJfYXV0aF91c2VyX2JhY2tlbmQiOiJkamFuZ28uY29udHJpYi5hdXRoLmJhY2tlbmRzLk1vZGVsQmFja2VuZCIsIl9hdXRoX3VzZXJfaWQiOiIyIn0=	2016-05-02 09:24:55.931027+05:30
c9y3y12cnqyj0n3e3nhxogzl31o7bv6q	ZTNkODYzZjRiMWI1NTIxZGM1ZmU1YTIyNWVkMzc4YWEzNzlhZmVlODp7Il9hdXRoX3VzZXJfaGFzaCI6IjcwN2Q5MzQ3MzI3ZjhhZTU4ZTI5ZjI1ZWQ4ZmMwMWNiMmUzY2ViZTAiLCJfYXV0aF91c2VyX2JhY2tlbmQiOiJkamFuZ28uY29udHJpYi5hdXRoLmJhY2tlbmRzLk1vZGVsQmFja2VuZCIsIl9hdXRoX3VzZXJfaWQiOiI2In0=	2016-05-02 09:25:16.095717+05:30
928uau5di9szoeqi8ar0z36a5ghpwln9	ZTNkODYzZjRiMWI1NTIxZGM1ZmU1YTIyNWVkMzc4YWEzNzlhZmVlODp7Il9hdXRoX3VzZXJfaGFzaCI6IjcwN2Q5MzQ3MzI3ZjhhZTU4ZTI5ZjI1ZWQ4ZmMwMWNiMmUzY2ViZTAiLCJfYXV0aF91c2VyX2JhY2tlbmQiOiJkamFuZ28uY29udHJpYi5hdXRoLmJhY2tlbmRzLk1vZGVsQmFja2VuZCIsIl9hdXRoX3VzZXJfaWQiOiI2In0=	2016-05-02 09:25:16.513643+05:30
4q7xud0odjhw3o3gphrdiinm6jrgkoz1	ZTNkODYzZjRiMWI1NTIxZGM1ZmU1YTIyNWVkMzc4YWEzNzlhZmVlODp7Il9hdXRoX3VzZXJfaGFzaCI6IjcwN2Q5MzQ3MzI3ZjhhZTU4ZTI5ZjI1ZWQ4ZmMwMWNiMmUzY2ViZTAiLCJfYXV0aF91c2VyX2JhY2tlbmQiOiJkamFuZ28uY29udHJpYi5hdXRoLmJhY2tlbmRzLk1vZGVsQmFja2VuZCIsIl9hdXRoX3VzZXJfaWQiOiI2In0=	2016-05-02 09:25:20.344642+05:30
xmj2lb4l6gtivxwfe2kc9u2z6ziionce	ZTNkODYzZjRiMWI1NTIxZGM1ZmU1YTIyNWVkMzc4YWEzNzlhZmVlODp7Il9hdXRoX3VzZXJfaGFzaCI6IjcwN2Q5MzQ3MzI3ZjhhZTU4ZTI5ZjI1ZWQ4ZmMwMWNiMmUzY2ViZTAiLCJfYXV0aF91c2VyX2JhY2tlbmQiOiJkamFuZ28uY29udHJpYi5hdXRoLmJhY2tlbmRzLk1vZGVsQmFja2VuZCIsIl9hdXRoX3VzZXJfaWQiOiI2In0=	2016-05-02 09:25:25.903635+05:30
u5885m8du4e9w2zfupujxjnh55w0xesb	Nzk1NDE0Yzk5NmFlNWI5Y2JjNzdhOGRmMDNkNDgzNGRlMWM3MTQ0ZTp7Il9hdXRoX3VzZXJfaGFzaCI6IjcwN2Q5MzQ3MzI3ZjhhZTU4ZTI5ZjI1ZWQ4ZmMwMWNiMmUzY2ViZTAiLCJfYXV0aF91c2VyX2JhY2tlbmQiOiJkamFuZ28uY29udHJpYi5hdXRoLmJhY2tlbmRzLk1vZGVsQmFja2VuZCIsIl9hdXRoX3VzZXJfaWQiOiIyIn0=	2016-05-02 09:26:25.575008+05:30
sbk1c4xpdj78ylpv15rna6in4luggftx	ZTNkODYzZjRiMWI1NTIxZGM1ZmU1YTIyNWVkMzc4YWEzNzlhZmVlODp7Il9hdXRoX3VzZXJfaGFzaCI6IjcwN2Q5MzQ3MzI3ZjhhZTU4ZTI5ZjI1ZWQ4ZmMwMWNiMmUzY2ViZTAiLCJfYXV0aF91c2VyX2JhY2tlbmQiOiJkamFuZ28uY29udHJpYi5hdXRoLmJhY2tlbmRzLk1vZGVsQmFja2VuZCIsIl9hdXRoX3VzZXJfaWQiOiI2In0=	2016-05-02 09:29:19.442246+05:30
s10llr1uuk9on8250d13yg7ecblp84l7	Nzk1NDE0Yzk5NmFlNWI5Y2JjNzdhOGRmMDNkNDgzNGRlMWM3MTQ0ZTp7Il9hdXRoX3VzZXJfaGFzaCI6IjcwN2Q5MzQ3MzI3ZjhhZTU4ZTI5ZjI1ZWQ4ZmMwMWNiMmUzY2ViZTAiLCJfYXV0aF91c2VyX2JhY2tlbmQiOiJkamFuZ28uY29udHJpYi5hdXRoLmJhY2tlbmRzLk1vZGVsQmFja2VuZCIsIl9hdXRoX3VzZXJfaWQiOiIyIn0=	2016-05-02 09:29:24.724933+05:30
b3z9206gtbyb8svtx872pz77dd6cy1oy	ZTNkODYzZjRiMWI1NTIxZGM1ZmU1YTIyNWVkMzc4YWEzNzlhZmVlODp7Il9hdXRoX3VzZXJfaGFzaCI6IjcwN2Q5MzQ3MzI3ZjhhZTU4ZTI5ZjI1ZWQ4ZmMwMWNiMmUzY2ViZTAiLCJfYXV0aF91c2VyX2JhY2tlbmQiOiJkamFuZ28uY29udHJpYi5hdXRoLmJhY2tlbmRzLk1vZGVsQmFja2VuZCIsIl9hdXRoX3VzZXJfaWQiOiI2In0=	2016-05-02 09:30:56.507739+05:30
kvj1tkpcl4tscq32hdm8kqznxzyt9r61	ZTNkODYzZjRiMWI1NTIxZGM1ZmU1YTIyNWVkMzc4YWEzNzlhZmVlODp7Il9hdXRoX3VzZXJfaGFzaCI6IjcwN2Q5MzQ3MzI3ZjhhZTU4ZTI5ZjI1ZWQ4ZmMwMWNiMmUzY2ViZTAiLCJfYXV0aF91c2VyX2JhY2tlbmQiOiJkamFuZ28uY29udHJpYi5hdXRoLmJhY2tlbmRzLk1vZGVsQmFja2VuZCIsIl9hdXRoX3VzZXJfaWQiOiI2In0=	2016-05-02 09:30:57.260435+05:30
58ckwh94ei816m20vttie6u61fg9qd7d	ZTNkODYzZjRiMWI1NTIxZGM1ZmU1YTIyNWVkMzc4YWEzNzlhZmVlODp7Il9hdXRoX3VzZXJfaGFzaCI6IjcwN2Q5MzQ3MzI3ZjhhZTU4ZTI5ZjI1ZWQ4ZmMwMWNiMmUzY2ViZTAiLCJfYXV0aF91c2VyX2JhY2tlbmQiOiJkamFuZ28uY29udHJpYi5hdXRoLmJhY2tlbmRzLk1vZGVsQmFja2VuZCIsIl9hdXRoX3VzZXJfaWQiOiI2In0=	2016-05-02 09:30:59.009465+05:30
rfx8fheg84cesdb4vwvwthqn3s67g6d3	ZTNkODYzZjRiMWI1NTIxZGM1ZmU1YTIyNWVkMzc4YWEzNzlhZmVlODp7Il9hdXRoX3VzZXJfaGFzaCI6IjcwN2Q5MzQ3MzI3ZjhhZTU4ZTI5ZjI1ZWQ4ZmMwMWNiMmUzY2ViZTAiLCJfYXV0aF91c2VyX2JhY2tlbmQiOiJkamFuZ28uY29udHJpYi5hdXRoLmJhY2tlbmRzLk1vZGVsQmFja2VuZCIsIl9hdXRoX3VzZXJfaWQiOiI2In0=	2016-05-02 09:31:05.741283+05:30
dfpszsn7bybaqy5nb4rmq2igy8xkz2sk	ZTNkODYzZjRiMWI1NTIxZGM1ZmU1YTIyNWVkMzc4YWEzNzlhZmVlODp7Il9hdXRoX3VzZXJfaGFzaCI6IjcwN2Q5MzQ3MzI3ZjhhZTU4ZTI5ZjI1ZWQ4ZmMwMWNiMmUzY2ViZTAiLCJfYXV0aF91c2VyX2JhY2tlbmQiOiJkamFuZ28uY29udHJpYi5hdXRoLmJhY2tlbmRzLk1vZGVsQmFja2VuZCIsIl9hdXRoX3VzZXJfaWQiOiI2In0=	2016-05-02 09:31:06.394026+05:30
8co1z4ueahl4pzu86k54mhmw0y62qdbl	ZTNkODYzZjRiMWI1NTIxZGM1ZmU1YTIyNWVkMzc4YWEzNzlhZmVlODp7Il9hdXRoX3VzZXJfaGFzaCI6IjcwN2Q5MzQ3MzI3ZjhhZTU4ZTI5ZjI1ZWQ4ZmMwMWNiMmUzY2ViZTAiLCJfYXV0aF91c2VyX2JhY2tlbmQiOiJkamFuZ28uY29udHJpYi5hdXRoLmJhY2tlbmRzLk1vZGVsQmFja2VuZCIsIl9hdXRoX3VzZXJfaWQiOiI2In0=	2016-05-02 09:31:12.349336+05:30
otfc2zn6oodl1tp18jom6qfytju3juya	ZTNkODYzZjRiMWI1NTIxZGM1ZmU1YTIyNWVkMzc4YWEzNzlhZmVlODp7Il9hdXRoX3VzZXJfaGFzaCI6IjcwN2Q5MzQ3MzI3ZjhhZTU4ZTI5ZjI1ZWQ4ZmMwMWNiMmUzY2ViZTAiLCJfYXV0aF91c2VyX2JhY2tlbmQiOiJkamFuZ28uY29udHJpYi5hdXRoLmJhY2tlbmRzLk1vZGVsQmFja2VuZCIsIl9hdXRoX3VzZXJfaWQiOiI2In0=	2016-05-02 09:31:18.451507+05:30
9nx5gc87s1rwa2d1ujrrjqk9nmyfrkph	ZTNkODYzZjRiMWI1NTIxZGM1ZmU1YTIyNWVkMzc4YWEzNzlhZmVlODp7Il9hdXRoX3VzZXJfaGFzaCI6IjcwN2Q5MzQ3MzI3ZjhhZTU4ZTI5ZjI1ZWQ4ZmMwMWNiMmUzY2ViZTAiLCJfYXV0aF91c2VyX2JhY2tlbmQiOiJkamFuZ28uY29udHJpYi5hdXRoLmJhY2tlbmRzLk1vZGVsQmFja2VuZCIsIl9hdXRoX3VzZXJfaWQiOiI2In0=	2016-05-02 09:31:19.323828+05:30
v17e2nvh1bfg3p1ptsvap7x0518rqz79	ZTNkODYzZjRiMWI1NTIxZGM1ZmU1YTIyNWVkMzc4YWEzNzlhZmVlODp7Il9hdXRoX3VzZXJfaGFzaCI6IjcwN2Q5MzQ3MzI3ZjhhZTU4ZTI5ZjI1ZWQ4ZmMwMWNiMmUzY2ViZTAiLCJfYXV0aF91c2VyX2JhY2tlbmQiOiJkamFuZ28uY29udHJpYi5hdXRoLmJhY2tlbmRzLk1vZGVsQmFja2VuZCIsIl9hdXRoX3VzZXJfaWQiOiI2In0=	2016-05-02 09:31:24.782174+05:30
cgqy4ttcx8xyt6qd7renmo84z7nszeev	Nzk1NDE0Yzk5NmFlNWI5Y2JjNzdhOGRmMDNkNDgzNGRlMWM3MTQ0ZTp7Il9hdXRoX3VzZXJfaGFzaCI6IjcwN2Q5MzQ3MzI3ZjhhZTU4ZTI5ZjI1ZWQ4ZmMwMWNiMmUzY2ViZTAiLCJfYXV0aF91c2VyX2JhY2tlbmQiOiJkamFuZ28uY29udHJpYi5hdXRoLmJhY2tlbmRzLk1vZGVsQmFja2VuZCIsIl9hdXRoX3VzZXJfaWQiOiIyIn0=	2016-05-02 09:31:38.871522+05:30
kgob76w28o1kjbkwyhid02n22tcnymi3	ZTNkODYzZjRiMWI1NTIxZGM1ZmU1YTIyNWVkMzc4YWEzNzlhZmVlODp7Il9hdXRoX3VzZXJfaGFzaCI6IjcwN2Q5MzQ3MzI3ZjhhZTU4ZTI5ZjI1ZWQ4ZmMwMWNiMmUzY2ViZTAiLCJfYXV0aF91c2VyX2JhY2tlbmQiOiJkamFuZ28uY29udHJpYi5hdXRoLmJhY2tlbmRzLk1vZGVsQmFja2VuZCIsIl9hdXRoX3VzZXJfaWQiOiI2In0=	2016-05-02 09:32:08.180441+05:30
9aqcysohebdm8djtrhkexwhkpb34zyy5	ZTNkODYzZjRiMWI1NTIxZGM1ZmU1YTIyNWVkMzc4YWEzNzlhZmVlODp7Il9hdXRoX3VzZXJfaGFzaCI6IjcwN2Q5MzQ3MzI3ZjhhZTU4ZTI5ZjI1ZWQ4ZmMwMWNiMmUzY2ViZTAiLCJfYXV0aF91c2VyX2JhY2tlbmQiOiJkamFuZ28uY29udHJpYi5hdXRoLmJhY2tlbmRzLk1vZGVsQmFja2VuZCIsIl9hdXRoX3VzZXJfaWQiOiI2In0=	2016-05-02 09:32:33.651883+05:30
6m6cxtr22p22ahyoj4p19zwc24wuj64b	ZTNkODYzZjRiMWI1NTIxZGM1ZmU1YTIyNWVkMzc4YWEzNzlhZmVlODp7Il9hdXRoX3VzZXJfaGFzaCI6IjcwN2Q5MzQ3MzI3ZjhhZTU4ZTI5ZjI1ZWQ4ZmMwMWNiMmUzY2ViZTAiLCJfYXV0aF91c2VyX2JhY2tlbmQiOiJkamFuZ28uY29udHJpYi5hdXRoLmJhY2tlbmRzLk1vZGVsQmFja2VuZCIsIl9hdXRoX3VzZXJfaWQiOiI2In0=	2016-05-02 09:32:34.168442+05:30
a7l533rhst01p64vs78zc3ythdc7bglb	ZTNkODYzZjRiMWI1NTIxZGM1ZmU1YTIyNWVkMzc4YWEzNzlhZmVlODp7Il9hdXRoX3VzZXJfaGFzaCI6IjcwN2Q5MzQ3MzI3ZjhhZTU4ZTI5ZjI1ZWQ4ZmMwMWNiMmUzY2ViZTAiLCJfYXV0aF91c2VyX2JhY2tlbmQiOiJkamFuZ28uY29udHJpYi5hdXRoLmJhY2tlbmRzLk1vZGVsQmFja2VuZCIsIl9hdXRoX3VzZXJfaWQiOiI2In0=	2016-05-02 09:32:37.156741+05:30
sohkhfs6rq6r9h2tqouikah0ox61sdjt	ZTNkODYzZjRiMWI1NTIxZGM1ZmU1YTIyNWVkMzc4YWEzNzlhZmVlODp7Il9hdXRoX3VzZXJfaGFzaCI6IjcwN2Q5MzQ3MzI3ZjhhZTU4ZTI5ZjI1ZWQ4ZmMwMWNiMmUzY2ViZTAiLCJfYXV0aF91c2VyX2JhY2tlbmQiOiJkamFuZ28uY29udHJpYi5hdXRoLmJhY2tlbmRzLk1vZGVsQmFja2VuZCIsIl9hdXRoX3VzZXJfaWQiOiI2In0=	2016-05-02 09:32:42.884619+05:30
3mo1vbxbw41u9tww706mti54eyb06s31	Nzk1NDE0Yzk5NmFlNWI5Y2JjNzdhOGRmMDNkNDgzNGRlMWM3MTQ0ZTp7Il9hdXRoX3VzZXJfaGFzaCI6IjcwN2Q5MzQ3MzI3ZjhhZTU4ZTI5ZjI1ZWQ4ZmMwMWNiMmUzY2ViZTAiLCJfYXV0aF91c2VyX2JhY2tlbmQiOiJkamFuZ28uY29udHJpYi5hdXRoLmJhY2tlbmRzLk1vZGVsQmFja2VuZCIsIl9hdXRoX3VzZXJfaWQiOiIyIn0=	2016-05-02 09:34:40.143908+05:30
qtp0elaqp8jttyjgw9cb1ltqdgl16h3u	Nzk1NDE0Yzk5NmFlNWI5Y2JjNzdhOGRmMDNkNDgzNGRlMWM3MTQ0ZTp7Il9hdXRoX3VzZXJfaGFzaCI6IjcwN2Q5MzQ3MzI3ZjhhZTU4ZTI5ZjI1ZWQ4ZmMwMWNiMmUzY2ViZTAiLCJfYXV0aF91c2VyX2JhY2tlbmQiOiJkamFuZ28uY29udHJpYi5hdXRoLmJhY2tlbmRzLk1vZGVsQmFja2VuZCIsIl9hdXRoX3VzZXJfaWQiOiIyIn0=	2016-05-02 09:35:32.490528+05:30
o6mwm0z83k0zm9qwo8o78yelutujmkr5	ZTNkODYzZjRiMWI1NTIxZGM1ZmU1YTIyNWVkMzc4YWEzNzlhZmVlODp7Il9hdXRoX3VzZXJfaGFzaCI6IjcwN2Q5MzQ3MzI3ZjhhZTU4ZTI5ZjI1ZWQ4ZmMwMWNiMmUzY2ViZTAiLCJfYXV0aF91c2VyX2JhY2tlbmQiOiJkamFuZ28uY29udHJpYi5hdXRoLmJhY2tlbmRzLk1vZGVsQmFja2VuZCIsIl9hdXRoX3VzZXJfaWQiOiI2In0=	2016-05-02 09:58:29.310219+05:30
evlioy7nyqxssp5nsqrj0ml12nrx9wci	ZTNkODYzZjRiMWI1NTIxZGM1ZmU1YTIyNWVkMzc4YWEzNzlhZmVlODp7Il9hdXRoX3VzZXJfaGFzaCI6IjcwN2Q5MzQ3MzI3ZjhhZTU4ZTI5ZjI1ZWQ4ZmMwMWNiMmUzY2ViZTAiLCJfYXV0aF91c2VyX2JhY2tlbmQiOiJkamFuZ28uY29udHJpYi5hdXRoLmJhY2tlbmRzLk1vZGVsQmFja2VuZCIsIl9hdXRoX3VzZXJfaWQiOiI2In0=	2016-05-02 10:00:00.577456+05:30
n1s70m19c7yjdxj3864aj4gr49uwv5um	ZTNkODYzZjRiMWI1NTIxZGM1ZmU1YTIyNWVkMzc4YWEzNzlhZmVlODp7Il9hdXRoX3VzZXJfaGFzaCI6IjcwN2Q5MzQ3MzI3ZjhhZTU4ZTI5ZjI1ZWQ4ZmMwMWNiMmUzY2ViZTAiLCJfYXV0aF91c2VyX2JhY2tlbmQiOiJkamFuZ28uY29udHJpYi5hdXRoLmJhY2tlbmRzLk1vZGVsQmFja2VuZCIsIl9hdXRoX3VzZXJfaWQiOiI2In0=	2016-05-02 10:05:45.38657+05:30
xkagwzg5fkjq172ptca80gltdtxnph7j	NzZlZjQxODc5NTQzZDkzMmEzZDM5YTg4NWZmNzZiZDdkNWQ5MTM0Nzp7Il9hdXRoX3VzZXJfaGFzaCI6IjcwN2Q5MzQ3MzI3ZjhhZTU4ZTI5ZjI1ZWQ4ZmMwMWNiMmUzY2ViZTAiLCJfYXV0aF91c2VyX2JhY2tlbmQiOiJkamFuZ28uY29udHJpYi5hdXRoLmJhY2tlbmRzLk1vZGVsQmFja2VuZCIsIl9hdXRoX3VzZXJfaWQiOiI5In0=	2016-05-02 10:06:00.158945+05:30
eooqpyb6t5pmsmqmn627sj4jzy58ijt3	Nzk1NDE0Yzk5NmFlNWI5Y2JjNzdhOGRmMDNkNDgzNGRlMWM3MTQ0ZTp7Il9hdXRoX3VzZXJfaGFzaCI6IjcwN2Q5MzQ3MzI3ZjhhZTU4ZTI5ZjI1ZWQ4ZmMwMWNiMmUzY2ViZTAiLCJfYXV0aF91c2VyX2JhY2tlbmQiOiJkamFuZ28uY29udHJpYi5hdXRoLmJhY2tlbmRzLk1vZGVsQmFja2VuZCIsIl9hdXRoX3VzZXJfaWQiOiIyIn0=	2016-05-02 10:07:13.80058+05:30
1v0puo19cgpxbnpmb65cpe0bht9uf537	ODg3MTdmMjVjZDM4MmYzM2YwODdhODkyNjdmODlhMThlZTQwMzU1ODp7Il9hdXRoX3VzZXJfaGFzaCI6IjBhMzVhODNjY2Y2YzJjZDBhMmM4YmYyOTFmNGIxNmVkZGQzOWE4MGEiLCJfYXV0aF91c2VyX2lkIjoiMyIsIl9hdXRoX3VzZXJfYmFja2VuZCI6ImRqYW5nby5jb250cmliLmF1dGguYmFja2VuZHMuTW9kZWxCYWNrZW5kIn0=	2016-05-02 10:23:12.552549+05:30
g98v7db3f6jmu698rex5dvmq00izv5lk	MDU2MTg0ZDdiOTZiYTdmOTczNjgwN2YzOWYwNWIzMGZkNzA3OGU2Njp7Il9hdXRoX3VzZXJfaGFzaCI6IjBhMzVhODNjY2Y2YzJjZDBhMmM4YmYyOTFmNGIxNmVkZGQzOWE4MGEiLCJfYXV0aF91c2VyX2JhY2tlbmQiOiJkamFuZ28uY29udHJpYi5hdXRoLmJhY2tlbmRzLk1vZGVsQmFja2VuZCIsIl9hdXRoX3VzZXJfaWQiOiIzIn0=	2016-05-02 10:23:24.793889+05:30
cew21kt90rei4ly8x773t5umrenj20by	MDBhZTJkMTRjZGMwNDFjY2QwODllMTIxOWY5ZWUzZWVlYmE2ZjM1Zjp7Il9hdXRoX3VzZXJfaGFzaCI6ImNiMTIzOGFhMzljOTkzMzIyM2JlMGZkMjI5MmQ3ZDQ5OTUwNDM4ZTMiLCJfYXV0aF91c2VyX2lkIjoiMyIsIl9hdXRoX3VzZXJfYmFja2VuZCI6ImRqYW5nby5jb250cmliLmF1dGguYmFja2VuZHMuTW9kZWxCYWNrZW5kIn0=	2016-05-02 10:27:22.482984+05:30
0p9kd4q1nonm4fsmnfwn1r8ubyqijr2j	YzVhYTM2NmM4NmI0MDYxZmFlMTZlNzg4M2Y5ZWE2OTE1MWViNDFiYTp7Il9hdXRoX3VzZXJfaGFzaCI6ImU2ZDEzNTdiZWY5YWRjOTY2Mzk1ZDU3MWMwYWMxODA3MzFlMGY5MTIiLCJfYXV0aF91c2VyX2lkIjoiMyIsIl9hdXRoX3VzZXJfYmFja2VuZCI6ImRqYW5nby5jb250cmliLmF1dGguYmFja2VuZHMuTW9kZWxCYWNrZW5kIn0=	2016-05-02 10:31:12.270244+05:30
3pjufssprb1bxp5nu6f0wst9tlloevzl	NTE0Yjk5ODg2ZWZjYzRlYzI5OTI3ZWY1OWY2YzVmNmZhNThhMWRjYjp7Il9hdXRoX3VzZXJfaGFzaCI6IjcxYWI1NGRlMGEyM2MzODY3ODBkM2RkMDQzNDlkODQ2MWI2MGRkNTkiLCJfYXV0aF91c2VyX2lkIjoiMyIsIl9hdXRoX3VzZXJfYmFja2VuZCI6ImRqYW5nby5jb250cmliLmF1dGguYmFja2VuZHMuTW9kZWxCYWNrZW5kIn0=	2016-05-02 10:31:35.799421+05:30
wnb5dvdrxr4l31kt788vlb8320ypvsn7	ZDQwZTZjNzNlZTBjNTgxYTFiNDhjOWI5ZDc5NTAxNTgyYTQ1MDk2Mjp7Il9hdXRoX3VzZXJfaGFzaCI6IjcxYWI1NGRlMGEyM2MzODY3ODBkM2RkMDQzNDlkODQ2MWI2MGRkNTkiLCJfYXV0aF91c2VyX2JhY2tlbmQiOiJkamFuZ28uY29udHJpYi5hdXRoLmJhY2tlbmRzLk1vZGVsQmFja2VuZCIsIl9hdXRoX3VzZXJfaWQiOiIzIn0=	2016-05-02 10:31:53.064094+05:30
15ypn2tur37v2epejaectmw700s8xudk	ZjEzN2M3OWFmNTlkZDQ1MjRkMGQxOGYzNjFiYWIwNWFmMDRmY2IyODp7fQ==	2016-05-02 10:32:01.501621+05:30
ur029izxj096k0diwa9avmf9t1zkvi2k	ZDQ2MWE1MTBlNWE0YjIwOThlMGRkMDMyZjVlY2ZiODNlNDNiYjBmNzp7Il9hdXRoX3VzZXJfaGFzaCI6ImQzMjI3MjQwYWE5OTcyOGNjZmM5ODE1ODIxNjNiMDliMWQ2MDhhOGYiLCJfYXV0aF91c2VyX2lkIjoiMyIsIl9hdXRoX3VzZXJfYmFja2VuZCI6ImRqYW5nby5jb250cmliLmF1dGguYmFja2VuZHMuTW9kZWxCYWNrZW5kIn0=	2016-05-02 10:38:03.057515+05:30
ekt01msj60f3vnz9c1szbvvvkm3v8nhl	Yzg4NjNjN2Q0NDM1ZDIxMDQ2OWIxODRmNDljODUzY2FlYmYyYzA5Mjp7Il9hdXRoX3VzZXJfaGFzaCI6IjhjY2VlMmEwNTYzMjVkYmNmOTY2ZmFmZWE3Y2I0YWQwMmQ5Y2Q1MjMiLCJfYXV0aF91c2VyX2lkIjoiMyIsIl9hdXRoX3VzZXJfYmFja2VuZCI6ImRqYW5nby5jb250cmliLmF1dGguYmFja2VuZHMuTW9kZWxCYWNrZW5kIn0=	2016-05-02 10:38:22.540534+05:30
8t877s21cv31niibgf6yem3s18rpvlwv	YTI3MDE4ZmI4MWEwOWMyOGE3Njk0ZTAzMTI5OWY3MWZhMzU2MmMzYjp7Il9hdXRoX3VzZXJfaGFzaCI6IjhjY2VlMmEwNTYzMjVkYmNmOTY2ZmFmZWE3Y2I0YWQwMmQ5Y2Q1MjMiLCJfYXV0aF91c2VyX2JhY2tlbmQiOiJkamFuZ28uY29udHJpYi5hdXRoLmJhY2tlbmRzLk1vZGVsQmFja2VuZCIsIl9hdXRoX3VzZXJfaWQiOiIzIn0=	2016-05-02 10:38:40.677277+05:30
t5a6z6elus4qp00ryo56hix5wd8hpnpn	ZjEzN2M3OWFmNTlkZDQ1MjRkMGQxOGYzNjFiYWIwNWFmMDRmY2IyODp7fQ==	2016-05-02 10:38:48.125783+05:30
o2cgltnjq8oh4o8eyi8k9w0a5wuu2u2d	Nzk1NDE0Yzk5NmFlNWI5Y2JjNzdhOGRmMDNkNDgzNGRlMWM3MTQ0ZTp7Il9hdXRoX3VzZXJfaGFzaCI6IjcwN2Q5MzQ3MzI3ZjhhZTU4ZTI5ZjI1ZWQ4ZmMwMWNiMmUzY2ViZTAiLCJfYXV0aF91c2VyX2JhY2tlbmQiOiJkamFuZ28uY29udHJpYi5hdXRoLmJhY2tlbmRzLk1vZGVsQmFja2VuZCIsIl9hdXRoX3VzZXJfaWQiOiIyIn0=	2016-05-02 12:03:09.782144+05:30
qkh3jt0mn94ava3iaq4a9kmpvsdbmvlx	ZTNkODYzZjRiMWI1NTIxZGM1ZmU1YTIyNWVkMzc4YWEzNzlhZmVlODp7Il9hdXRoX3VzZXJfaGFzaCI6IjcwN2Q5MzQ3MzI3ZjhhZTU4ZTI5ZjI1ZWQ4ZmMwMWNiMmUzY2ViZTAiLCJfYXV0aF91c2VyX2JhY2tlbmQiOiJkamFuZ28uY29udHJpYi5hdXRoLmJhY2tlbmRzLk1vZGVsQmFja2VuZCIsIl9hdXRoX3VzZXJfaWQiOiI2In0=	2016-05-02 12:06:53.907575+05:30
uhodc2c0osg6yda0x6cucbf3tx49otbn	Nzk1NDE0Yzk5NmFlNWI5Y2JjNzdhOGRmMDNkNDgzNGRlMWM3MTQ0ZTp7Il9hdXRoX3VzZXJfaGFzaCI6IjcwN2Q5MzQ3MzI3ZjhhZTU4ZTI5ZjI1ZWQ4ZmMwMWNiMmUzY2ViZTAiLCJfYXV0aF91c2VyX2JhY2tlbmQiOiJkamFuZ28uY29udHJpYi5hdXRoLmJhY2tlbmRzLk1vZGVsQmFja2VuZCIsIl9hdXRoX3VzZXJfaWQiOiIyIn0=	2016-05-02 12:11:32.667552+05:30
buvoljn4c0ft0oz2k554l6s2nd1n9p4d	Nzk1NDE0Yzk5NmFlNWI5Y2JjNzdhOGRmMDNkNDgzNGRlMWM3MTQ0ZTp7Il9hdXRoX3VzZXJfaGFzaCI6IjcwN2Q5MzQ3MzI3ZjhhZTU4ZTI5ZjI1ZWQ4ZmMwMWNiMmUzY2ViZTAiLCJfYXV0aF91c2VyX2JhY2tlbmQiOiJkamFuZ28uY29udHJpYi5hdXRoLmJhY2tlbmRzLk1vZGVsQmFja2VuZCIsIl9hdXRoX3VzZXJfaWQiOiIyIn0=	2016-05-02 12:15:37.079791+05:30
fbz4fcyge9p7sv3dn63gi25va5gupl94	Nzk1NDE0Yzk5NmFlNWI5Y2JjNzdhOGRmMDNkNDgzNGRlMWM3MTQ0ZTp7Il9hdXRoX3VzZXJfaGFzaCI6IjcwN2Q5MzQ3MzI3ZjhhZTU4ZTI5ZjI1ZWQ4ZmMwMWNiMmUzY2ViZTAiLCJfYXV0aF91c2VyX2JhY2tlbmQiOiJkamFuZ28uY29udHJpYi5hdXRoLmJhY2tlbmRzLk1vZGVsQmFja2VuZCIsIl9hdXRoX3VzZXJfaWQiOiIyIn0=	2016-05-02 12:16:11.827759+05:30
hww9zat1wexuiiksaeby8sxnqt48e2mo	ZjZjY2EyMjY5NjlmOTE3MjZlYjM5MmVjYWZjOGRiZjEwMzNlOTczNTp7Il9hdXRoX3VzZXJfaGFzaCI6ImQ5MTE4OTU0M2I3YTM4MGI3MDEwNGYxNjg3N2U5MWI0ZDI5Y2JlMjEiLCJfYXV0aF91c2VyX2lkIjoiMyIsIl9hdXRoX3VzZXJfYmFja2VuZCI6ImRqYW5nby5jb250cmliLmF1dGguYmFja2VuZHMuTW9kZWxCYWNrZW5kIn0=	2016-05-02 12:18:15.335723+05:30
o8qb5zcdxoa4j2ahzrwtr332ypx8dzup	OWZlZTg1ZGU0YjMzMTQ3ZjljMTcyZTJlMDAwMGRiNWU1YjFkNDY1MDp7Il9hdXRoX3VzZXJfaGFzaCI6ImM0M2RhNzgyODg1NWU2NDgyMGQ1NjMyYzczYWZiYzcwYWViYjE2NDgiLCJfYXV0aF91c2VyX2lkIjoiMyIsIl9hdXRoX3VzZXJfYmFja2VuZCI6ImRqYW5nby5jb250cmliLmF1dGguYmFja2VuZHMuTW9kZWxCYWNrZW5kIn0=	2016-05-02 12:18:29.921812+05:30
ww4t3syuz0dtsq9pfbogpx9sllngogb3	NTUyOTc4MjM4Y2FiNTkyNDAxMWVhMWYyYWNiYzQ3MjkzMWRiMzU5ODp7Il9hdXRoX3VzZXJfaGFzaCI6ImM0M2RhNzgyODg1NWU2NDgyMGQ1NjMyYzczYWZiYzcwYWViYjE2NDgiLCJfYXV0aF91c2VyX2JhY2tlbmQiOiJkamFuZ28uY29udHJpYi5hdXRoLmJhY2tlbmRzLk1vZGVsQmFja2VuZCIsIl9hdXRoX3VzZXJfaWQiOiIzIn0=	2016-05-02 12:18:41.715689+05:30
smp82kv0dqdixzi0omsfwy0xx03k0ojk	ZjEzN2M3OWFmNTlkZDQ1MjRkMGQxOGYzNjFiYWIwNWFmMDRmY2IyODp7fQ==	2016-05-02 12:18:47.057811+05:30
h8pbrsfky1v7brzogb0x83qrl4fl375r	Nzk1NDE0Yzk5NmFlNWI5Y2JjNzdhOGRmMDNkNDgzNGRlMWM3MTQ0ZTp7Il9hdXRoX3VzZXJfaGFzaCI6IjcwN2Q5MzQ3MzI3ZjhhZTU4ZTI5ZjI1ZWQ4ZmMwMWNiMmUzY2ViZTAiLCJfYXV0aF91c2VyX2JhY2tlbmQiOiJkamFuZ28uY29udHJpYi5hdXRoLmJhY2tlbmRzLk1vZGVsQmFja2VuZCIsIl9hdXRoX3VzZXJfaWQiOiIyIn0=	2016-05-02 12:20:11.1449+05:30
ge0cimvjpuw755yleoqsm2iaq42kl8t1	Nzk1NDE0Yzk5NmFlNWI5Y2JjNzdhOGRmMDNkNDgzNGRlMWM3MTQ0ZTp7Il9hdXRoX3VzZXJfaGFzaCI6IjcwN2Q5MzQ3MzI3ZjhhZTU4ZTI5ZjI1ZWQ4ZmMwMWNiMmUzY2ViZTAiLCJfYXV0aF91c2VyX2JhY2tlbmQiOiJkamFuZ28uY29udHJpYi5hdXRoLmJhY2tlbmRzLk1vZGVsQmFja2VuZCIsIl9hdXRoX3VzZXJfaWQiOiIyIn0=	2016-05-02 12:21:03.727656+05:30
ay73xgek1zb3xvgaq2ewxxajgwxilafo	Nzk1NDE0Yzk5NmFlNWI5Y2JjNzdhOGRmMDNkNDgzNGRlMWM3MTQ0ZTp7Il9hdXRoX3VzZXJfaGFzaCI6IjcwN2Q5MzQ3MzI3ZjhhZTU4ZTI5ZjI1ZWQ4ZmMwMWNiMmUzY2ViZTAiLCJfYXV0aF91c2VyX2JhY2tlbmQiOiJkamFuZ28uY29udHJpYi5hdXRoLmJhY2tlbmRzLk1vZGVsQmFja2VuZCIsIl9hdXRoX3VzZXJfaWQiOiIyIn0=	2016-05-02 12:22:56.742066+05:30
lgtbjetg1mjb6h49sb9ygs5bo8o0jmgl	Nzk1NDE0Yzk5NmFlNWI5Y2JjNzdhOGRmMDNkNDgzNGRlMWM3MTQ0ZTp7Il9hdXRoX3VzZXJfaGFzaCI6IjcwN2Q5MzQ3MzI3ZjhhZTU4ZTI5ZjI1ZWQ4ZmMwMWNiMmUzY2ViZTAiLCJfYXV0aF91c2VyX2JhY2tlbmQiOiJkamFuZ28uY29udHJpYi5hdXRoLmJhY2tlbmRzLk1vZGVsQmFja2VuZCIsIl9hdXRoX3VzZXJfaWQiOiIyIn0=	2016-05-02 12:23:28.337654+05:30
yszkv0h689riucjqiexmkmi7jr8rn9yf	Nzk1NDE0Yzk5NmFlNWI5Y2JjNzdhOGRmMDNkNDgzNGRlMWM3MTQ0ZTp7Il9hdXRoX3VzZXJfaGFzaCI6IjcwN2Q5MzQ3MzI3ZjhhZTU4ZTI5ZjI1ZWQ4ZmMwMWNiMmUzY2ViZTAiLCJfYXV0aF91c2VyX2JhY2tlbmQiOiJkamFuZ28uY29udHJpYi5hdXRoLmJhY2tlbmRzLk1vZGVsQmFja2VuZCIsIl9hdXRoX3VzZXJfaWQiOiIyIn0=	2016-05-02 12:25:26.928405+05:30
e7a1l0l1tzyj5zrm0rgv8reazt5kho2d	Nzk1NDE0Yzk5NmFlNWI5Y2JjNzdhOGRmMDNkNDgzNGRlMWM3MTQ0ZTp7Il9hdXRoX3VzZXJfaGFzaCI6IjcwN2Q5MzQ3MzI3ZjhhZTU4ZTI5ZjI1ZWQ4ZmMwMWNiMmUzY2ViZTAiLCJfYXV0aF91c2VyX2JhY2tlbmQiOiJkamFuZ28uY29udHJpYi5hdXRoLmJhY2tlbmRzLk1vZGVsQmFja2VuZCIsIl9hdXRoX3VzZXJfaWQiOiIyIn0=	2016-05-02 12:26:49.425345+05:30
wckdqt2xp7nxc0l7gaidqscjd52nodw0	Nzk1NDE0Yzk5NmFlNWI5Y2JjNzdhOGRmMDNkNDgzNGRlMWM3MTQ0ZTp7Il9hdXRoX3VzZXJfaGFzaCI6IjcwN2Q5MzQ3MzI3ZjhhZTU4ZTI5ZjI1ZWQ4ZmMwMWNiMmUzY2ViZTAiLCJfYXV0aF91c2VyX2JhY2tlbmQiOiJkamFuZ28uY29udHJpYi5hdXRoLmJhY2tlbmRzLk1vZGVsQmFja2VuZCIsIl9hdXRoX3VzZXJfaWQiOiIyIn0=	2016-05-02 12:29:00.722869+05:30
kt2vc3bxrsbfec5955xc90vrjrfcdljh	Nzk1NDE0Yzk5NmFlNWI5Y2JjNzdhOGRmMDNkNDgzNGRlMWM3MTQ0ZTp7Il9hdXRoX3VzZXJfaGFzaCI6IjcwN2Q5MzQ3MzI3ZjhhZTU4ZTI5ZjI1ZWQ4ZmMwMWNiMmUzY2ViZTAiLCJfYXV0aF91c2VyX2JhY2tlbmQiOiJkamFuZ28uY29udHJpYi5hdXRoLmJhY2tlbmRzLk1vZGVsQmFja2VuZCIsIl9hdXRoX3VzZXJfaWQiOiIyIn0=	2016-05-02 12:30:24.069739+05:30
2hi58u62ppk8eqkr95z5oubwnqsyjps9	Nzk1NDE0Yzk5NmFlNWI5Y2JjNzdhOGRmMDNkNDgzNGRlMWM3MTQ0ZTp7Il9hdXRoX3VzZXJfaGFzaCI6IjcwN2Q5MzQ3MzI3ZjhhZTU4ZTI5ZjI1ZWQ4ZmMwMWNiMmUzY2ViZTAiLCJfYXV0aF91c2VyX2JhY2tlbmQiOiJkamFuZ28uY29udHJpYi5hdXRoLmJhY2tlbmRzLk1vZGVsQmFja2VuZCIsIl9hdXRoX3VzZXJfaWQiOiIyIn0=	2016-05-02 12:31:33.279169+05:30
xt7s8v0t8d7pi5s14vh795rhlj95w6xo	Nzk1NDE0Yzk5NmFlNWI5Y2JjNzdhOGRmMDNkNDgzNGRlMWM3MTQ0ZTp7Il9hdXRoX3VzZXJfaGFzaCI6IjcwN2Q5MzQ3MzI3ZjhhZTU4ZTI5ZjI1ZWQ4ZmMwMWNiMmUzY2ViZTAiLCJfYXV0aF91c2VyX2JhY2tlbmQiOiJkamFuZ28uY29udHJpYi5hdXRoLmJhY2tlbmRzLk1vZGVsQmFja2VuZCIsIl9hdXRoX3VzZXJfaWQiOiIyIn0=	2016-05-02 12:32:32.538081+05:30
selg5r45jmqhmwbdv3ubsik64p9h6q1m	Nzk1NDE0Yzk5NmFlNWI5Y2JjNzdhOGRmMDNkNDgzNGRlMWM3MTQ0ZTp7Il9hdXRoX3VzZXJfaGFzaCI6IjcwN2Q5MzQ3MzI3ZjhhZTU4ZTI5ZjI1ZWQ4ZmMwMWNiMmUzY2ViZTAiLCJfYXV0aF91c2VyX2JhY2tlbmQiOiJkamFuZ28uY29udHJpYi5hdXRoLmJhY2tlbmRzLk1vZGVsQmFja2VuZCIsIl9hdXRoX3VzZXJfaWQiOiIyIn0=	2016-05-02 12:33:37.308532+05:30
8fd1olqabd65s8h8fz8izlqpifi61pyr	ZTNkODYzZjRiMWI1NTIxZGM1ZmU1YTIyNWVkMzc4YWEzNzlhZmVlODp7Il9hdXRoX3VzZXJfaGFzaCI6IjcwN2Q5MzQ3MzI3ZjhhZTU4ZTI5ZjI1ZWQ4ZmMwMWNiMmUzY2ViZTAiLCJfYXV0aF91c2VyX2JhY2tlbmQiOiJkamFuZ28uY29udHJpYi5hdXRoLmJhY2tlbmRzLk1vZGVsQmFja2VuZCIsIl9hdXRoX3VzZXJfaWQiOiI2In0=	2016-05-02 12:34:01.612628+05:30
n7o4xi1lydp36uvset76jqaq6x6voe0n	NzZlZjQxODc5NTQzZDkzMmEzZDM5YTg4NWZmNzZiZDdkNWQ5MTM0Nzp7Il9hdXRoX3VzZXJfaGFzaCI6IjcwN2Q5MzQ3MzI3ZjhhZTU4ZTI5ZjI1ZWQ4ZmMwMWNiMmUzY2ViZTAiLCJfYXV0aF91c2VyX2JhY2tlbmQiOiJkamFuZ28uY29udHJpYi5hdXRoLmJhY2tlbmRzLk1vZGVsQmFja2VuZCIsIl9hdXRoX3VzZXJfaWQiOiI5In0=	2016-05-02 12:34:10.270262+05:30
i0ew8x0vg2hj67b5bsj4916ebay6ddtb	Nzk1NDE0Yzk5NmFlNWI5Y2JjNzdhOGRmMDNkNDgzNGRlMWM3MTQ0ZTp7Il9hdXRoX3VzZXJfaGFzaCI6IjcwN2Q5MzQ3MzI3ZjhhZTU4ZTI5ZjI1ZWQ4ZmMwMWNiMmUzY2ViZTAiLCJfYXV0aF91c2VyX2JhY2tlbmQiOiJkamFuZ28uY29udHJpYi5hdXRoLmJhY2tlbmRzLk1vZGVsQmFja2VuZCIsIl9hdXRoX3VzZXJfaWQiOiIyIn0=	2016-05-02 12:34:25.477943+05:30
otzb90clrj3ogqdq6p2w6ob5jwcdrmrc	Nzk1NDE0Yzk5NmFlNWI5Y2JjNzdhOGRmMDNkNDgzNGRlMWM3MTQ0ZTp7Il9hdXRoX3VzZXJfaGFzaCI6IjcwN2Q5MzQ3MzI3ZjhhZTU4ZTI5ZjI1ZWQ4ZmMwMWNiMmUzY2ViZTAiLCJfYXV0aF91c2VyX2JhY2tlbmQiOiJkamFuZ28uY29udHJpYi5hdXRoLmJhY2tlbmRzLk1vZGVsQmFja2VuZCIsIl9hdXRoX3VzZXJfaWQiOiIyIn0=	2016-05-02 12:35:19.785773+05:30
v36mgtwazl84nsxs6cax9tww8z9lddd7	Nzk1NDE0Yzk5NmFlNWI5Y2JjNzdhOGRmMDNkNDgzNGRlMWM3MTQ0ZTp7Il9hdXRoX3VzZXJfaGFzaCI6IjcwN2Q5MzQ3MzI3ZjhhZTU4ZTI5ZjI1ZWQ4ZmMwMWNiMmUzY2ViZTAiLCJfYXV0aF91c2VyX2JhY2tlbmQiOiJkamFuZ28uY29udHJpYi5hdXRoLmJhY2tlbmRzLk1vZGVsQmFja2VuZCIsIl9hdXRoX3VzZXJfaWQiOiIyIn0=	2016-05-02 12:38:13.811401+05:30
svk9pdse7v4q2g9drlv2e3hqgog56oij	Nzk1NDE0Yzk5NmFlNWI5Y2JjNzdhOGRmMDNkNDgzNGRlMWM3MTQ0ZTp7Il9hdXRoX3VzZXJfaGFzaCI6IjcwN2Q5MzQ3MzI3ZjhhZTU4ZTI5ZjI1ZWQ4ZmMwMWNiMmUzY2ViZTAiLCJfYXV0aF91c2VyX2JhY2tlbmQiOiJkamFuZ28uY29udHJpYi5hdXRoLmJhY2tlbmRzLk1vZGVsQmFja2VuZCIsIl9hdXRoX3VzZXJfaWQiOiIyIn0=	2016-05-02 12:39:47.488195+05:30
q7b53a92gz1ipzzdwic36bg4a3ei35gt	Nzk1NDE0Yzk5NmFlNWI5Y2JjNzdhOGRmMDNkNDgzNGRlMWM3MTQ0ZTp7Il9hdXRoX3VzZXJfaGFzaCI6IjcwN2Q5MzQ3MzI3ZjhhZTU4ZTI5ZjI1ZWQ4ZmMwMWNiMmUzY2ViZTAiLCJfYXV0aF91c2VyX2JhY2tlbmQiOiJkamFuZ28uY29udHJpYi5hdXRoLmJhY2tlbmRzLk1vZGVsQmFja2VuZCIsIl9hdXRoX3VzZXJfaWQiOiIyIn0=	2016-05-02 12:40:52.774223+05:30
fpmq1cttz4e0xxhctbkh3wsckyf50h7a	Nzk1NDE0Yzk5NmFlNWI5Y2JjNzdhOGRmMDNkNDgzNGRlMWM3MTQ0ZTp7Il9hdXRoX3VzZXJfaGFzaCI6IjcwN2Q5MzQ3MzI3ZjhhZTU4ZTI5ZjI1ZWQ4ZmMwMWNiMmUzY2ViZTAiLCJfYXV0aF91c2VyX2JhY2tlbmQiOiJkamFuZ28uY29udHJpYi5hdXRoLmJhY2tlbmRzLk1vZGVsQmFja2VuZCIsIl9hdXRoX3VzZXJfaWQiOiIyIn0=	2016-05-02 12:41:19.318912+05:30
wss1b8grkova0nkicf9fgje0et38d7r9	Nzk1NDE0Yzk5NmFlNWI5Y2JjNzdhOGRmMDNkNDgzNGRlMWM3MTQ0ZTp7Il9hdXRoX3VzZXJfaGFzaCI6IjcwN2Q5MzQ3MzI3ZjhhZTU4ZTI5ZjI1ZWQ4ZmMwMWNiMmUzY2ViZTAiLCJfYXV0aF91c2VyX2JhY2tlbmQiOiJkamFuZ28uY29udHJpYi5hdXRoLmJhY2tlbmRzLk1vZGVsQmFja2VuZCIsIl9hdXRoX3VzZXJfaWQiOiIyIn0=	2016-05-02 12:42:50.033462+05:30
jb66kceydxgtp4qrwm0kkz8x80bcuqdw	Nzk1NDE0Yzk5NmFlNWI5Y2JjNzdhOGRmMDNkNDgzNGRlMWM3MTQ0ZTp7Il9hdXRoX3VzZXJfaGFzaCI6IjcwN2Q5MzQ3MzI3ZjhhZTU4ZTI5ZjI1ZWQ4ZmMwMWNiMmUzY2ViZTAiLCJfYXV0aF91c2VyX2JhY2tlbmQiOiJkamFuZ28uY29udHJpYi5hdXRoLmJhY2tlbmRzLk1vZGVsQmFja2VuZCIsIl9hdXRoX3VzZXJfaWQiOiIyIn0=	2016-05-02 12:44:26.441532+05:30
rhnhdurijp15xfcc03cko295kzfjlzza	Nzk1NDE0Yzk5NmFlNWI5Y2JjNzdhOGRmMDNkNDgzNGRlMWM3MTQ0ZTp7Il9hdXRoX3VzZXJfaGFzaCI6IjcwN2Q5MzQ3MzI3ZjhhZTU4ZTI5ZjI1ZWQ4ZmMwMWNiMmUzY2ViZTAiLCJfYXV0aF91c2VyX2JhY2tlbmQiOiJkamFuZ28uY29udHJpYi5hdXRoLmJhY2tlbmRzLk1vZGVsQmFja2VuZCIsIl9hdXRoX3VzZXJfaWQiOiIyIn0=	2016-05-02 12:45:00.075414+05:30
1q9u45w4cuzbv4rl4v64z6m64se0m4us	YzY3MjkzZTg1NDY3MjZkMTU2MWZjODJhNTY5OWFhNTU1ZGVjNDNmNjp7Il9hdXRoX3VzZXJfaGFzaCI6IjUwZDk4N2U5ZTgyNTllMGVlNDE0YWUwYmIwMjNkZmJmZWM5MWIwYTYiLCJfYXV0aF91c2VyX2lkIjoiMyIsIl9hdXRoX3VzZXJfYmFja2VuZCI6ImRqYW5nby5jb250cmliLmF1dGguYmFja2VuZHMuTW9kZWxCYWNrZW5kIn0=	2016-05-02 12:45:10.371464+05:30
11fgnl42msday91vxwzsmireo713w8f1	N2VhMjMxZjA1MzNlMjRhYWRiN2U3N2E2OGEwMTIxZjY1YmQ5ODgyZDp7Il9hdXRoX3VzZXJfaGFzaCI6IjFlMWQ0YjViNjNhOTlhNWQzZTY2MzJhMDE2NzIxMzFkZGVkYzZkOTIiLCJfYXV0aF91c2VyX2lkIjoiMyIsIl9hdXRoX3VzZXJfYmFja2VuZCI6ImRqYW5nby5jb250cmliLmF1dGguYmFja2VuZHMuTW9kZWxCYWNrZW5kIn0=	2016-05-02 12:45:22.099695+05:30
8xjeyuo43l8jc5tbumvmw7n01fzgbnh3	N2IyNTMwOGU3ODY4NjhkNTkyNjhiOTAyNzA3MTExNDRmN2E4MDVkMjp7Il9hdXRoX3VzZXJfaGFzaCI6IjFlMWQ0YjViNjNhOTlhNWQzZTY2MzJhMDE2NzIxMzFkZGVkYzZkOTIiLCJfYXV0aF91c2VyX2JhY2tlbmQiOiJkamFuZ28uY29udHJpYi5hdXRoLmJhY2tlbmRzLk1vZGVsQmFja2VuZCIsIl9hdXRoX3VzZXJfaWQiOiIzIn0=	2016-05-02 12:45:33.62989+05:30
rdl6kjhmqsfstwy1fyj282v72ryr4c14	ZjEzN2M3OWFmNTlkZDQ1MjRkMGQxOGYzNjFiYWIwNWFmMDRmY2IyODp7fQ==	2016-05-02 12:45:38.849503+05:30
o7pct61gprzowmrkcmuqdskkx82k8ygz	Y2Q3NjgzMjkzMTViMGY5MTJjYzE4NTEyMmJhNGE0NDI4YTViOTM3Njp7Il9hdXRoX3VzZXJfaGFzaCI6IjBhNjQxZmNlYmRlNGUzNzAyMDU1ZTVhMTM4ZGM4MjJkOWExZjA1ZGMiLCJfYXV0aF91c2VyX2lkIjoiMyIsIl9hdXRoX3VzZXJfYmFja2VuZCI6ImRqYW5nby5jb250cmliLmF1dGguYmFja2VuZHMuTW9kZWxCYWNrZW5kIn0=	2016-05-02 12:48:30.730382+05:30
ngst25gx6wvy6zioolj1dr1h8nv12w27	Yjc2NzJkMzkxYjIyYWJmYjIzNDcyOWJkNmU2ZjJjMDQzOWExNzI1Yjp7Il9hdXRoX3VzZXJfaGFzaCI6IjYwNGUwMmM2Y2M1MDRiMWM4MzQyYmZkNzI0ZDA3ZGFjN2E5NDQzZGUiLCJfYXV0aF91c2VyX2lkIjoiMyIsIl9hdXRoX3VzZXJfYmFja2VuZCI6ImRqYW5nby5jb250cmliLmF1dGguYmFja2VuZHMuTW9kZWxCYWNrZW5kIn0=	2016-05-02 12:48:42.295187+05:30
zgn2nbg0k8c0oz9n44z82qyh6sxhsu0w	MjE1NGJjMjA2YjAwNmRmMDA3NGUzOGJiN2RiMjQwYjYxMjVkMzM0Njp7Il9hdXRoX3VzZXJfaGFzaCI6IjYwNGUwMmM2Y2M1MDRiMWM4MzQyYmZkNzI0ZDA3ZGFjN2E5NDQzZGUiLCJfYXV0aF91c2VyX2JhY2tlbmQiOiJkamFuZ28uY29udHJpYi5hdXRoLmJhY2tlbmRzLk1vZGVsQmFja2VuZCIsIl9hdXRoX3VzZXJfaWQiOiIzIn0=	2016-05-02 12:48:53.627307+05:30
chsul1cbrcllmjcawogjzlukwsy7oupp	ZjEzN2M3OWFmNTlkZDQ1MjRkMGQxOGYzNjFiYWIwNWFmMDRmY2IyODp7fQ==	2016-05-02 12:48:58.743419+05:30
orsft0jzn1iiam30nhifo2cbqzzwlkmf	Nzk1NDE0Yzk5NmFlNWI5Y2JjNzdhOGRmMDNkNDgzNGRlMWM3MTQ0ZTp7Il9hdXRoX3VzZXJfaGFzaCI6IjcwN2Q5MzQ3MzI3ZjhhZTU4ZTI5ZjI1ZWQ4ZmMwMWNiMmUzY2ViZTAiLCJfYXV0aF91c2VyX2JhY2tlbmQiOiJkamFuZ28uY29udHJpYi5hdXRoLmJhY2tlbmRzLk1vZGVsQmFja2VuZCIsIl9hdXRoX3VzZXJfaWQiOiIyIn0=	2016-05-02 12:49:24.794268+05:30
pmmmecurq2qggukexaenwn53xbolbm3p	Nzk1NDE0Yzk5NmFlNWI5Y2JjNzdhOGRmMDNkNDgzNGRlMWM3MTQ0ZTp7Il9hdXRoX3VzZXJfaGFzaCI6IjcwN2Q5MzQ3MzI3ZjhhZTU4ZTI5ZjI1ZWQ4ZmMwMWNiMmUzY2ViZTAiLCJfYXV0aF91c2VyX2JhY2tlbmQiOiJkamFuZ28uY29udHJpYi5hdXRoLmJhY2tlbmRzLk1vZGVsQmFja2VuZCIsIl9hdXRoX3VzZXJfaWQiOiIyIn0=	2016-05-02 12:51:09.924615+05:30
gfsbj2cx2z5j2325zt8oedpxve63j3rx	Nzk1NDE0Yzk5NmFlNWI5Y2JjNzdhOGRmMDNkNDgzNGRlMWM3MTQ0ZTp7Il9hdXRoX3VzZXJfaGFzaCI6IjcwN2Q5MzQ3MzI3ZjhhZTU4ZTI5ZjI1ZWQ4ZmMwMWNiMmUzY2ViZTAiLCJfYXV0aF91c2VyX2JhY2tlbmQiOiJkamFuZ28uY29udHJpYi5hdXRoLmJhY2tlbmRzLk1vZGVsQmFja2VuZCIsIl9hdXRoX3VzZXJfaWQiOiIyIn0=	2016-05-02 12:56:30.158634+05:30
k5c63d5sqafcyirzb5xp05sftyhvmkvf	Nzk1NDE0Yzk5NmFlNWI5Y2JjNzdhOGRmMDNkNDgzNGRlMWM3MTQ0ZTp7Il9hdXRoX3VzZXJfaGFzaCI6IjcwN2Q5MzQ3MzI3ZjhhZTU4ZTI5ZjI1ZWQ4ZmMwMWNiMmUzY2ViZTAiLCJfYXV0aF91c2VyX2JhY2tlbmQiOiJkamFuZ28uY29udHJpYi5hdXRoLmJhY2tlbmRzLk1vZGVsQmFja2VuZCIsIl9hdXRoX3VzZXJfaWQiOiIyIn0=	2016-05-02 12:57:24.146386+05:30
5up5rb29jq5uqfukazzaxy6f7g71p2q4	Nzk1NDE0Yzk5NmFlNWI5Y2JjNzdhOGRmMDNkNDgzNGRlMWM3MTQ0ZTp7Il9hdXRoX3VzZXJfaGFzaCI6IjcwN2Q5MzQ3MzI3ZjhhZTU4ZTI5ZjI1ZWQ4ZmMwMWNiMmUzY2ViZTAiLCJfYXV0aF91c2VyX2JhY2tlbmQiOiJkamFuZ28uY29udHJpYi5hdXRoLmJhY2tlbmRzLk1vZGVsQmFja2VuZCIsIl9hdXRoX3VzZXJfaWQiOiIyIn0=	2016-05-02 13:00:33.847687+05:30
h9cy079l4srocca42fssfy6y70zeuc0y	Nzk1NDE0Yzk5NmFlNWI5Y2JjNzdhOGRmMDNkNDgzNGRlMWM3MTQ0ZTp7Il9hdXRoX3VzZXJfaGFzaCI6IjcwN2Q5MzQ3MzI3ZjhhZTU4ZTI5ZjI1ZWQ4ZmMwMWNiMmUzY2ViZTAiLCJfYXV0aF91c2VyX2JhY2tlbmQiOiJkamFuZ28uY29udHJpYi5hdXRoLmJhY2tlbmRzLk1vZGVsQmFja2VuZCIsIl9hdXRoX3VzZXJfaWQiOiIyIn0=	2016-05-02 13:01:24.521039+05:30
fk1femmolzmzjqfbown0415nhi1r0eme	Nzk1NDE0Yzk5NmFlNWI5Y2JjNzdhOGRmMDNkNDgzNGRlMWM3MTQ0ZTp7Il9hdXRoX3VzZXJfaGFzaCI6IjcwN2Q5MzQ3MzI3ZjhhZTU4ZTI5ZjI1ZWQ4ZmMwMWNiMmUzY2ViZTAiLCJfYXV0aF91c2VyX2JhY2tlbmQiOiJkamFuZ28uY29udHJpYi5hdXRoLmJhY2tlbmRzLk1vZGVsQmFja2VuZCIsIl9hdXRoX3VzZXJfaWQiOiIyIn0=	2016-05-02 13:03:13.565784+05:30
lcbjr29jdg2jgv3ppcolzicsr6s8vr1t	Nzk1NDE0Yzk5NmFlNWI5Y2JjNzdhOGRmMDNkNDgzNGRlMWM3MTQ0ZTp7Il9hdXRoX3VzZXJfaGFzaCI6IjcwN2Q5MzQ3MzI3ZjhhZTU4ZTI5ZjI1ZWQ4ZmMwMWNiMmUzY2ViZTAiLCJfYXV0aF91c2VyX2JhY2tlbmQiOiJkamFuZ28uY29udHJpYi5hdXRoLmJhY2tlbmRzLk1vZGVsQmFja2VuZCIsIl9hdXRoX3VzZXJfaWQiOiIyIn0=	2016-05-02 13:03:51.495613+05:30
mgwhuv5lci3trvxnkazutlwwiwcnmdbm	Nzk1NDE0Yzk5NmFlNWI5Y2JjNzdhOGRmMDNkNDgzNGRlMWM3MTQ0ZTp7Il9hdXRoX3VzZXJfaGFzaCI6IjcwN2Q5MzQ3MzI3ZjhhZTU4ZTI5ZjI1ZWQ4ZmMwMWNiMmUzY2ViZTAiLCJfYXV0aF91c2VyX2JhY2tlbmQiOiJkamFuZ28uY29udHJpYi5hdXRoLmJhY2tlbmRzLk1vZGVsQmFja2VuZCIsIl9hdXRoX3VzZXJfaWQiOiIyIn0=	2016-05-02 13:07:54.409371+05:30
w8vcmjkf8wwxv5jt9fn5n3yaoaauzqoh	Nzk1NDE0Yzk5NmFlNWI5Y2JjNzdhOGRmMDNkNDgzNGRlMWM3MTQ0ZTp7Il9hdXRoX3VzZXJfaGFzaCI6IjcwN2Q5MzQ3MzI3ZjhhZTU4ZTI5ZjI1ZWQ4ZmMwMWNiMmUzY2ViZTAiLCJfYXV0aF91c2VyX2JhY2tlbmQiOiJkamFuZ28uY29udHJpYi5hdXRoLmJhY2tlbmRzLk1vZGVsQmFja2VuZCIsIl9hdXRoX3VzZXJfaWQiOiIyIn0=	2016-05-02 13:14:15.600671+05:30
shefwxix70tk9nwjcannu5z7tb9pm4er	Nzk1NDE0Yzk5NmFlNWI5Y2JjNzdhOGRmMDNkNDgzNGRlMWM3MTQ0ZTp7Il9hdXRoX3VzZXJfaGFzaCI6IjcwN2Q5MzQ3MzI3ZjhhZTU4ZTI5ZjI1ZWQ4ZmMwMWNiMmUzY2ViZTAiLCJfYXV0aF91c2VyX2JhY2tlbmQiOiJkamFuZ28uY29udHJpYi5hdXRoLmJhY2tlbmRzLk1vZGVsQmFja2VuZCIsIl9hdXRoX3VzZXJfaWQiOiIyIn0=	2016-05-02 13:15:17.498267+05:30
cg9ny3z8s2f4b4d2uvipjdrc7hxat271	Nzk1NDE0Yzk5NmFlNWI5Y2JjNzdhOGRmMDNkNDgzNGRlMWM3MTQ0ZTp7Il9hdXRoX3VzZXJfaGFzaCI6IjcwN2Q5MzQ3MzI3ZjhhZTU4ZTI5ZjI1ZWQ4ZmMwMWNiMmUzY2ViZTAiLCJfYXV0aF91c2VyX2JhY2tlbmQiOiJkamFuZ28uY29udHJpYi5hdXRoLmJhY2tlbmRzLk1vZGVsQmFja2VuZCIsIl9hdXRoX3VzZXJfaWQiOiIyIn0=	2016-05-02 13:16:32.741855+05:30
sgwmyltf4ehcd69rjpjsmchwnt27p1d9	Nzk1NDE0Yzk5NmFlNWI5Y2JjNzdhOGRmMDNkNDgzNGRlMWM3MTQ0ZTp7Il9hdXRoX3VzZXJfaGFzaCI6IjcwN2Q5MzQ3MzI3ZjhhZTU4ZTI5ZjI1ZWQ4ZmMwMWNiMmUzY2ViZTAiLCJfYXV0aF91c2VyX2JhY2tlbmQiOiJkamFuZ28uY29udHJpYi5hdXRoLmJhY2tlbmRzLk1vZGVsQmFja2VuZCIsIl9hdXRoX3VzZXJfaWQiOiIyIn0=	2016-05-02 13:17:14.536512+05:30
06dtr948g52b38712skm5yulcpngdcgv	Nzk1NDE0Yzk5NmFlNWI5Y2JjNzdhOGRmMDNkNDgzNGRlMWM3MTQ0ZTp7Il9hdXRoX3VzZXJfaGFzaCI6IjcwN2Q5MzQ3MzI3ZjhhZTU4ZTI5ZjI1ZWQ4ZmMwMWNiMmUzY2ViZTAiLCJfYXV0aF91c2VyX2JhY2tlbmQiOiJkamFuZ28uY29udHJpYi5hdXRoLmJhY2tlbmRzLk1vZGVsQmFja2VuZCIsIl9hdXRoX3VzZXJfaWQiOiIyIn0=	2016-05-02 13:17:40.31354+05:30
btjkuiwynmyzag2cyygyow4f4tcqoxhg	Nzk1NDE0Yzk5NmFlNWI5Y2JjNzdhOGRmMDNkNDgzNGRlMWM3MTQ0ZTp7Il9hdXRoX3VzZXJfaGFzaCI6IjcwN2Q5MzQ3MzI3ZjhhZTU4ZTI5ZjI1ZWQ4ZmMwMWNiMmUzY2ViZTAiLCJfYXV0aF91c2VyX2JhY2tlbmQiOiJkamFuZ28uY29udHJpYi5hdXRoLmJhY2tlbmRzLk1vZGVsQmFja2VuZCIsIl9hdXRoX3VzZXJfaWQiOiIyIn0=	2016-05-02 13:20:17.11087+05:30
tc2u3guw4zxq184onyzqxkbt5ua315eo	Nzk1NDE0Yzk5NmFlNWI5Y2JjNzdhOGRmMDNkNDgzNGRlMWM3MTQ0ZTp7Il9hdXRoX3VzZXJfaGFzaCI6IjcwN2Q5MzQ3MzI3ZjhhZTU4ZTI5ZjI1ZWQ4ZmMwMWNiMmUzY2ViZTAiLCJfYXV0aF91c2VyX2JhY2tlbmQiOiJkamFuZ28uY29udHJpYi5hdXRoLmJhY2tlbmRzLk1vZGVsQmFja2VuZCIsIl9hdXRoX3VzZXJfaWQiOiIyIn0=	2016-05-02 13:20:45.279444+05:30
i6q9w8abeuhw7q5hmfna4j5eggvred9o	Nzk1NDE0Yzk5NmFlNWI5Y2JjNzdhOGRmMDNkNDgzNGRlMWM3MTQ0ZTp7Il9hdXRoX3VzZXJfaGFzaCI6IjcwN2Q5MzQ3MzI3ZjhhZTU4ZTI5ZjI1ZWQ4ZmMwMWNiMmUzY2ViZTAiLCJfYXV0aF91c2VyX2JhY2tlbmQiOiJkamFuZ28uY29udHJpYi5hdXRoLmJhY2tlbmRzLk1vZGVsQmFja2VuZCIsIl9hdXRoX3VzZXJfaWQiOiIyIn0=	2016-05-02 13:22:16.595121+05:30
rd4q1rxqyfm3mxczjza2s2n1vc297a8f	ZjEzN2M3OWFmNTlkZDQ1MjRkMGQxOGYzNjFiYWIwNWFmMDRmY2IyODp7fQ==	2016-05-02 13:22:21.936219+05:30
bz92h1nca4xivl3du3ws7rc964o19wj4	ZjEzN2M3OWFmNTlkZDQ1MjRkMGQxOGYzNjFiYWIwNWFmMDRmY2IyODp7fQ==	2016-05-02 13:22:28.814324+05:30
s1fwlsnu5g5p8qgex9aevkjirjiybn64	Nzk1NDE0Yzk5NmFlNWI5Y2JjNzdhOGRmMDNkNDgzNGRlMWM3MTQ0ZTp7Il9hdXRoX3VzZXJfaGFzaCI6IjcwN2Q5MzQ3MzI3ZjhhZTU4ZTI5ZjI1ZWQ4ZmMwMWNiMmUzY2ViZTAiLCJfYXV0aF91c2VyX2JhY2tlbmQiOiJkamFuZ28uY29udHJpYi5hdXRoLmJhY2tlbmRzLk1vZGVsQmFja2VuZCIsIl9hdXRoX3VzZXJfaWQiOiIyIn0=	2016-05-02 13:22:50.399847+05:30
znauwd1j495i1ir9bnl250hkip2o4jdw	Nzk1NDE0Yzk5NmFlNWI5Y2JjNzdhOGRmMDNkNDgzNGRlMWM3MTQ0ZTp7Il9hdXRoX3VzZXJfaGFzaCI6IjcwN2Q5MzQ3MzI3ZjhhZTU4ZTI5ZjI1ZWQ4ZmMwMWNiMmUzY2ViZTAiLCJfYXV0aF91c2VyX2JhY2tlbmQiOiJkamFuZ28uY29udHJpYi5hdXRoLmJhY2tlbmRzLk1vZGVsQmFja2VuZCIsIl9hdXRoX3VzZXJfaWQiOiIyIn0=	2016-05-02 13:24:04.979152+05:30
nukdebqinaotmfc52ol5dh0l76f991fw	Nzk1NDE0Yzk5NmFlNWI5Y2JjNzdhOGRmMDNkNDgzNGRlMWM3MTQ0ZTp7Il9hdXRoX3VzZXJfaGFzaCI6IjcwN2Q5MzQ3MzI3ZjhhZTU4ZTI5ZjI1ZWQ4ZmMwMWNiMmUzY2ViZTAiLCJfYXV0aF91c2VyX2JhY2tlbmQiOiJkamFuZ28uY29udHJpYi5hdXRoLmJhY2tlbmRzLk1vZGVsQmFja2VuZCIsIl9hdXRoX3VzZXJfaWQiOiIyIn0=	2016-05-02 13:24:33.52513+05:30
ajdco8m4bj9niwymoiyrz40fxbxff42r	Nzk1NDE0Yzk5NmFlNWI5Y2JjNzdhOGRmMDNkNDgzNGRlMWM3MTQ0ZTp7Il9hdXRoX3VzZXJfaGFzaCI6IjcwN2Q5MzQ3MzI3ZjhhZTU4ZTI5ZjI1ZWQ4ZmMwMWNiMmUzY2ViZTAiLCJfYXV0aF91c2VyX2JhY2tlbmQiOiJkamFuZ28uY29udHJpYi5hdXRoLmJhY2tlbmRzLk1vZGVsQmFja2VuZCIsIl9hdXRoX3VzZXJfaWQiOiIyIn0=	2016-05-02 13:59:25.514761+05:30
ckgjifdx9tga84cyfe5iuah0o4cxtl0v	Nzk1NDE0Yzk5NmFlNWI5Y2JjNzdhOGRmMDNkNDgzNGRlMWM3MTQ0ZTp7Il9hdXRoX3VzZXJfaGFzaCI6IjcwN2Q5MzQ3MzI3ZjhhZTU4ZTI5ZjI1ZWQ4ZmMwMWNiMmUzY2ViZTAiLCJfYXV0aF91c2VyX2JhY2tlbmQiOiJkamFuZ28uY29udHJpYi5hdXRoLmJhY2tlbmRzLk1vZGVsQmFja2VuZCIsIl9hdXRoX3VzZXJfaWQiOiIyIn0=	2016-05-02 13:59:49.942211+05:30
q6tqccgg54bj9gh7y7lasn974qfv40x2	Nzk1NDE0Yzk5NmFlNWI5Y2JjNzdhOGRmMDNkNDgzNGRlMWM3MTQ0ZTp7Il9hdXRoX3VzZXJfaGFzaCI6IjcwN2Q5MzQ3MzI3ZjhhZTU4ZTI5ZjI1ZWQ4ZmMwMWNiMmUzY2ViZTAiLCJfYXV0aF91c2VyX2JhY2tlbmQiOiJkamFuZ28uY29udHJpYi5hdXRoLmJhY2tlbmRzLk1vZGVsQmFja2VuZCIsIl9hdXRoX3VzZXJfaWQiOiIyIn0=	2016-05-02 14:01:43.625271+05:30
9hcrdxruzag0td1yi6yg8u7klx88r9u0	Nzk1NDE0Yzk5NmFlNWI5Y2JjNzdhOGRmMDNkNDgzNGRlMWM3MTQ0ZTp7Il9hdXRoX3VzZXJfaGFzaCI6IjcwN2Q5MzQ3MzI3ZjhhZTU4ZTI5ZjI1ZWQ4ZmMwMWNiMmUzY2ViZTAiLCJfYXV0aF91c2VyX2JhY2tlbmQiOiJkamFuZ28uY29udHJpYi5hdXRoLmJhY2tlbmRzLk1vZGVsQmFja2VuZCIsIl9hdXRoX3VzZXJfaWQiOiIyIn0=	2016-05-02 14:03:24.631876+05:30
9th30sluepbeo0vv4ys1g1dheuezedty	Nzk1NDE0Yzk5NmFlNWI5Y2JjNzdhOGRmMDNkNDgzNGRlMWM3MTQ0ZTp7Il9hdXRoX3VzZXJfaGFzaCI6IjcwN2Q5MzQ3MzI3ZjhhZTU4ZTI5ZjI1ZWQ4ZmMwMWNiMmUzY2ViZTAiLCJfYXV0aF91c2VyX2JhY2tlbmQiOiJkamFuZ28uY29udHJpYi5hdXRoLmJhY2tlbmRzLk1vZGVsQmFja2VuZCIsIl9hdXRoX3VzZXJfaWQiOiIyIn0=	2016-05-02 14:04:38.85024+05:30
0ynzblztv6esjamqmbizbhehzd3xa6v4	Nzk1NDE0Yzk5NmFlNWI5Y2JjNzdhOGRmMDNkNDgzNGRlMWM3MTQ0ZTp7Il9hdXRoX3VzZXJfaGFzaCI6IjcwN2Q5MzQ3MzI3ZjhhZTU4ZTI5ZjI1ZWQ4ZmMwMWNiMmUzY2ViZTAiLCJfYXV0aF91c2VyX2JhY2tlbmQiOiJkamFuZ28uY29udHJpYi5hdXRoLmJhY2tlbmRzLk1vZGVsQmFja2VuZCIsIl9hdXRoX3VzZXJfaWQiOiIyIn0=	2016-05-02 14:05:02.165581+05:30
xst1d31lf3obc358arg8s0jnoacbfm16	Nzk1NDE0Yzk5NmFlNWI5Y2JjNzdhOGRmMDNkNDgzNGRlMWM3MTQ0ZTp7Il9hdXRoX3VzZXJfaGFzaCI6IjcwN2Q5MzQ3MzI3ZjhhZTU4ZTI5ZjI1ZWQ4ZmMwMWNiMmUzY2ViZTAiLCJfYXV0aF91c2VyX2JhY2tlbmQiOiJkamFuZ28uY29udHJpYi5hdXRoLmJhY2tlbmRzLk1vZGVsQmFja2VuZCIsIl9hdXRoX3VzZXJfaWQiOiIyIn0=	2016-05-02 14:05:29.66813+05:30
w68z4q162bkrkjujmolpsdwk5exacffb	Nzk1NDE0Yzk5NmFlNWI5Y2JjNzdhOGRmMDNkNDgzNGRlMWM3MTQ0ZTp7Il9hdXRoX3VzZXJfaGFzaCI6IjcwN2Q5MzQ3MzI3ZjhhZTU4ZTI5ZjI1ZWQ4ZmMwMWNiMmUzY2ViZTAiLCJfYXV0aF91c2VyX2JhY2tlbmQiOiJkamFuZ28uY29udHJpYi5hdXRoLmJhY2tlbmRzLk1vZGVsQmFja2VuZCIsIl9hdXRoX3VzZXJfaWQiOiIyIn0=	2016-05-02 14:06:53.114333+05:30
osd4jvy3mb2plk38yhdi77vr3y49vqrj	Nzk1NDE0Yzk5NmFlNWI5Y2JjNzdhOGRmMDNkNDgzNGRlMWM3MTQ0ZTp7Il9hdXRoX3VzZXJfaGFzaCI6IjcwN2Q5MzQ3MzI3ZjhhZTU4ZTI5ZjI1ZWQ4ZmMwMWNiMmUzY2ViZTAiLCJfYXV0aF91c2VyX2JhY2tlbmQiOiJkamFuZ28uY29udHJpYi5hdXRoLmJhY2tlbmRzLk1vZGVsQmFja2VuZCIsIl9hdXRoX3VzZXJfaWQiOiIyIn0=	2016-05-02 14:07:45.867982+05:30
zykrbtytvo9j53k9bybrx30giwyisez7	Nzk1NDE0Yzk5NmFlNWI5Y2JjNzdhOGRmMDNkNDgzNGRlMWM3MTQ0ZTp7Il9hdXRoX3VzZXJfaGFzaCI6IjcwN2Q5MzQ3MzI3ZjhhZTU4ZTI5ZjI1ZWQ4ZmMwMWNiMmUzY2ViZTAiLCJfYXV0aF91c2VyX2JhY2tlbmQiOiJkamFuZ28uY29udHJpYi5hdXRoLmJhY2tlbmRzLk1vZGVsQmFja2VuZCIsIl9hdXRoX3VzZXJfaWQiOiIyIn0=	2016-05-02 14:08:07.58735+05:30
l9sygxq4xvyqbxlbfozhjfvn6x7olv2w	Nzk1NDE0Yzk5NmFlNWI5Y2JjNzdhOGRmMDNkNDgzNGRlMWM3MTQ0ZTp7Il9hdXRoX3VzZXJfaGFzaCI6IjcwN2Q5MzQ3MzI3ZjhhZTU4ZTI5ZjI1ZWQ4ZmMwMWNiMmUzY2ViZTAiLCJfYXV0aF91c2VyX2JhY2tlbmQiOiJkamFuZ28uY29udHJpYi5hdXRoLmJhY2tlbmRzLk1vZGVsQmFja2VuZCIsIl9hdXRoX3VzZXJfaWQiOiIyIn0=	2016-05-02 14:08:37.907104+05:30
nt80p81apqy35dgolyvglp2woh79rs3l	Nzk1NDE0Yzk5NmFlNWI5Y2JjNzdhOGRmMDNkNDgzNGRlMWM3MTQ0ZTp7Il9hdXRoX3VzZXJfaGFzaCI6IjcwN2Q5MzQ3MzI3ZjhhZTU4ZTI5ZjI1ZWQ4ZmMwMWNiMmUzY2ViZTAiLCJfYXV0aF91c2VyX2JhY2tlbmQiOiJkamFuZ28uY29udHJpYi5hdXRoLmJhY2tlbmRzLk1vZGVsQmFja2VuZCIsIl9hdXRoX3VzZXJfaWQiOiIyIn0=	2016-05-02 14:10:01.89732+05:30
mdluzetziek46ynmk4pkexlv38bh7kl4	Nzk1NDE0Yzk5NmFlNWI5Y2JjNzdhOGRmMDNkNDgzNGRlMWM3MTQ0ZTp7Il9hdXRoX3VzZXJfaGFzaCI6IjcwN2Q5MzQ3MzI3ZjhhZTU4ZTI5ZjI1ZWQ4ZmMwMWNiMmUzY2ViZTAiLCJfYXV0aF91c2VyX2JhY2tlbmQiOiJkamFuZ28uY29udHJpYi5hdXRoLmJhY2tlbmRzLk1vZGVsQmFja2VuZCIsIl9hdXRoX3VzZXJfaWQiOiIyIn0=	2016-05-02 14:23:25.944685+05:30
0m6nhw6empd0g4l0sfnap3px0pq0mrnd	Nzk1NDE0Yzk5NmFlNWI5Y2JjNzdhOGRmMDNkNDgzNGRlMWM3MTQ0ZTp7Il9hdXRoX3VzZXJfaGFzaCI6IjcwN2Q5MzQ3MzI3ZjhhZTU4ZTI5ZjI1ZWQ4ZmMwMWNiMmUzY2ViZTAiLCJfYXV0aF91c2VyX2JhY2tlbmQiOiJkamFuZ28uY29udHJpYi5hdXRoLmJhY2tlbmRzLk1vZGVsQmFja2VuZCIsIl9hdXRoX3VzZXJfaWQiOiIyIn0=	2016-05-02 14:23:26.154077+05:30
8lsbj57cao8rztw03u9lw412om73ntee	Nzk1NDE0Yzk5NmFlNWI5Y2JjNzdhOGRmMDNkNDgzNGRlMWM3MTQ0ZTp7Il9hdXRoX3VzZXJfaGFzaCI6IjcwN2Q5MzQ3MzI3ZjhhZTU4ZTI5ZjI1ZWQ4ZmMwMWNiMmUzY2ViZTAiLCJfYXV0aF91c2VyX2JhY2tlbmQiOiJkamFuZ28uY29udHJpYi5hdXRoLmJhY2tlbmRzLk1vZGVsQmFja2VuZCIsIl9hdXRoX3VzZXJfaWQiOiIyIn0=	2016-05-02 14:29:23.560041+05:30
vyy80fa9n49lm7i306meth7394xwnkhv	Nzk1NDE0Yzk5NmFlNWI5Y2JjNzdhOGRmMDNkNDgzNGRlMWM3MTQ0ZTp7Il9hdXRoX3VzZXJfaGFzaCI6IjcwN2Q5MzQ3MzI3ZjhhZTU4ZTI5ZjI1ZWQ4ZmMwMWNiMmUzY2ViZTAiLCJfYXV0aF91c2VyX2JhY2tlbmQiOiJkamFuZ28uY29udHJpYi5hdXRoLmJhY2tlbmRzLk1vZGVsQmFja2VuZCIsIl9hdXRoX3VzZXJfaWQiOiIyIn0=	2016-05-02 14:29:26.235601+05:30
o55f688odvuda6o3cbrxc46zyntsassx	Nzk1NDE0Yzk5NmFlNWI5Y2JjNzdhOGRmMDNkNDgzNGRlMWM3MTQ0ZTp7Il9hdXRoX3VzZXJfaGFzaCI6IjcwN2Q5MzQ3MzI3ZjhhZTU4ZTI5ZjI1ZWQ4ZmMwMWNiMmUzY2ViZTAiLCJfYXV0aF91c2VyX2JhY2tlbmQiOiJkamFuZ28uY29udHJpYi5hdXRoLmJhY2tlbmRzLk1vZGVsQmFja2VuZCIsIl9hdXRoX3VzZXJfaWQiOiIyIn0=	2016-05-02 14:30:07.235767+05:30
qx8xbst7q294m581vju2r9oinotu9bjh	Nzk1NDE0Yzk5NmFlNWI5Y2JjNzdhOGRmMDNkNDgzNGRlMWM3MTQ0ZTp7Il9hdXRoX3VzZXJfaGFzaCI6IjcwN2Q5MzQ3MzI3ZjhhZTU4ZTI5ZjI1ZWQ4ZmMwMWNiMmUzY2ViZTAiLCJfYXV0aF91c2VyX2JhY2tlbmQiOiJkamFuZ28uY29udHJpYi5hdXRoLmJhY2tlbmRzLk1vZGVsQmFja2VuZCIsIl9hdXRoX3VzZXJfaWQiOiIyIn0=	2016-05-02 14:30:08.221091+05:30
rlewp80pqree0lylj24ajp44o98lr8rr	Nzk1NDE0Yzk5NmFlNWI5Y2JjNzdhOGRmMDNkNDgzNGRlMWM3MTQ0ZTp7Il9hdXRoX3VzZXJfaGFzaCI6IjcwN2Q5MzQ3MzI3ZjhhZTU4ZTI5ZjI1ZWQ4ZmMwMWNiMmUzY2ViZTAiLCJfYXV0aF91c2VyX2JhY2tlbmQiOiJkamFuZ28uY29udHJpYi5hdXRoLmJhY2tlbmRzLk1vZGVsQmFja2VuZCIsIl9hdXRoX3VzZXJfaWQiOiIyIn0=	2016-05-02 14:31:19.249095+05:30
0cgn0dyqz6mr7qs45l18k2zsl1mj48k3	Nzk1NDE0Yzk5NmFlNWI5Y2JjNzdhOGRmMDNkNDgzNGRlMWM3MTQ0ZTp7Il9hdXRoX3VzZXJfaGFzaCI6IjcwN2Q5MzQ3MzI3ZjhhZTU4ZTI5ZjI1ZWQ4ZmMwMWNiMmUzY2ViZTAiLCJfYXV0aF91c2VyX2JhY2tlbmQiOiJkamFuZ28uY29udHJpYi5hdXRoLmJhY2tlbmRzLk1vZGVsQmFja2VuZCIsIl9hdXRoX3VzZXJfaWQiOiIyIn0=	2016-05-02 14:31:19.488391+05:30
5ihgv73pkclysrw4npjsvb0b0r70gj19	Nzk1NDE0Yzk5NmFlNWI5Y2JjNzdhOGRmMDNkNDgzNGRlMWM3MTQ0ZTp7Il9hdXRoX3VzZXJfaGFzaCI6IjcwN2Q5MzQ3MzI3ZjhhZTU4ZTI5ZjI1ZWQ4ZmMwMWNiMmUzY2ViZTAiLCJfYXV0aF91c2VyX2JhY2tlbmQiOiJkamFuZ28uY29udHJpYi5hdXRoLmJhY2tlbmRzLk1vZGVsQmFja2VuZCIsIl9hdXRoX3VzZXJfaWQiOiIyIn0=	2016-05-02 14:33:07.085803+05:30
ue1l29h7025lkf4g3n8um2gylqd4kdxu	Nzk1NDE0Yzk5NmFlNWI5Y2JjNzdhOGRmMDNkNDgzNGRlMWM3MTQ0ZTp7Il9hdXRoX3VzZXJfaGFzaCI6IjcwN2Q5MzQ3MzI3ZjhhZTU4ZTI5ZjI1ZWQ4ZmMwMWNiMmUzY2ViZTAiLCJfYXV0aF91c2VyX2JhY2tlbmQiOiJkamFuZ28uY29udHJpYi5hdXRoLmJhY2tlbmRzLk1vZGVsQmFja2VuZCIsIl9hdXRoX3VzZXJfaWQiOiIyIn0=	2016-05-02 14:33:07.331674+05:30
fcm3y8l5o3e4pgh78kfdb3oxeti3gqg1	Nzk1NDE0Yzk5NmFlNWI5Y2JjNzdhOGRmMDNkNDgzNGRlMWM3MTQ0ZTp7Il9hdXRoX3VzZXJfaGFzaCI6IjcwN2Q5MzQ3MzI3ZjhhZTU4ZTI5ZjI1ZWQ4ZmMwMWNiMmUzY2ViZTAiLCJfYXV0aF91c2VyX2JhY2tlbmQiOiJkamFuZ28uY29udHJpYi5hdXRoLmJhY2tlbmRzLk1vZGVsQmFja2VuZCIsIl9hdXRoX3VzZXJfaWQiOiIyIn0=	2016-05-02 14:33:27.55728+05:30
3fs5jdj1wlomeq7w36dn77wn7lrh3hfg	Nzk1NDE0Yzk5NmFlNWI5Y2JjNzdhOGRmMDNkNDgzNGRlMWM3MTQ0ZTp7Il9hdXRoX3VzZXJfaGFzaCI6IjcwN2Q5MzQ3MzI3ZjhhZTU4ZTI5ZjI1ZWQ4ZmMwMWNiMmUzY2ViZTAiLCJfYXV0aF91c2VyX2JhY2tlbmQiOiJkamFuZ28uY29udHJpYi5hdXRoLmJhY2tlbmRzLk1vZGVsQmFja2VuZCIsIl9hdXRoX3VzZXJfaWQiOiIyIn0=	2016-05-02 14:33:27.801873+05:30
yib7jisb1tnxlpmd2rj65t28a0swo2xf	Nzk1NDE0Yzk5NmFlNWI5Y2JjNzdhOGRmMDNkNDgzNGRlMWM3MTQ0ZTp7Il9hdXRoX3VzZXJfaGFzaCI6IjcwN2Q5MzQ3MzI3ZjhhZTU4ZTI5ZjI1ZWQ4ZmMwMWNiMmUzY2ViZTAiLCJfYXV0aF91c2VyX2JhY2tlbmQiOiJkamFuZ28uY29udHJpYi5hdXRoLmJhY2tlbmRzLk1vZGVsQmFja2VuZCIsIl9hdXRoX3VzZXJfaWQiOiIyIn0=	2016-05-02 14:34:24.055507+05:30
pawe77hhntm5dlaekf05bzfin55p2k25	Nzk1NDE0Yzk5NmFlNWI5Y2JjNzdhOGRmMDNkNDgzNGRlMWM3MTQ0ZTp7Il9hdXRoX3VzZXJfaGFzaCI6IjcwN2Q5MzQ3MzI3ZjhhZTU4ZTI5ZjI1ZWQ4ZmMwMWNiMmUzY2ViZTAiLCJfYXV0aF91c2VyX2JhY2tlbmQiOiJkamFuZ28uY29udHJpYi5hdXRoLmJhY2tlbmRzLk1vZGVsQmFja2VuZCIsIl9hdXRoX3VzZXJfaWQiOiIyIn0=	2016-05-02 14:34:24.456317+05:30
otkozj2hz9h504s2649ia2uf3e5koon5	Nzk1NDE0Yzk5NmFlNWI5Y2JjNzdhOGRmMDNkNDgzNGRlMWM3MTQ0ZTp7Il9hdXRoX3VzZXJfaGFzaCI6IjcwN2Q5MzQ3MzI3ZjhhZTU4ZTI5ZjI1ZWQ4ZmMwMWNiMmUzY2ViZTAiLCJfYXV0aF91c2VyX2JhY2tlbmQiOiJkamFuZ28uY29udHJpYi5hdXRoLmJhY2tlbmRzLk1vZGVsQmFja2VuZCIsIl9hdXRoX3VzZXJfaWQiOiIyIn0=	2016-05-02 14:36:03.325557+05:30
gqd3y5br1ci870weau94i6qgzgxxldbl	Nzk1NDE0Yzk5NmFlNWI5Y2JjNzdhOGRmMDNkNDgzNGRlMWM3MTQ0ZTp7Il9hdXRoX3VzZXJfaGFzaCI6IjcwN2Q5MzQ3MzI3ZjhhZTU4ZTI5ZjI1ZWQ4ZmMwMWNiMmUzY2ViZTAiLCJfYXV0aF91c2VyX2JhY2tlbmQiOiJkamFuZ28uY29udHJpYi5hdXRoLmJhY2tlbmRzLk1vZGVsQmFja2VuZCIsIl9hdXRoX3VzZXJfaWQiOiIyIn0=	2016-05-02 14:36:21.490656+05:30
w7vfc6ifrjg0aw0o6jofiz2wy6ip157x	Nzk1NDE0Yzk5NmFlNWI5Y2JjNzdhOGRmMDNkNDgzNGRlMWM3MTQ0ZTp7Il9hdXRoX3VzZXJfaGFzaCI6IjcwN2Q5MzQ3MzI3ZjhhZTU4ZTI5ZjI1ZWQ4ZmMwMWNiMmUzY2ViZTAiLCJfYXV0aF91c2VyX2JhY2tlbmQiOiJkamFuZ28uY29udHJpYi5hdXRoLmJhY2tlbmRzLk1vZGVsQmFja2VuZCIsIl9hdXRoX3VzZXJfaWQiOiIyIn0=	2016-05-02 14:36:42.07337+05:30
bkbqxewhi7ha3j41pdd765fwcqxdwn3y	Nzk1NDE0Yzk5NmFlNWI5Y2JjNzdhOGRmMDNkNDgzNGRlMWM3MTQ0ZTp7Il9hdXRoX3VzZXJfaGFzaCI6IjcwN2Q5MzQ3MzI3ZjhhZTU4ZTI5ZjI1ZWQ4ZmMwMWNiMmUzY2ViZTAiLCJfYXV0aF91c2VyX2JhY2tlbmQiOiJkamFuZ28uY29udHJpYi5hdXRoLmJhY2tlbmRzLk1vZGVsQmFja2VuZCIsIl9hdXRoX3VzZXJfaWQiOiIyIn0=	2016-05-02 14:36:55.655002+05:30
9k5h141kd2bkoqfg04cj7q5skp5ofd4m	Nzk1NDE0Yzk5NmFlNWI5Y2JjNzdhOGRmMDNkNDgzNGRlMWM3MTQ0ZTp7Il9hdXRoX3VzZXJfaGFzaCI6IjcwN2Q5MzQ3MzI3ZjhhZTU4ZTI5ZjI1ZWQ4ZmMwMWNiMmUzY2ViZTAiLCJfYXV0aF91c2VyX2JhY2tlbmQiOiJkamFuZ28uY29udHJpYi5hdXRoLmJhY2tlbmRzLk1vZGVsQmFja2VuZCIsIl9hdXRoX3VzZXJfaWQiOiIyIn0=	2016-05-02 14:36:57.79381+05:30
g23kyexm7023o0n48p91gon5dgv4mjbu	Nzk1NDE0Yzk5NmFlNWI5Y2JjNzdhOGRmMDNkNDgzNGRlMWM3MTQ0ZTp7Il9hdXRoX3VzZXJfaGFzaCI6IjcwN2Q5MzQ3MzI3ZjhhZTU4ZTI5ZjI1ZWQ4ZmMwMWNiMmUzY2ViZTAiLCJfYXV0aF91c2VyX2JhY2tlbmQiOiJkamFuZ28uY29udHJpYi5hdXRoLmJhY2tlbmRzLk1vZGVsQmFja2VuZCIsIl9hdXRoX3VzZXJfaWQiOiIyIn0=	2016-05-02 14:37:28.058705+05:30
0kntygt4yp8nuqhtosvxqsch2du6zpen	Nzk1NDE0Yzk5NmFlNWI5Y2JjNzdhOGRmMDNkNDgzNGRlMWM3MTQ0ZTp7Il9hdXRoX3VzZXJfaGFzaCI6IjcwN2Q5MzQ3MzI3ZjhhZTU4ZTI5ZjI1ZWQ4ZmMwMWNiMmUzY2ViZTAiLCJfYXV0aF91c2VyX2JhY2tlbmQiOiJkamFuZ28uY29udHJpYi5hdXRoLmJhY2tlbmRzLk1vZGVsQmFja2VuZCIsIl9hdXRoX3VzZXJfaWQiOiIyIn0=	2016-05-02 14:37:29.458422+05:30
ebmm7764obw6fzb76ysqp5em9i68k55u	Nzk1NDE0Yzk5NmFlNWI5Y2JjNzdhOGRmMDNkNDgzNGRlMWM3MTQ0ZTp7Il9hdXRoX3VzZXJfaGFzaCI6IjcwN2Q5MzQ3MzI3ZjhhZTU4ZTI5ZjI1ZWQ4ZmMwMWNiMmUzY2ViZTAiLCJfYXV0aF91c2VyX2JhY2tlbmQiOiJkamFuZ28uY29udHJpYi5hdXRoLmJhY2tlbmRzLk1vZGVsQmFja2VuZCIsIl9hdXRoX3VzZXJfaWQiOiIyIn0=	2016-05-02 14:38:03.557538+05:30
3q4evhspoaceloo0okcyczyupo8gitg5	Nzk1NDE0Yzk5NmFlNWI5Y2JjNzdhOGRmMDNkNDgzNGRlMWM3MTQ0ZTp7Il9hdXRoX3VzZXJfaGFzaCI6IjcwN2Q5MzQ3MzI3ZjhhZTU4ZTI5ZjI1ZWQ4ZmMwMWNiMmUzY2ViZTAiLCJfYXV0aF91c2VyX2JhY2tlbmQiOiJkamFuZ28uY29udHJpYi5hdXRoLmJhY2tlbmRzLk1vZGVsQmFja2VuZCIsIl9hdXRoX3VzZXJfaWQiOiIyIn0=	2016-05-02 14:38:10.494028+05:30
r7uyyws44rlw7er67l98wocfcwsvb7yn	Nzk1NDE0Yzk5NmFlNWI5Y2JjNzdhOGRmMDNkNDgzNGRlMWM3MTQ0ZTp7Il9hdXRoX3VzZXJfaGFzaCI6IjcwN2Q5MzQ3MzI3ZjhhZTU4ZTI5ZjI1ZWQ4ZmMwMWNiMmUzY2ViZTAiLCJfYXV0aF91c2VyX2JhY2tlbmQiOiJkamFuZ28uY29udHJpYi5hdXRoLmJhY2tlbmRzLk1vZGVsQmFja2VuZCIsIl9hdXRoX3VzZXJfaWQiOiIyIn0=	2016-05-02 14:38:10.755762+05:30
ies03mdlxe1sj6zuzpi0c6u87k62yqy6	Nzk1NDE0Yzk5NmFlNWI5Y2JjNzdhOGRmMDNkNDgzNGRlMWM3MTQ0ZTp7Il9hdXRoX3VzZXJfaGFzaCI6IjcwN2Q5MzQ3MzI3ZjhhZTU4ZTI5ZjI1ZWQ4ZmMwMWNiMmUzY2ViZTAiLCJfYXV0aF91c2VyX2JhY2tlbmQiOiJkamFuZ28uY29udHJpYi5hdXRoLmJhY2tlbmRzLk1vZGVsQmFja2VuZCIsIl9hdXRoX3VzZXJfaWQiOiIyIn0=	2016-05-02 14:38:30.310355+05:30
msq9jgfnt15tg6cb219my2iqklhr9phe	Nzk1NDE0Yzk5NmFlNWI5Y2JjNzdhOGRmMDNkNDgzNGRlMWM3MTQ0ZTp7Il9hdXRoX3VzZXJfaGFzaCI6IjcwN2Q5MzQ3MzI3ZjhhZTU4ZTI5ZjI1ZWQ4ZmMwMWNiMmUzY2ViZTAiLCJfYXV0aF91c2VyX2JhY2tlbmQiOiJkamFuZ28uY29udHJpYi5hdXRoLmJhY2tlbmRzLk1vZGVsQmFja2VuZCIsIl9hdXRoX3VzZXJfaWQiOiIyIn0=	2016-05-02 14:40:23.622873+05:30
3h7cpa2k45t4u0rn1tayaz7g06qypb6l	Nzk1NDE0Yzk5NmFlNWI5Y2JjNzdhOGRmMDNkNDgzNGRlMWM3MTQ0ZTp7Il9hdXRoX3VzZXJfaGFzaCI6IjcwN2Q5MzQ3MzI3ZjhhZTU4ZTI5ZjI1ZWQ4ZmMwMWNiMmUzY2ViZTAiLCJfYXV0aF91c2VyX2JhY2tlbmQiOiJkamFuZ28uY29udHJpYi5hdXRoLmJhY2tlbmRzLk1vZGVsQmFja2VuZCIsIl9hdXRoX3VzZXJfaWQiOiIyIn0=	2016-05-02 14:40:36.299978+05:30
0b8iar9rg19ioc97bi1t3287fko11xbd	Nzk1NDE0Yzk5NmFlNWI5Y2JjNzdhOGRmMDNkNDgzNGRlMWM3MTQ0ZTp7Il9hdXRoX3VzZXJfaGFzaCI6IjcwN2Q5MzQ3MzI3ZjhhZTU4ZTI5ZjI1ZWQ4ZmMwMWNiMmUzY2ViZTAiLCJfYXV0aF91c2VyX2JhY2tlbmQiOiJkamFuZ28uY29udHJpYi5hdXRoLmJhY2tlbmRzLk1vZGVsQmFja2VuZCIsIl9hdXRoX3VzZXJfaWQiOiIyIn0=	2016-05-02 14:40:36.636911+05:30
ihpdgzmggzs58kxy0r3d375gtrgg7ybz	Nzk1NDE0Yzk5NmFlNWI5Y2JjNzdhOGRmMDNkNDgzNGRlMWM3MTQ0ZTp7Il9hdXRoX3VzZXJfaGFzaCI6IjcwN2Q5MzQ3MzI3ZjhhZTU4ZTI5ZjI1ZWQ4ZmMwMWNiMmUzY2ViZTAiLCJfYXV0aF91c2VyX2JhY2tlbmQiOiJkamFuZ28uY29udHJpYi5hdXRoLmJhY2tlbmRzLk1vZGVsQmFja2VuZCIsIl9hdXRoX3VzZXJfaWQiOiIyIn0=	2016-05-02 14:41:54.974816+05:30
zqj9kyo0go9m39kf5jzvvjvlhv8hvfx8	Nzk1NDE0Yzk5NmFlNWI5Y2JjNzdhOGRmMDNkNDgzNGRlMWM3MTQ0ZTp7Il9hdXRoX3VzZXJfaGFzaCI6IjcwN2Q5MzQ3MzI3ZjhhZTU4ZTI5ZjI1ZWQ4ZmMwMWNiMmUzY2ViZTAiLCJfYXV0aF91c2VyX2JhY2tlbmQiOiJkamFuZ28uY29udHJpYi5hdXRoLmJhY2tlbmRzLk1vZGVsQmFja2VuZCIsIl9hdXRoX3VzZXJfaWQiOiIyIn0=	2016-05-02 14:41:55.301389+05:30
e21kqqi8hrk0znurmpiernseb6ydzn19	Nzk1NDE0Yzk5NmFlNWI5Y2JjNzdhOGRmMDNkNDgzNGRlMWM3MTQ0ZTp7Il9hdXRoX3VzZXJfaGFzaCI6IjcwN2Q5MzQ3MzI3ZjhhZTU4ZTI5ZjI1ZWQ4ZmMwMWNiMmUzY2ViZTAiLCJfYXV0aF91c2VyX2JhY2tlbmQiOiJkamFuZ28uY29udHJpYi5hdXRoLmJhY2tlbmRzLk1vZGVsQmFja2VuZCIsIl9hdXRoX3VzZXJfaWQiOiIyIn0=	2016-05-02 14:42:03.460852+05:30
30xsw0qb01fkivl5di8qkuan1r2g7ayj	Nzk1NDE0Yzk5NmFlNWI5Y2JjNzdhOGRmMDNkNDgzNGRlMWM3MTQ0ZTp7Il9hdXRoX3VzZXJfaGFzaCI6IjcwN2Q5MzQ3MzI3ZjhhZTU4ZTI5ZjI1ZWQ4ZmMwMWNiMmUzY2ViZTAiLCJfYXV0aF91c2VyX2JhY2tlbmQiOiJkamFuZ28uY29udHJpYi5hdXRoLmJhY2tlbmRzLk1vZGVsQmFja2VuZCIsIl9hdXRoX3VzZXJfaWQiOiIyIn0=	2016-05-02 14:42:03.782133+05:30
mcxkka7cno621t5q5pwv2xo2s8gjxdjz	Nzk1NDE0Yzk5NmFlNWI5Y2JjNzdhOGRmMDNkNDgzNGRlMWM3MTQ0ZTp7Il9hdXRoX3VzZXJfaGFzaCI6IjcwN2Q5MzQ3MzI3ZjhhZTU4ZTI5ZjI1ZWQ4ZmMwMWNiMmUzY2ViZTAiLCJfYXV0aF91c2VyX2JhY2tlbmQiOiJkamFuZ28uY29udHJpYi5hdXRoLmJhY2tlbmRzLk1vZGVsQmFja2VuZCIsIl9hdXRoX3VzZXJfaWQiOiIyIn0=	2016-05-02 14:42:09.539999+05:30
k77lefwwmpy85s671rljdv97zkznkxe3	Nzk1NDE0Yzk5NmFlNWI5Y2JjNzdhOGRmMDNkNDgzNGRlMWM3MTQ0ZTp7Il9hdXRoX3VzZXJfaGFzaCI6IjcwN2Q5MzQ3MzI3ZjhhZTU4ZTI5ZjI1ZWQ4ZmMwMWNiMmUzY2ViZTAiLCJfYXV0aF91c2VyX2JhY2tlbmQiOiJkamFuZ28uY29udHJpYi5hdXRoLmJhY2tlbmRzLk1vZGVsQmFja2VuZCIsIl9hdXRoX3VzZXJfaWQiOiIyIn0=	2016-05-02 14:42:09.858515+05:30
63tlf8aprdn5q22cfdmwa7zjcah2kn2f	Nzk1NDE0Yzk5NmFlNWI5Y2JjNzdhOGRmMDNkNDgzNGRlMWM3MTQ0ZTp7Il9hdXRoX3VzZXJfaGFzaCI6IjcwN2Q5MzQ3MzI3ZjhhZTU4ZTI5ZjI1ZWQ4ZmMwMWNiMmUzY2ViZTAiLCJfYXV0aF91c2VyX2JhY2tlbmQiOiJkamFuZ28uY29udHJpYi5hdXRoLmJhY2tlbmRzLk1vZGVsQmFja2VuZCIsIl9hdXRoX3VzZXJfaWQiOiIyIn0=	2016-05-02 14:43:12.876881+05:30
tcpwa40md2zdaeulqmls38afd5yhp0fv	Nzk1NDE0Yzk5NmFlNWI5Y2JjNzdhOGRmMDNkNDgzNGRlMWM3MTQ0ZTp7Il9hdXRoX3VzZXJfaGFzaCI6IjcwN2Q5MzQ3MzI3ZjhhZTU4ZTI5ZjI1ZWQ4ZmMwMWNiMmUzY2ViZTAiLCJfYXV0aF91c2VyX2JhY2tlbmQiOiJkamFuZ28uY29udHJpYi5hdXRoLmJhY2tlbmRzLk1vZGVsQmFja2VuZCIsIl9hdXRoX3VzZXJfaWQiOiIyIn0=	2016-05-02 14:43:13.177369+05:30
v9top7vqhe8tfb0oi28vi0cmydsgek1g	Nzk1NDE0Yzk5NmFlNWI5Y2JjNzdhOGRmMDNkNDgzNGRlMWM3MTQ0ZTp7Il9hdXRoX3VzZXJfaGFzaCI6IjcwN2Q5MzQ3MzI3ZjhhZTU4ZTI5ZjI1ZWQ4ZmMwMWNiMmUzY2ViZTAiLCJfYXV0aF91c2VyX2JhY2tlbmQiOiJkamFuZ28uY29udHJpYi5hdXRoLmJhY2tlbmRzLk1vZGVsQmFja2VuZCIsIl9hdXRoX3VzZXJfaWQiOiIyIn0=	2016-05-02 14:43:19.553559+05:30
p8d1q01wznd9pf4mni8zre3s1gdplmwf	Nzk1NDE0Yzk5NmFlNWI5Y2JjNzdhOGRmMDNkNDgzNGRlMWM3MTQ0ZTp7Il9hdXRoX3VzZXJfaGFzaCI6IjcwN2Q5MzQ3MzI3ZjhhZTU4ZTI5ZjI1ZWQ4ZmMwMWNiMmUzY2ViZTAiLCJfYXV0aF91c2VyX2JhY2tlbmQiOiJkamFuZ28uY29udHJpYi5hdXRoLmJhY2tlbmRzLk1vZGVsQmFja2VuZCIsIl9hdXRoX3VzZXJfaWQiOiIyIn0=	2016-05-02 14:43:19.897239+05:30
8c6r5mf4uc3ftqp3zi790qdsp44dis6q	Nzk1NDE0Yzk5NmFlNWI5Y2JjNzdhOGRmMDNkNDgzNGRlMWM3MTQ0ZTp7Il9hdXRoX3VzZXJfaGFzaCI6IjcwN2Q5MzQ3MzI3ZjhhZTU4ZTI5ZjI1ZWQ4ZmMwMWNiMmUzY2ViZTAiLCJfYXV0aF91c2VyX2JhY2tlbmQiOiJkamFuZ28uY29udHJpYi5hdXRoLmJhY2tlbmRzLk1vZGVsQmFja2VuZCIsIl9hdXRoX3VzZXJfaWQiOiIyIn0=	2016-05-02 14:43:43.77957+05:30
q2m5do61axsz6yxo0hwh5nbhdlonsgcn	Nzk1NDE0Yzk5NmFlNWI5Y2JjNzdhOGRmMDNkNDgzNGRlMWM3MTQ0ZTp7Il9hdXRoX3VzZXJfaGFzaCI6IjcwN2Q5MzQ3MzI3ZjhhZTU4ZTI5ZjI1ZWQ4ZmMwMWNiMmUzY2ViZTAiLCJfYXV0aF91c2VyX2JhY2tlbmQiOiJkamFuZ28uY29udHJpYi5hdXRoLmJhY2tlbmRzLk1vZGVsQmFja2VuZCIsIl9hdXRoX3VzZXJfaWQiOiIyIn0=	2016-05-02 14:43:44.099645+05:30
qx6b36cnd9tjiq34ovf9vp3gaobfvgfo	Nzk1NDE0Yzk5NmFlNWI5Y2JjNzdhOGRmMDNkNDgzNGRlMWM3MTQ0ZTp7Il9hdXRoX3VzZXJfaGFzaCI6IjcwN2Q5MzQ3MzI3ZjhhZTU4ZTI5ZjI1ZWQ4ZmMwMWNiMmUzY2ViZTAiLCJfYXV0aF91c2VyX2JhY2tlbmQiOiJkamFuZ28uY29udHJpYi5hdXRoLmJhY2tlbmRzLk1vZGVsQmFja2VuZCIsIl9hdXRoX3VzZXJfaWQiOiIyIn0=	2016-05-02 14:46:15.394406+05:30
k35tsruyic5l41vpea1sgnh6z077er3s	Nzk1NDE0Yzk5NmFlNWI5Y2JjNzdhOGRmMDNkNDgzNGRlMWM3MTQ0ZTp7Il9hdXRoX3VzZXJfaGFzaCI6IjcwN2Q5MzQ3MzI3ZjhhZTU4ZTI5ZjI1ZWQ4ZmMwMWNiMmUzY2ViZTAiLCJfYXV0aF91c2VyX2JhY2tlbmQiOiJkamFuZ28uY29udHJpYi5hdXRoLmJhY2tlbmRzLk1vZGVsQmFja2VuZCIsIl9hdXRoX3VzZXJfaWQiOiIyIn0=	2016-05-02 14:46:15.811147+05:30
998ozrvfc1bqcz0nm86h60mdmiqn3hpe	Nzk1NDE0Yzk5NmFlNWI5Y2JjNzdhOGRmMDNkNDgzNGRlMWM3MTQ0ZTp7Il9hdXRoX3VzZXJfaGFzaCI6IjcwN2Q5MzQ3MzI3ZjhhZTU4ZTI5ZjI1ZWQ4ZmMwMWNiMmUzY2ViZTAiLCJfYXV0aF91c2VyX2JhY2tlbmQiOiJkamFuZ28uY29udHJpYi5hdXRoLmJhY2tlbmRzLk1vZGVsQmFja2VuZCIsIl9hdXRoX3VzZXJfaWQiOiIyIn0=	2016-05-02 14:46:33.833258+05:30
e12oyzgrj9pb5evz9sovacqxhxlxh1fv	Nzk1NDE0Yzk5NmFlNWI5Y2JjNzdhOGRmMDNkNDgzNGRlMWM3MTQ0ZTp7Il9hdXRoX3VzZXJfaGFzaCI6IjcwN2Q5MzQ3MzI3ZjhhZTU4ZTI5ZjI1ZWQ4ZmMwMWNiMmUzY2ViZTAiLCJfYXV0aF91c2VyX2JhY2tlbmQiOiJkamFuZ28uY29udHJpYi5hdXRoLmJhY2tlbmRzLk1vZGVsQmFja2VuZCIsIl9hdXRoX3VzZXJfaWQiOiIyIn0=	2016-05-02 14:46:34.451731+05:30
ftrugj6dyls5ki0z18hs31b5ic5qfupm	Nzk1NDE0Yzk5NmFlNWI5Y2JjNzdhOGRmMDNkNDgzNGRlMWM3MTQ0ZTp7Il9hdXRoX3VzZXJfaGFzaCI6IjcwN2Q5MzQ3MzI3ZjhhZTU4ZTI5ZjI1ZWQ4ZmMwMWNiMmUzY2ViZTAiLCJfYXV0aF91c2VyX2JhY2tlbmQiOiJkamFuZ28uY29udHJpYi5hdXRoLmJhY2tlbmRzLk1vZGVsQmFja2VuZCIsIl9hdXRoX3VzZXJfaWQiOiIyIn0=	2016-05-02 14:46:41.107377+05:30
jjfthofyw0fly9w77qd6phwt07k6elkj	Nzk1NDE0Yzk5NmFlNWI5Y2JjNzdhOGRmMDNkNDgzNGRlMWM3MTQ0ZTp7Il9hdXRoX3VzZXJfaGFzaCI6IjcwN2Q5MzQ3MzI3ZjhhZTU4ZTI5ZjI1ZWQ4ZmMwMWNiMmUzY2ViZTAiLCJfYXV0aF91c2VyX2JhY2tlbmQiOiJkamFuZ28uY29udHJpYi5hdXRoLmJhY2tlbmRzLk1vZGVsQmFja2VuZCIsIl9hdXRoX3VzZXJfaWQiOiIyIn0=	2016-05-02 14:46:41.698051+05:30
1lmqr06iz5k9l2clx5tk96qr8wic0kak	Nzk1NDE0Yzk5NmFlNWI5Y2JjNzdhOGRmMDNkNDgzNGRlMWM3MTQ0ZTp7Il9hdXRoX3VzZXJfaGFzaCI6IjcwN2Q5MzQ3MzI3ZjhhZTU4ZTI5ZjI1ZWQ4ZmMwMWNiMmUzY2ViZTAiLCJfYXV0aF91c2VyX2JhY2tlbmQiOiJkamFuZ28uY29udHJpYi5hdXRoLmJhY2tlbmRzLk1vZGVsQmFja2VuZCIsIl9hdXRoX3VzZXJfaWQiOiIyIn0=	2016-05-02 14:47:01.62013+05:30
xomra23sstzacvbodih07lxwgvwb30u4	Nzk1NDE0Yzk5NmFlNWI5Y2JjNzdhOGRmMDNkNDgzNGRlMWM3MTQ0ZTp7Il9hdXRoX3VzZXJfaGFzaCI6IjcwN2Q5MzQ3MzI3ZjhhZTU4ZTI5ZjI1ZWQ4ZmMwMWNiMmUzY2ViZTAiLCJfYXV0aF91c2VyX2JhY2tlbmQiOiJkamFuZ28uY29udHJpYi5hdXRoLmJhY2tlbmRzLk1vZGVsQmFja2VuZCIsIl9hdXRoX3VzZXJfaWQiOiIyIn0=	2016-05-02 14:47:01.945154+05:30
1lg1449f0m0b5gy42uw3jlcn2dnk9yro	Nzk1NDE0Yzk5NmFlNWI5Y2JjNzdhOGRmMDNkNDgzNGRlMWM3MTQ0ZTp7Il9hdXRoX3VzZXJfaGFzaCI6IjcwN2Q5MzQ3MzI3ZjhhZTU4ZTI5ZjI1ZWQ4ZmMwMWNiMmUzY2ViZTAiLCJfYXV0aF91c2VyX2JhY2tlbmQiOiJkamFuZ28uY29udHJpYi5hdXRoLmJhY2tlbmRzLk1vZGVsQmFja2VuZCIsIl9hdXRoX3VzZXJfaWQiOiIyIn0=	2016-05-02 14:47:41.290586+05:30
e5mn8uor5uwjlbsmemu2hkwss0s2yq3o	Nzk1NDE0Yzk5NmFlNWI5Y2JjNzdhOGRmMDNkNDgzNGRlMWM3MTQ0ZTp7Il9hdXRoX3VzZXJfaGFzaCI6IjcwN2Q5MzQ3MzI3ZjhhZTU4ZTI5ZjI1ZWQ4ZmMwMWNiMmUzY2ViZTAiLCJfYXV0aF91c2VyX2JhY2tlbmQiOiJkamFuZ28uY29udHJpYi5hdXRoLmJhY2tlbmRzLk1vZGVsQmFja2VuZCIsIl9hdXRoX3VzZXJfaWQiOiIyIn0=	2016-05-02 14:47:41.619161+05:30
qg3jm2tpqyrdecpw11w97pay9kbjrzon	Nzk1NDE0Yzk5NmFlNWI5Y2JjNzdhOGRmMDNkNDgzNGRlMWM3MTQ0ZTp7Il9hdXRoX3VzZXJfaGFzaCI6IjcwN2Q5MzQ3MzI3ZjhhZTU4ZTI5ZjI1ZWQ4ZmMwMWNiMmUzY2ViZTAiLCJfYXV0aF91c2VyX2JhY2tlbmQiOiJkamFuZ28uY29udHJpYi5hdXRoLmJhY2tlbmRzLk1vZGVsQmFja2VuZCIsIl9hdXRoX3VzZXJfaWQiOiIyIn0=	2016-05-02 14:48:04.452071+05:30
uy5e5j7rzohipsse0qtw166qhpockxew	Nzk1NDE0Yzk5NmFlNWI5Y2JjNzdhOGRmMDNkNDgzNGRlMWM3MTQ0ZTp7Il9hdXRoX3VzZXJfaGFzaCI6IjcwN2Q5MzQ3MzI3ZjhhZTU4ZTI5ZjI1ZWQ4ZmMwMWNiMmUzY2ViZTAiLCJfYXV0aF91c2VyX2JhY2tlbmQiOiJkamFuZ28uY29udHJpYi5hdXRoLmJhY2tlbmRzLk1vZGVsQmFja2VuZCIsIl9hdXRoX3VzZXJfaWQiOiIyIn0=	2016-05-02 14:48:32.912979+05:30
ej8xbbpp53skhgqqbcgrvv5kquknq41n	Nzk1NDE0Yzk5NmFlNWI5Y2JjNzdhOGRmMDNkNDgzNGRlMWM3MTQ0ZTp7Il9hdXRoX3VzZXJfaGFzaCI6IjcwN2Q5MzQ3MzI3ZjhhZTU4ZTI5ZjI1ZWQ4ZmMwMWNiMmUzY2ViZTAiLCJfYXV0aF91c2VyX2JhY2tlbmQiOiJkamFuZ28uY29udHJpYi5hdXRoLmJhY2tlbmRzLk1vZGVsQmFja2VuZCIsIl9hdXRoX3VzZXJfaWQiOiIyIn0=	2016-05-02 14:48:33.237313+05:30
p0ogw05vsou89gw5fbc5jvwdbswiquk3	Nzk1NDE0Yzk5NmFlNWI5Y2JjNzdhOGRmMDNkNDgzNGRlMWM3MTQ0ZTp7Il9hdXRoX3VzZXJfaGFzaCI6IjcwN2Q5MzQ3MzI3ZjhhZTU4ZTI5ZjI1ZWQ4ZmMwMWNiMmUzY2ViZTAiLCJfYXV0aF91c2VyX2JhY2tlbmQiOiJkamFuZ28uY29udHJpYi5hdXRoLmJhY2tlbmRzLk1vZGVsQmFja2VuZCIsIl9hdXRoX3VzZXJfaWQiOiIyIn0=	2016-05-02 14:49:05.852283+05:30
o19n3v0p5dpbuqd42ya78qiuooue4a46	Nzk1NDE0Yzk5NmFlNWI5Y2JjNzdhOGRmMDNkNDgzNGRlMWM3MTQ0ZTp7Il9hdXRoX3VzZXJfaGFzaCI6IjcwN2Q5MzQ3MzI3ZjhhZTU4ZTI5ZjI1ZWQ4ZmMwMWNiMmUzY2ViZTAiLCJfYXV0aF91c2VyX2JhY2tlbmQiOiJkamFuZ28uY29udHJpYi5hdXRoLmJhY2tlbmRzLk1vZGVsQmFja2VuZCIsIl9hdXRoX3VzZXJfaWQiOiIyIn0=	2016-05-02 14:49:06.167669+05:30
v32w48vdc1uhy2gax43n7qqdi0936r6a	Nzk1NDE0Yzk5NmFlNWI5Y2JjNzdhOGRmMDNkNDgzNGRlMWM3MTQ0ZTp7Il9hdXRoX3VzZXJfaGFzaCI6IjcwN2Q5MzQ3MzI3ZjhhZTU4ZTI5ZjI1ZWQ4ZmMwMWNiMmUzY2ViZTAiLCJfYXV0aF91c2VyX2JhY2tlbmQiOiJkamFuZ28uY29udHJpYi5hdXRoLmJhY2tlbmRzLk1vZGVsQmFja2VuZCIsIl9hdXRoX3VzZXJfaWQiOiIyIn0=	2016-05-02 14:49:54.035814+05:30
lz7qgpuanx8wnsqpw0w1arapqvgpt4vd	Nzk1NDE0Yzk5NmFlNWI5Y2JjNzdhOGRmMDNkNDgzNGRlMWM3MTQ0ZTp7Il9hdXRoX3VzZXJfaGFzaCI6IjcwN2Q5MzQ3MzI3ZjhhZTU4ZTI5ZjI1ZWQ4ZmMwMWNiMmUzY2ViZTAiLCJfYXV0aF91c2VyX2JhY2tlbmQiOiJkamFuZ28uY29udHJpYi5hdXRoLmJhY2tlbmRzLk1vZGVsQmFja2VuZCIsIl9hdXRoX3VzZXJfaWQiOiIyIn0=	2016-05-02 14:49:54.34215+05:30
xqsragro99jsd10aw5amrz3v0udfqvqb	Nzk1NDE0Yzk5NmFlNWI5Y2JjNzdhOGRmMDNkNDgzNGRlMWM3MTQ0ZTp7Il9hdXRoX3VzZXJfaGFzaCI6IjcwN2Q5MzQ3MzI3ZjhhZTU4ZTI5ZjI1ZWQ4ZmMwMWNiMmUzY2ViZTAiLCJfYXV0aF91c2VyX2JhY2tlbmQiOiJkamFuZ28uY29udHJpYi5hdXRoLmJhY2tlbmRzLk1vZGVsQmFja2VuZCIsIl9hdXRoX3VzZXJfaWQiOiIyIn0=	2016-05-02 14:50:07.848042+05:30
knjbwxvy554gw832qfx1sm5qagavvug3	Nzk1NDE0Yzk5NmFlNWI5Y2JjNzdhOGRmMDNkNDgzNGRlMWM3MTQ0ZTp7Il9hdXRoX3VzZXJfaGFzaCI6IjcwN2Q5MzQ3MzI3ZjhhZTU4ZTI5ZjI1ZWQ4ZmMwMWNiMmUzY2ViZTAiLCJfYXV0aF91c2VyX2JhY2tlbmQiOiJkamFuZ28uY29udHJpYi5hdXRoLmJhY2tlbmRzLk1vZGVsQmFja2VuZCIsIl9hdXRoX3VzZXJfaWQiOiIyIn0=	2016-05-02 14:50:15.874118+05:30
b3l2f9rxfp523o8yc0e5oar63krj64j9	Nzk1NDE0Yzk5NmFlNWI5Y2JjNzdhOGRmMDNkNDgzNGRlMWM3MTQ0ZTp7Il9hdXRoX3VzZXJfaGFzaCI6IjcwN2Q5MzQ3MzI3ZjhhZTU4ZTI5ZjI1ZWQ4ZmMwMWNiMmUzY2ViZTAiLCJfYXV0aF91c2VyX2JhY2tlbmQiOiJkamFuZ28uY29udHJpYi5hdXRoLmJhY2tlbmRzLk1vZGVsQmFja2VuZCIsIl9hdXRoX3VzZXJfaWQiOiIyIn0=	2016-05-02 14:50:16.214975+05:30
wbuxhtcg40voi3l7r0y1a4uybszi397u	Nzk1NDE0Yzk5NmFlNWI5Y2JjNzdhOGRmMDNkNDgzNGRlMWM3MTQ0ZTp7Il9hdXRoX3VzZXJfaGFzaCI6IjcwN2Q5MzQ3MzI3ZjhhZTU4ZTI5ZjI1ZWQ4ZmMwMWNiMmUzY2ViZTAiLCJfYXV0aF91c2VyX2JhY2tlbmQiOiJkamFuZ28uY29udHJpYi5hdXRoLmJhY2tlbmRzLk1vZGVsQmFja2VuZCIsIl9hdXRoX3VzZXJfaWQiOiIyIn0=	2016-05-02 14:50:56.981538+05:30
tpqxyivoq2r4q042gkxcesfhhknheka1	Nzk1NDE0Yzk5NmFlNWI5Y2JjNzdhOGRmMDNkNDgzNGRlMWM3MTQ0ZTp7Il9hdXRoX3VzZXJfaGFzaCI6IjcwN2Q5MzQ3MzI3ZjhhZTU4ZTI5ZjI1ZWQ4ZmMwMWNiMmUzY2ViZTAiLCJfYXV0aF91c2VyX2JhY2tlbmQiOiJkamFuZ28uY29udHJpYi5hdXRoLmJhY2tlbmRzLk1vZGVsQmFja2VuZCIsIl9hdXRoX3VzZXJfaWQiOiIyIn0=	2016-05-02 14:51:06.243944+05:30
ohbv53ijb1nz28ggzkml17icgzcqgvv0	Nzk1NDE0Yzk5NmFlNWI5Y2JjNzdhOGRmMDNkNDgzNGRlMWM3MTQ0ZTp7Il9hdXRoX3VzZXJfaGFzaCI6IjcwN2Q5MzQ3MzI3ZjhhZTU4ZTI5ZjI1ZWQ4ZmMwMWNiMmUzY2ViZTAiLCJfYXV0aF91c2VyX2JhY2tlbmQiOiJkamFuZ28uY29udHJpYi5hdXRoLmJhY2tlbmRzLk1vZGVsQmFja2VuZCIsIl9hdXRoX3VzZXJfaWQiOiIyIn0=	2016-05-02 14:51:06.605402+05:30
webwbsih9cp7g3h3hz64erymjimlqhtg	Nzk1NDE0Yzk5NmFlNWI5Y2JjNzdhOGRmMDNkNDgzNGRlMWM3MTQ0ZTp7Il9hdXRoX3VzZXJfaGFzaCI6IjcwN2Q5MzQ3MzI3ZjhhZTU4ZTI5ZjI1ZWQ4ZmMwMWNiMmUzY2ViZTAiLCJfYXV0aF91c2VyX2JhY2tlbmQiOiJkamFuZ28uY29udHJpYi5hdXRoLmJhY2tlbmRzLk1vZGVsQmFja2VuZCIsIl9hdXRoX3VzZXJfaWQiOiIyIn0=	2016-05-02 14:51:32.006804+05:30
xtr0l5r6f70svzhxbh2is9eefgut6rc6	Nzk1NDE0Yzk5NmFlNWI5Y2JjNzdhOGRmMDNkNDgzNGRlMWM3MTQ0ZTp7Il9hdXRoX3VzZXJfaGFzaCI6IjcwN2Q5MzQ3MzI3ZjhhZTU4ZTI5ZjI1ZWQ4ZmMwMWNiMmUzY2ViZTAiLCJfYXV0aF91c2VyX2JhY2tlbmQiOiJkamFuZ28uY29udHJpYi5hdXRoLmJhY2tlbmRzLk1vZGVsQmFja2VuZCIsIl9hdXRoX3VzZXJfaWQiOiIyIn0=	2016-05-02 14:51:32.397897+05:30
z5slvymqj3pynd91eh5lp9ucrdtem0st	Nzk1NDE0Yzk5NmFlNWI5Y2JjNzdhOGRmMDNkNDgzNGRlMWM3MTQ0ZTp7Il9hdXRoX3VzZXJfaGFzaCI6IjcwN2Q5MzQ3MzI3ZjhhZTU4ZTI5ZjI1ZWQ4ZmMwMWNiMmUzY2ViZTAiLCJfYXV0aF91c2VyX2JhY2tlbmQiOiJkamFuZ28uY29udHJpYi5hdXRoLmJhY2tlbmRzLk1vZGVsQmFja2VuZCIsIl9hdXRoX3VzZXJfaWQiOiIyIn0=	2016-05-02 14:51:38.897653+05:30
5g6l1l0w9yzx3k2mmeiaz2nkkx6pae0l	Nzk1NDE0Yzk5NmFlNWI5Y2JjNzdhOGRmMDNkNDgzNGRlMWM3MTQ0ZTp7Il9hdXRoX3VzZXJfaGFzaCI6IjcwN2Q5MzQ3MzI3ZjhhZTU4ZTI5ZjI1ZWQ4ZmMwMWNiMmUzY2ViZTAiLCJfYXV0aF91c2VyX2JhY2tlbmQiOiJkamFuZ28uY29udHJpYi5hdXRoLmJhY2tlbmRzLk1vZGVsQmFja2VuZCIsIl9hdXRoX3VzZXJfaWQiOiIyIn0=	2016-05-02 14:51:39.19078+05:30
r6l2y296m8nr3m1kyi605iuwls8dbezc	Nzk1NDE0Yzk5NmFlNWI5Y2JjNzdhOGRmMDNkNDgzNGRlMWM3MTQ0ZTp7Il9hdXRoX3VzZXJfaGFzaCI6IjcwN2Q5MzQ3MzI3ZjhhZTU4ZTI5ZjI1ZWQ4ZmMwMWNiMmUzY2ViZTAiLCJfYXV0aF91c2VyX2JhY2tlbmQiOiJkamFuZ28uY29udHJpYi5hdXRoLmJhY2tlbmRzLk1vZGVsQmFja2VuZCIsIl9hdXRoX3VzZXJfaWQiOiIyIn0=	2016-05-02 14:52:02.046024+05:30
vjjz6b6t86co716olin2i11m5pd7wxqw	Nzk1NDE0Yzk5NmFlNWI5Y2JjNzdhOGRmMDNkNDgzNGRlMWM3MTQ0ZTp7Il9hdXRoX3VzZXJfaGFzaCI6IjcwN2Q5MzQ3MzI3ZjhhZTU4ZTI5ZjI1ZWQ4ZmMwMWNiMmUzY2ViZTAiLCJfYXV0aF91c2VyX2JhY2tlbmQiOiJkamFuZ28uY29udHJpYi5hdXRoLmJhY2tlbmRzLk1vZGVsQmFja2VuZCIsIl9hdXRoX3VzZXJfaWQiOiIyIn0=	2016-05-02 14:52:02.363081+05:30
0br517ppqoobk8hvnkhqwnp3g32ar7q0	Nzk1NDE0Yzk5NmFlNWI5Y2JjNzdhOGRmMDNkNDgzNGRlMWM3MTQ0ZTp7Il9hdXRoX3VzZXJfaGFzaCI6IjcwN2Q5MzQ3MzI3ZjhhZTU4ZTI5ZjI1ZWQ4ZmMwMWNiMmUzY2ViZTAiLCJfYXV0aF91c2VyX2JhY2tlbmQiOiJkamFuZ28uY29udHJpYi5hdXRoLmJhY2tlbmRzLk1vZGVsQmFja2VuZCIsIl9hdXRoX3VzZXJfaWQiOiIyIn0=	2016-05-02 14:53:22.462484+05:30
o09188a6ynf2g6aja29s0tqv5vfw4nie	Nzk1NDE0Yzk5NmFlNWI5Y2JjNzdhOGRmMDNkNDgzNGRlMWM3MTQ0ZTp7Il9hdXRoX3VzZXJfaGFzaCI6IjcwN2Q5MzQ3MzI3ZjhhZTU4ZTI5ZjI1ZWQ4ZmMwMWNiMmUzY2ViZTAiLCJfYXV0aF91c2VyX2JhY2tlbmQiOiJkamFuZ28uY29udHJpYi5hdXRoLmJhY2tlbmRzLk1vZGVsQmFja2VuZCIsIl9hdXRoX3VzZXJfaWQiOiIyIn0=	2016-05-02 14:53:23.784717+05:30
201wsp8hgiz8vgupmimzjm56phg3dacs	Nzk1NDE0Yzk5NmFlNWI5Y2JjNzdhOGRmMDNkNDgzNGRlMWM3MTQ0ZTp7Il9hdXRoX3VzZXJfaGFzaCI6IjcwN2Q5MzQ3MzI3ZjhhZTU4ZTI5ZjI1ZWQ4ZmMwMWNiMmUzY2ViZTAiLCJfYXV0aF91c2VyX2JhY2tlbmQiOiJkamFuZ28uY29udHJpYi5hdXRoLmJhY2tlbmRzLk1vZGVsQmFja2VuZCIsIl9hdXRoX3VzZXJfaWQiOiIyIn0=	2016-05-02 14:54:17.314148+05:30
33h5xiupcariq3q74k8fd9zuud8hsii9	Nzk1NDE0Yzk5NmFlNWI5Y2JjNzdhOGRmMDNkNDgzNGRlMWM3MTQ0ZTp7Il9hdXRoX3VzZXJfaGFzaCI6IjcwN2Q5MzQ3MzI3ZjhhZTU4ZTI5ZjI1ZWQ4ZmMwMWNiMmUzY2ViZTAiLCJfYXV0aF91c2VyX2JhY2tlbmQiOiJkamFuZ28uY29udHJpYi5hdXRoLmJhY2tlbmRzLk1vZGVsQmFja2VuZCIsIl9hdXRoX3VzZXJfaWQiOiIyIn0=	2016-05-02 14:54:18.425902+05:30
p8urid7g40uskznkwuvn8rlzci1oaoun	Nzk1NDE0Yzk5NmFlNWI5Y2JjNzdhOGRmMDNkNDgzNGRlMWM3MTQ0ZTp7Il9hdXRoX3VzZXJfaGFzaCI6IjcwN2Q5MzQ3MzI3ZjhhZTU4ZTI5ZjI1ZWQ4ZmMwMWNiMmUzY2ViZTAiLCJfYXV0aF91c2VyX2JhY2tlbmQiOiJkamFuZ28uY29udHJpYi5hdXRoLmJhY2tlbmRzLk1vZGVsQmFja2VuZCIsIl9hdXRoX3VzZXJfaWQiOiIyIn0=	2016-05-02 14:54:51.061271+05:30
u7q1e3b1ay747jd9kwta5l2ykzvt0dug	Nzk1NDE0Yzk5NmFlNWI5Y2JjNzdhOGRmMDNkNDgzNGRlMWM3MTQ0ZTp7Il9hdXRoX3VzZXJfaGFzaCI6IjcwN2Q5MzQ3MzI3ZjhhZTU4ZTI5ZjI1ZWQ4ZmMwMWNiMmUzY2ViZTAiLCJfYXV0aF91c2VyX2JhY2tlbmQiOiJkamFuZ28uY29udHJpYi5hdXRoLmJhY2tlbmRzLk1vZGVsQmFja2VuZCIsIl9hdXRoX3VzZXJfaWQiOiIyIn0=	2016-05-02 14:54:52.114289+05:30
24ih44iav00el7oqfpugaflcqeyeefxe	Nzk1NDE0Yzk5NmFlNWI5Y2JjNzdhOGRmMDNkNDgzNGRlMWM3MTQ0ZTp7Il9hdXRoX3VzZXJfaGFzaCI6IjcwN2Q5MzQ3MzI3ZjhhZTU4ZTI5ZjI1ZWQ4ZmMwMWNiMmUzY2ViZTAiLCJfYXV0aF91c2VyX2JhY2tlbmQiOiJkamFuZ28uY29udHJpYi5hdXRoLmJhY2tlbmRzLk1vZGVsQmFja2VuZCIsIl9hdXRoX3VzZXJfaWQiOiIyIn0=	2016-05-02 14:56:27.680735+05:30
jh92sd41l0zjdp8k354ng7dwlnndts2c	Nzk1NDE0Yzk5NmFlNWI5Y2JjNzdhOGRmMDNkNDgzNGRlMWM3MTQ0ZTp7Il9hdXRoX3VzZXJfaGFzaCI6IjcwN2Q5MzQ3MzI3ZjhhZTU4ZTI5ZjI1ZWQ4ZmMwMWNiMmUzY2ViZTAiLCJfYXV0aF91c2VyX2JhY2tlbmQiOiJkamFuZ28uY29udHJpYi5hdXRoLmJhY2tlbmRzLk1vZGVsQmFja2VuZCIsIl9hdXRoX3VzZXJfaWQiOiIyIn0=	2016-05-02 14:56:29.010667+05:30
ykd41458dvu9vgqela5evy9aug4so6mj	Nzk1NDE0Yzk5NmFlNWI5Y2JjNzdhOGRmMDNkNDgzNGRlMWM3MTQ0ZTp7Il9hdXRoX3VzZXJfaGFzaCI6IjcwN2Q5MzQ3MzI3ZjhhZTU4ZTI5ZjI1ZWQ4ZmMwMWNiMmUzY2ViZTAiLCJfYXV0aF91c2VyX2JhY2tlbmQiOiJkamFuZ28uY29udHJpYi5hdXRoLmJhY2tlbmRzLk1vZGVsQmFja2VuZCIsIl9hdXRoX3VzZXJfaWQiOiIyIn0=	2016-05-02 14:56:37.966242+05:30
s1hj7lx22fplttjot28v03gs3cgxbxhe	Nzk1NDE0Yzk5NmFlNWI5Y2JjNzdhOGRmMDNkNDgzNGRlMWM3MTQ0ZTp7Il9hdXRoX3VzZXJfaGFzaCI6IjcwN2Q5MzQ3MzI3ZjhhZTU4ZTI5ZjI1ZWQ4ZmMwMWNiMmUzY2ViZTAiLCJfYXV0aF91c2VyX2JhY2tlbmQiOiJkamFuZ28uY29udHJpYi5hdXRoLmJhY2tlbmRzLk1vZGVsQmFja2VuZCIsIl9hdXRoX3VzZXJfaWQiOiIyIn0=	2016-05-02 14:56:39.122915+05:30
lhgn2i07pxaa08jab3i9ktbxqx4e4aqi	Nzk1NDE0Yzk5NmFlNWI5Y2JjNzdhOGRmMDNkNDgzNGRlMWM3MTQ0ZTp7Il9hdXRoX3VzZXJfaGFzaCI6IjcwN2Q5MzQ3MzI3ZjhhZTU4ZTI5ZjI1ZWQ4ZmMwMWNiMmUzY2ViZTAiLCJfYXV0aF91c2VyX2JhY2tlbmQiOiJkamFuZ28uY29udHJpYi5hdXRoLmJhY2tlbmRzLk1vZGVsQmFja2VuZCIsIl9hdXRoX3VzZXJfaWQiOiIyIn0=	2016-05-02 15:15:07.153583+05:30
nnqpyjxoes7o57onvdh1bm2hz3xnf8xh	ZTNkODYzZjRiMWI1NTIxZGM1ZmU1YTIyNWVkMzc4YWEzNzlhZmVlODp7Il9hdXRoX3VzZXJfaGFzaCI6IjcwN2Q5MzQ3MzI3ZjhhZTU4ZTI5ZjI1ZWQ4ZmMwMWNiMmUzY2ViZTAiLCJfYXV0aF91c2VyX2JhY2tlbmQiOiJkamFuZ28uY29udHJpYi5hdXRoLmJhY2tlbmRzLk1vZGVsQmFja2VuZCIsIl9hdXRoX3VzZXJfaWQiOiI2In0=	2016-05-02 15:21:36.87581+05:30
cspepdhwye5l58khi6pwz03f8bs6kswm	Nzk1NDE0Yzk5NmFlNWI5Y2JjNzdhOGRmMDNkNDgzNGRlMWM3MTQ0ZTp7Il9hdXRoX3VzZXJfaGFzaCI6IjcwN2Q5MzQ3MzI3ZjhhZTU4ZTI5ZjI1ZWQ4ZmMwMWNiMmUzY2ViZTAiLCJfYXV0aF91c2VyX2JhY2tlbmQiOiJkamFuZ28uY29udHJpYi5hdXRoLmJhY2tlbmRzLk1vZGVsQmFja2VuZCIsIl9hdXRoX3VzZXJfaWQiOiIyIn0=	2016-05-02 15:24:01.044697+05:30
1hu7onbb17dooi03zqvrafrojetld77o	Nzk1NDE0Yzk5NmFlNWI5Y2JjNzdhOGRmMDNkNDgzNGRlMWM3MTQ0ZTp7Il9hdXRoX3VzZXJfaGFzaCI6IjcwN2Q5MzQ3MzI3ZjhhZTU4ZTI5ZjI1ZWQ4ZmMwMWNiMmUzY2ViZTAiLCJfYXV0aF91c2VyX2JhY2tlbmQiOiJkamFuZ28uY29udHJpYi5hdXRoLmJhY2tlbmRzLk1vZGVsQmFja2VuZCIsIl9hdXRoX3VzZXJfaWQiOiIyIn0=	2016-05-02 15:27:20.898536+05:30
h5g6jmyrotlsael3go7u26guz81w62sz	Nzk1NDE0Yzk5NmFlNWI5Y2JjNzdhOGRmMDNkNDgzNGRlMWM3MTQ0ZTp7Il9hdXRoX3VzZXJfaGFzaCI6IjcwN2Q5MzQ3MzI3ZjhhZTU4ZTI5ZjI1ZWQ4ZmMwMWNiMmUzY2ViZTAiLCJfYXV0aF91c2VyX2JhY2tlbmQiOiJkamFuZ28uY29udHJpYi5hdXRoLmJhY2tlbmRzLk1vZGVsQmFja2VuZCIsIl9hdXRoX3VzZXJfaWQiOiIyIn0=	2016-05-02 15:28:08.805441+05:30
lsug9kpeovlbv89yi4q9vfl07r3zmuhf	ZTNkODYzZjRiMWI1NTIxZGM1ZmU1YTIyNWVkMzc4YWEzNzlhZmVlODp7Il9hdXRoX3VzZXJfaGFzaCI6IjcwN2Q5MzQ3MzI3ZjhhZTU4ZTI5ZjI1ZWQ4ZmMwMWNiMmUzY2ViZTAiLCJfYXV0aF91c2VyX2JhY2tlbmQiOiJkamFuZ28uY29udHJpYi5hdXRoLmJhY2tlbmRzLk1vZGVsQmFja2VuZCIsIl9hdXRoX3VzZXJfaWQiOiI2In0=	2016-05-02 15:39:35.596987+05:30
mufqavw1k8qwcf6njsyd2wgr5knzdgll	ZTNkODYzZjRiMWI1NTIxZGM1ZmU1YTIyNWVkMzc4YWEzNzlhZmVlODp7Il9hdXRoX3VzZXJfaGFzaCI6IjcwN2Q5MzQ3MzI3ZjhhZTU4ZTI5ZjI1ZWQ4ZmMwMWNiMmUzY2ViZTAiLCJfYXV0aF91c2VyX2JhY2tlbmQiOiJkamFuZ28uY29udHJpYi5hdXRoLmJhY2tlbmRzLk1vZGVsQmFja2VuZCIsIl9hdXRoX3VzZXJfaWQiOiI2In0=	2016-05-02 15:40:44.164981+05:30
48zg35hr0kf05uqisud5enpn0rzjdb58	ZTNkODYzZjRiMWI1NTIxZGM1ZmU1YTIyNWVkMzc4YWEzNzlhZmVlODp7Il9hdXRoX3VzZXJfaGFzaCI6IjcwN2Q5MzQ3MzI3ZjhhZTU4ZTI5ZjI1ZWQ4ZmMwMWNiMmUzY2ViZTAiLCJfYXV0aF91c2VyX2JhY2tlbmQiOiJkamFuZ28uY29udHJpYi5hdXRoLmJhY2tlbmRzLk1vZGVsQmFja2VuZCIsIl9hdXRoX3VzZXJfaWQiOiI2In0=	2016-05-02 15:40:44.304311+05:30
fll1jhtny6wtpsweygzav3nt7alugn2p	ZTNkODYzZjRiMWI1NTIxZGM1ZmU1YTIyNWVkMzc4YWEzNzlhZmVlODp7Il9hdXRoX3VzZXJfaGFzaCI6IjcwN2Q5MzQ3MzI3ZjhhZTU4ZTI5ZjI1ZWQ4ZmMwMWNiMmUzY2ViZTAiLCJfYXV0aF91c2VyX2JhY2tlbmQiOiJkamFuZ28uY29udHJpYi5hdXRoLmJhY2tlbmRzLk1vZGVsQmFja2VuZCIsIl9hdXRoX3VzZXJfaWQiOiI2In0=	2016-05-02 15:40:44.527101+05:30
t60z4eg7kapwa1dd0qbe7f67thyuatqs	ZTNkODYzZjRiMWI1NTIxZGM1ZmU1YTIyNWVkMzc4YWEzNzlhZmVlODp7Il9hdXRoX3VzZXJfaGFzaCI6IjcwN2Q5MzQ3MzI3ZjhhZTU4ZTI5ZjI1ZWQ4ZmMwMWNiMmUzY2ViZTAiLCJfYXV0aF91c2VyX2JhY2tlbmQiOiJkamFuZ28uY29udHJpYi5hdXRoLmJhY2tlbmRzLk1vZGVsQmFja2VuZCIsIl9hdXRoX3VzZXJfaWQiOiI2In0=	2016-05-02 15:40:46.178072+05:30
xksu3ijc8wd9f5yk7j0f89a4wwmzd1j1	ZTNkODYzZjRiMWI1NTIxZGM1ZmU1YTIyNWVkMzc4YWEzNzlhZmVlODp7Il9hdXRoX3VzZXJfaGFzaCI6IjcwN2Q5MzQ3MzI3ZjhhZTU4ZTI5ZjI1ZWQ4ZmMwMWNiMmUzY2ViZTAiLCJfYXV0aF91c2VyX2JhY2tlbmQiOiJkamFuZ28uY29udHJpYi5hdXRoLmJhY2tlbmRzLk1vZGVsQmFja2VuZCIsIl9hdXRoX3VzZXJfaWQiOiI2In0=	2016-05-02 15:40:46.554704+05:30
mzwj9y4y4cbt1fj1cgyk5yxvsy9zxl2l	ZTNkODYzZjRiMWI1NTIxZGM1ZmU1YTIyNWVkMzc4YWEzNzlhZmVlODp7Il9hdXRoX3VzZXJfaGFzaCI6IjcwN2Q5MzQ3MzI3ZjhhZTU4ZTI5ZjI1ZWQ4ZmMwMWNiMmUzY2ViZTAiLCJfYXV0aF91c2VyX2JhY2tlbmQiOiJkamFuZ28uY29udHJpYi5hdXRoLmJhY2tlbmRzLk1vZGVsQmFja2VuZCIsIl9hdXRoX3VzZXJfaWQiOiI2In0=	2016-05-02 15:40:50.267485+05:30
usl554y8inwylrlykoibk78ucgcuki8o	ZTNkODYzZjRiMWI1NTIxZGM1ZmU1YTIyNWVkMzc4YWEzNzlhZmVlODp7Il9hdXRoX3VzZXJfaGFzaCI6IjcwN2Q5MzQ3MzI3ZjhhZTU4ZTI5ZjI1ZWQ4ZmMwMWNiMmUzY2ViZTAiLCJfYXV0aF91c2VyX2JhY2tlbmQiOiJkamFuZ28uY29udHJpYi5hdXRoLmJhY2tlbmRzLk1vZGVsQmFja2VuZCIsIl9hdXRoX3VzZXJfaWQiOiI2In0=	2016-05-02 15:40:52.573719+05:30
ik603th3evibj3kc4c6wsb40hkstovkt	ZTNkODYzZjRiMWI1NTIxZGM1ZmU1YTIyNWVkMzc4YWEzNzlhZmVlODp7Il9hdXRoX3VzZXJfaGFzaCI6IjcwN2Q5MzQ3MzI3ZjhhZTU4ZTI5ZjI1ZWQ4ZmMwMWNiMmUzY2ViZTAiLCJfYXV0aF91c2VyX2JhY2tlbmQiOiJkamFuZ28uY29udHJpYi5hdXRoLmJhY2tlbmRzLk1vZGVsQmFja2VuZCIsIl9hdXRoX3VzZXJfaWQiOiI2In0=	2016-05-02 15:40:52.870597+05:30
ytxp1ixhqo0er0onztlti09ccz8z0tzp	ZTNkODYzZjRiMWI1NTIxZGM1ZmU1YTIyNWVkMzc4YWEzNzlhZmVlODp7Il9hdXRoX3VzZXJfaGFzaCI6IjcwN2Q5MzQ3MzI3ZjhhZTU4ZTI5ZjI1ZWQ4ZmMwMWNiMmUzY2ViZTAiLCJfYXV0aF91c2VyX2JhY2tlbmQiOiJkamFuZ28uY29udHJpYi5hdXRoLmJhY2tlbmRzLk1vZGVsQmFja2VuZCIsIl9hdXRoX3VzZXJfaWQiOiI2In0=	2016-05-02 15:40:55.663132+05:30
ek28z5twmbi510hq1xleypnxqujluelq	ZTNkODYzZjRiMWI1NTIxZGM1ZmU1YTIyNWVkMzc4YWEzNzlhZmVlODp7Il9hdXRoX3VzZXJfaGFzaCI6IjcwN2Q5MzQ3MzI3ZjhhZTU4ZTI5ZjI1ZWQ4ZmMwMWNiMmUzY2ViZTAiLCJfYXV0aF91c2VyX2JhY2tlbmQiOiJkamFuZ28uY29udHJpYi5hdXRoLmJhY2tlbmRzLk1vZGVsQmFja2VuZCIsIl9hdXRoX3VzZXJfaWQiOiI2In0=	2016-05-02 15:41:18.609853+05:30
cbabtt9iyo57zvspvh3wxflr0bd5n3lq	ZTNkODYzZjRiMWI1NTIxZGM1ZmU1YTIyNWVkMzc4YWEzNzlhZmVlODp7Il9hdXRoX3VzZXJfaGFzaCI6IjcwN2Q5MzQ3MzI3ZjhhZTU4ZTI5ZjI1ZWQ4ZmMwMWNiMmUzY2ViZTAiLCJfYXV0aF91c2VyX2JhY2tlbmQiOiJkamFuZ28uY29udHJpYi5hdXRoLmJhY2tlbmRzLk1vZGVsQmFja2VuZCIsIl9hdXRoX3VzZXJfaWQiOiI2In0=	2016-05-02 15:41:37.081519+05:30
wijqbf1v1lxnvgvr42q46zmfs4hxgia8	ZTNkODYzZjRiMWI1NTIxZGM1ZmU1YTIyNWVkMzc4YWEzNzlhZmVlODp7Il9hdXRoX3VzZXJfaGFzaCI6IjcwN2Q5MzQ3MzI3ZjhhZTU4ZTI5ZjI1ZWQ4ZmMwMWNiMmUzY2ViZTAiLCJfYXV0aF91c2VyX2JhY2tlbmQiOiJkamFuZ28uY29udHJpYi5hdXRoLmJhY2tlbmRzLk1vZGVsQmFja2VuZCIsIl9hdXRoX3VzZXJfaWQiOiI2In0=	2016-05-02 15:41:37.303794+05:30
5gcm4ixcxo2evtse7uk2o1z1w0ndgwn7	ZTNkODYzZjRiMWI1NTIxZGM1ZmU1YTIyNWVkMzc4YWEzNzlhZmVlODp7Il9hdXRoX3VzZXJfaGFzaCI6IjcwN2Q5MzQ3MzI3ZjhhZTU4ZTI5ZjI1ZWQ4ZmMwMWNiMmUzY2ViZTAiLCJfYXV0aF91c2VyX2JhY2tlbmQiOiJkamFuZ28uY29udHJpYi5hdXRoLmJhY2tlbmRzLk1vZGVsQmFja2VuZCIsIl9hdXRoX3VzZXJfaWQiOiI2In0=	2016-05-02 15:41:38.413166+05:30
ufie5ips372zwxginmpxhzc1l7l72c5s	ZTNkODYzZjRiMWI1NTIxZGM1ZmU1YTIyNWVkMzc4YWEzNzlhZmVlODp7Il9hdXRoX3VzZXJfaGFzaCI6IjcwN2Q5MzQ3MzI3ZjhhZTU4ZTI5ZjI1ZWQ4ZmMwMWNiMmUzY2ViZTAiLCJfYXV0aF91c2VyX2JhY2tlbmQiOiJkamFuZ28uY29udHJpYi5hdXRoLmJhY2tlbmRzLk1vZGVsQmFja2VuZCIsIl9hdXRoX3VzZXJfaWQiOiI2In0=	2016-05-02 15:41:42.216367+05:30
m4qob6zonyy56di5q9vjvg5ge1tiars8	ZTNkODYzZjRiMWI1NTIxZGM1ZmU1YTIyNWVkMzc4YWEzNzlhZmVlODp7Il9hdXRoX3VzZXJfaGFzaCI6IjcwN2Q5MzQ3MzI3ZjhhZTU4ZTI5ZjI1ZWQ4ZmMwMWNiMmUzY2ViZTAiLCJfYXV0aF91c2VyX2JhY2tlbmQiOiJkamFuZ28uY29udHJpYi5hdXRoLmJhY2tlbmRzLk1vZGVsQmFja2VuZCIsIl9hdXRoX3VzZXJfaWQiOiI2In0=	2016-05-02 15:47:17.461851+05:30
wtgxw1w4i8vacq3a9p3l96hxoep7vyqj	ZTNkODYzZjRiMWI1NTIxZGM1ZmU1YTIyNWVkMzc4YWEzNzlhZmVlODp7Il9hdXRoX3VzZXJfaGFzaCI6IjcwN2Q5MzQ3MzI3ZjhhZTU4ZTI5ZjI1ZWQ4ZmMwMWNiMmUzY2ViZTAiLCJfYXV0aF91c2VyX2JhY2tlbmQiOiJkamFuZ28uY29udHJpYi5hdXRoLmJhY2tlbmRzLk1vZGVsQmFja2VuZCIsIl9hdXRoX3VzZXJfaWQiOiI2In0=	2016-05-02 15:48:19.89577+05:30
wi7mi4bcb47irygyy1et0s2k2pjzl7z1	ZTNkODYzZjRiMWI1NTIxZGM1ZmU1YTIyNWVkMzc4YWEzNzlhZmVlODp7Il9hdXRoX3VzZXJfaGFzaCI6IjcwN2Q5MzQ3MzI3ZjhhZTU4ZTI5ZjI1ZWQ4ZmMwMWNiMmUzY2ViZTAiLCJfYXV0aF91c2VyX2JhY2tlbmQiOiJkamFuZ28uY29udHJpYi5hdXRoLmJhY2tlbmRzLk1vZGVsQmFja2VuZCIsIl9hdXRoX3VzZXJfaWQiOiI2In0=	2016-05-02 15:48:20.031072+05:30
c46utwzony45rh6use8o24zl8krqwtun	ZTNkODYzZjRiMWI1NTIxZGM1ZmU1YTIyNWVkMzc4YWEzNzlhZmVlODp7Il9hdXRoX3VzZXJfaGFzaCI6IjcwN2Q5MzQ3MzI3ZjhhZTU4ZTI5ZjI1ZWQ4ZmMwMWNiMmUzY2ViZTAiLCJfYXV0aF91c2VyX2JhY2tlbmQiOiJkamFuZ28uY29udHJpYi5hdXRoLmJhY2tlbmRzLk1vZGVsQmFja2VuZCIsIl9hdXRoX3VzZXJfaWQiOiI2In0=	2016-05-02 15:48:20.333178+05:30
hlt6igidz22y7d36m2a2amhcxo8ed1o2	ZTNkODYzZjRiMWI1NTIxZGM1ZmU1YTIyNWVkMzc4YWEzNzlhZmVlODp7Il9hdXRoX3VzZXJfaGFzaCI6IjcwN2Q5MzQ3MzI3ZjhhZTU4ZTI5ZjI1ZWQ4ZmMwMWNiMmUzY2ViZTAiLCJfYXV0aF91c2VyX2JhY2tlbmQiOiJkamFuZ28uY29udHJpYi5hdXRoLmJhY2tlbmRzLk1vZGVsQmFja2VuZCIsIl9hdXRoX3VzZXJfaWQiOiI2In0=	2016-05-02 15:48:21.790029+05:30
hhee9jhnust9j16fqw57s2gb7tooavxd	ZTNkODYzZjRiMWI1NTIxZGM1ZmU1YTIyNWVkMzc4YWEzNzlhZmVlODp7Il9hdXRoX3VzZXJfaGFzaCI6IjcwN2Q5MzQ3MzI3ZjhhZTU4ZTI5ZjI1ZWQ4ZmMwMWNiMmUzY2ViZTAiLCJfYXV0aF91c2VyX2JhY2tlbmQiOiJkamFuZ28uY29udHJpYi5hdXRoLmJhY2tlbmRzLk1vZGVsQmFja2VuZCIsIl9hdXRoX3VzZXJfaWQiOiI2In0=	2016-05-02 15:48:22.12054+05:30
jafinqz59j6xcghk0c6i5h4nkkd7wa6s	ZTNkODYzZjRiMWI1NTIxZGM1ZmU1YTIyNWVkMzc4YWEzNzlhZmVlODp7Il9hdXRoX3VzZXJfaGFzaCI6IjcwN2Q5MzQ3MzI3ZjhhZTU4ZTI5ZjI1ZWQ4ZmMwMWNiMmUzY2ViZTAiLCJfYXV0aF91c2VyX2JhY2tlbmQiOiJkamFuZ28uY29udHJpYi5hdXRoLmJhY2tlbmRzLk1vZGVsQmFja2VuZCIsIl9hdXRoX3VzZXJfaWQiOiI2In0=	2016-05-02 15:48:25.682606+05:30
8ex8p7vv6nh5nme2ewiuoi7bodotmy7l	ZTNkODYzZjRiMWI1NTIxZGM1ZmU1YTIyNWVkMzc4YWEzNzlhZmVlODp7Il9hdXRoX3VzZXJfaGFzaCI6IjcwN2Q5MzQ3MzI3ZjhhZTU4ZTI5ZjI1ZWQ4ZmMwMWNiMmUzY2ViZTAiLCJfYXV0aF91c2VyX2JhY2tlbmQiOiJkamFuZ28uY29udHJpYi5hdXRoLmJhY2tlbmRzLk1vZGVsQmFja2VuZCIsIl9hdXRoX3VzZXJfaWQiOiI2In0=	2016-05-02 15:48:27.962153+05:30
551bbf8a9lxlmb20qm56yp98wmyyv7xz	ZTNkODYzZjRiMWI1NTIxZGM1ZmU1YTIyNWVkMzc4YWEzNzlhZmVlODp7Il9hdXRoX3VzZXJfaGFzaCI6IjcwN2Q5MzQ3MzI3ZjhhZTU4ZTI5ZjI1ZWQ4ZmMwMWNiMmUzY2ViZTAiLCJfYXV0aF91c2VyX2JhY2tlbmQiOiJkamFuZ28uY29udHJpYi5hdXRoLmJhY2tlbmRzLk1vZGVsQmFja2VuZCIsIl9hdXRoX3VzZXJfaWQiOiI2In0=	2016-05-02 15:48:28.094543+05:30
tnutdbb37ibh72an3937vxuhdqfe7epn	ZTNkODYzZjRiMWI1NTIxZGM1ZmU1YTIyNWVkMzc4YWEzNzlhZmVlODp7Il9hdXRoX3VzZXJfaGFzaCI6IjcwN2Q5MzQ3MzI3ZjhhZTU4ZTI5ZjI1ZWQ4ZmMwMWNiMmUzY2ViZTAiLCJfYXV0aF91c2VyX2JhY2tlbmQiOiJkamFuZ28uY29udHJpYi5hdXRoLmJhY2tlbmRzLk1vZGVsQmFja2VuZCIsIl9hdXRoX3VzZXJfaWQiOiI2In0=	2016-05-02 15:48:30.151196+05:30
chvwlxitjyev7l95o5f9ceijalq2mz0b	ZTNkODYzZjRiMWI1NTIxZGM1ZmU1YTIyNWVkMzc4YWEzNzlhZmVlODp7Il9hdXRoX3VzZXJfaGFzaCI6IjcwN2Q5MzQ3MzI3ZjhhZTU4ZTI5ZjI1ZWQ4ZmMwMWNiMmUzY2ViZTAiLCJfYXV0aF91c2VyX2JhY2tlbmQiOiJkamFuZ28uY29udHJpYi5hdXRoLmJhY2tlbmRzLk1vZGVsQmFja2VuZCIsIl9hdXRoX3VzZXJfaWQiOiI2In0=	2016-05-02 15:48:51.910879+05:30
a4z4d7rcxifrn2k7mr710luzs4qdv6jb	ZTNkODYzZjRiMWI1NTIxZGM1ZmU1YTIyNWVkMzc4YWEzNzlhZmVlODp7Il9hdXRoX3VzZXJfaGFzaCI6IjcwN2Q5MzQ3MzI3ZjhhZTU4ZTI5ZjI1ZWQ4ZmMwMWNiMmUzY2ViZTAiLCJfYXV0aF91c2VyX2JhY2tlbmQiOiJkamFuZ28uY29udHJpYi5hdXRoLmJhY2tlbmRzLk1vZGVsQmFja2VuZCIsIl9hdXRoX3VzZXJfaWQiOiI2In0=	2016-05-02 15:49:10.002324+05:30
bn7o5qxfp4b9yn31p51k31b55ap6g0a8	ZTNkODYzZjRiMWI1NTIxZGM1ZmU1YTIyNWVkMzc4YWEzNzlhZmVlODp7Il9hdXRoX3VzZXJfaGFzaCI6IjcwN2Q5MzQ3MzI3ZjhhZTU4ZTI5ZjI1ZWQ4ZmMwMWNiMmUzY2ViZTAiLCJfYXV0aF91c2VyX2JhY2tlbmQiOiJkamFuZ28uY29udHJpYi5hdXRoLmJhY2tlbmRzLk1vZGVsQmFja2VuZCIsIl9hdXRoX3VzZXJfaWQiOiI2In0=	2016-05-02 15:49:10.24048+05:30
u7vtwwzhcssdrq5czd99u5z5rdzcqr4a	ZTNkODYzZjRiMWI1NTIxZGM1ZmU1YTIyNWVkMzc4YWEzNzlhZmVlODp7Il9hdXRoX3VzZXJfaGFzaCI6IjcwN2Q5MzQ3MzI3ZjhhZTU4ZTI5ZjI1ZWQ4ZmMwMWNiMmUzY2ViZTAiLCJfYXV0aF91c2VyX2JhY2tlbmQiOiJkamFuZ28uY29udHJpYi5hdXRoLmJhY2tlbmRzLk1vZGVsQmFja2VuZCIsIl9hdXRoX3VzZXJfaWQiOiI2In0=	2016-05-02 15:49:11.116236+05:30
rftlpcs7eqkrymt2cq63y6p2zjlgvcr7	ZTNkODYzZjRiMWI1NTIxZGM1ZmU1YTIyNWVkMzc4YWEzNzlhZmVlODp7Il9hdXRoX3VzZXJfaGFzaCI6IjcwN2Q5MzQ3MzI3ZjhhZTU4ZTI5ZjI1ZWQ4ZmMwMWNiMmUzY2ViZTAiLCJfYXV0aF91c2VyX2JhY2tlbmQiOiJkamFuZ28uY29udHJpYi5hdXRoLmJhY2tlbmRzLk1vZGVsQmFja2VuZCIsIl9hdXRoX3VzZXJfaWQiOiI2In0=	2016-05-02 15:49:14.77945+05:30
0lsb8bjdj0e0p31vkc34wz31xeir9fm8	Nzk1NDE0Yzk5NmFlNWI5Y2JjNzdhOGRmMDNkNDgzNGRlMWM3MTQ0ZTp7Il9hdXRoX3VzZXJfaGFzaCI6IjcwN2Q5MzQ3MzI3ZjhhZTU4ZTI5ZjI1ZWQ4ZmMwMWNiMmUzY2ViZTAiLCJfYXV0aF91c2VyX2JhY2tlbmQiOiJkamFuZ28uY29udHJpYi5hdXRoLmJhY2tlbmRzLk1vZGVsQmFja2VuZCIsIl9hdXRoX3VzZXJfaWQiOiIyIn0=	2016-05-03 21:49:32.813608+05:30
y19ws7eorr03ngx4q1ex26yqw4rtl0a2	ZjEzN2M3OWFmNTlkZDQ1MjRkMGQxOGYzNjFiYWIwNWFmMDRmY2IyODp7fQ==	2016-05-03 21:49:37.364762+05:30
stb2273pualid6ivjiwv56opppx8t4fh	ZjEzN2M3OWFmNTlkZDQ1MjRkMGQxOGYzNjFiYWIwNWFmMDRmY2IyODp7fQ==	2016-05-03 21:49:42.478165+05:30
yiuvtlzanjotkogiisx53m4i3d1pac9i	Nzk1NDE0Yzk5NmFlNWI5Y2JjNzdhOGRmMDNkNDgzNGRlMWM3MTQ0ZTp7Il9hdXRoX3VzZXJfaGFzaCI6IjcwN2Q5MzQ3MzI3ZjhhZTU4ZTI5ZjI1ZWQ4ZmMwMWNiMmUzY2ViZTAiLCJfYXV0aF91c2VyX2JhY2tlbmQiOiJkamFuZ28uY29udHJpYi5hdXRoLmJhY2tlbmRzLk1vZGVsQmFja2VuZCIsIl9hdXRoX3VzZXJfaWQiOiIyIn0=	2016-05-03 21:50:18.571552+05:30
vsssc377r8lmk1qzk2vnd7gz4c6mxd6s	Nzk1NDE0Yzk5NmFlNWI5Y2JjNzdhOGRmMDNkNDgzNGRlMWM3MTQ0ZTp7Il9hdXRoX3VzZXJfaGFzaCI6IjcwN2Q5MzQ3MzI3ZjhhZTU4ZTI5ZjI1ZWQ4ZmMwMWNiMmUzY2ViZTAiLCJfYXV0aF91c2VyX2JhY2tlbmQiOiJkamFuZ28uY29udHJpYi5hdXRoLmJhY2tlbmRzLk1vZGVsQmFja2VuZCIsIl9hdXRoX3VzZXJfaWQiOiIyIn0=	2016-05-03 21:52:57.719142+05:30
wr6xke63zyo7uc8jf8ewuzstsdz0awie	ZTNkODYzZjRiMWI1NTIxZGM1ZmU1YTIyNWVkMzc4YWEzNzlhZmVlODp7Il9hdXRoX3VzZXJfaGFzaCI6IjcwN2Q5MzQ3MzI3ZjhhZTU4ZTI5ZjI1ZWQ4ZmMwMWNiMmUzY2ViZTAiLCJfYXV0aF91c2VyX2JhY2tlbmQiOiJkamFuZ28uY29udHJpYi5hdXRoLmJhY2tlbmRzLk1vZGVsQmFja2VuZCIsIl9hdXRoX3VzZXJfaWQiOiI2In0=	2016-05-03 21:53:40.493216+05:30
hwtpgvo5kmnji57wyhekc4yuetkjbiqv	NzZlZjQxODc5NTQzZDkzMmEzZDM5YTg4NWZmNzZiZDdkNWQ5MTM0Nzp7Il9hdXRoX3VzZXJfaGFzaCI6IjcwN2Q5MzQ3MzI3ZjhhZTU4ZTI5ZjI1ZWQ4ZmMwMWNiMmUzY2ViZTAiLCJfYXV0aF91c2VyX2JhY2tlbmQiOiJkamFuZ28uY29udHJpYi5hdXRoLmJhY2tlbmRzLk1vZGVsQmFja2VuZCIsIl9hdXRoX3VzZXJfaWQiOiI5In0=	2016-05-03 21:53:46.863785+05:30
91g0kp3xopqse5iwqxq3q0zfcb9vh45h	ZTNkODYzZjRiMWI1NTIxZGM1ZmU1YTIyNWVkMzc4YWEzNzlhZmVlODp7Il9hdXRoX3VzZXJfaGFzaCI6IjcwN2Q5MzQ3MzI3ZjhhZTU4ZTI5ZjI1ZWQ4ZmMwMWNiMmUzY2ViZTAiLCJfYXV0aF91c2VyX2JhY2tlbmQiOiJkamFuZ28uY29udHJpYi5hdXRoLmJhY2tlbmRzLk1vZGVsQmFja2VuZCIsIl9hdXRoX3VzZXJfaWQiOiI2In0=	2016-05-04 04:40:13.344978+05:30
mvlcnphypjmij3rmf53xrdget421sa7v	ZTNkODYzZjRiMWI1NTIxZGM1ZmU1YTIyNWVkMzc4YWEzNzlhZmVlODp7Il9hdXRoX3VzZXJfaGFzaCI6IjcwN2Q5MzQ3MzI3ZjhhZTU4ZTI5ZjI1ZWQ4ZmMwMWNiMmUzY2ViZTAiLCJfYXV0aF91c2VyX2JhY2tlbmQiOiJkamFuZ28uY29udHJpYi5hdXRoLmJhY2tlbmRzLk1vZGVsQmFja2VuZCIsIl9hdXRoX3VzZXJfaWQiOiI2In0=	2016-05-04 04:41:03.23887+05:30
v9w1ya27rcs7uclgk9x9is2z808fbfrj	ZTNkODYzZjRiMWI1NTIxZGM1ZmU1YTIyNWVkMzc4YWEzNzlhZmVlODp7Il9hdXRoX3VzZXJfaGFzaCI6IjcwN2Q5MzQ3MzI3ZjhhZTU4ZTI5ZjI1ZWQ4ZmMwMWNiMmUzY2ViZTAiLCJfYXV0aF91c2VyX2JhY2tlbmQiOiJkamFuZ28uY29udHJpYi5hdXRoLmJhY2tlbmRzLk1vZGVsQmFja2VuZCIsIl9hdXRoX3VzZXJfaWQiOiI2In0=	2016-05-04 04:41:03.317719+05:30
scom1ymuxf3z5b60bt5aifmezfhyqg43	ZTNkODYzZjRiMWI1NTIxZGM1ZmU1YTIyNWVkMzc4YWEzNzlhZmVlODp7Il9hdXRoX3VzZXJfaGFzaCI6IjcwN2Q5MzQ3MzI3ZjhhZTU4ZTI5ZjI1ZWQ4ZmMwMWNiMmUzY2ViZTAiLCJfYXV0aF91c2VyX2JhY2tlbmQiOiJkamFuZ28uY29udHJpYi5hdXRoLmJhY2tlbmRzLk1vZGVsQmFja2VuZCIsIl9hdXRoX3VzZXJfaWQiOiI2In0=	2016-05-04 04:41:03.490129+05:30
uaza45bvsrjlsud82dl9f03rpy5ur79r	ZTNkODYzZjRiMWI1NTIxZGM1ZmU1YTIyNWVkMzc4YWEzNzlhZmVlODp7Il9hdXRoX3VzZXJfaGFzaCI6IjcwN2Q5MzQ3MzI3ZjhhZTU4ZTI5ZjI1ZWQ4ZmMwMWNiMmUzY2ViZTAiLCJfYXV0aF91c2VyX2JhY2tlbmQiOiJkamFuZ28uY29udHJpYi5hdXRoLmJhY2tlbmRzLk1vZGVsQmFja2VuZCIsIl9hdXRoX3VzZXJfaWQiOiI2In0=	2016-05-04 04:41:04.128051+05:30
q6vl3mzyr3w382yrdkmq2ed350j4m9pb	ZTNkODYzZjRiMWI1NTIxZGM1ZmU1YTIyNWVkMzc4YWEzNzlhZmVlODp7Il9hdXRoX3VzZXJfaGFzaCI6IjcwN2Q5MzQ3MzI3ZjhhZTU4ZTI5ZjI1ZWQ4ZmMwMWNiMmUzY2ViZTAiLCJfYXV0aF91c2VyX2JhY2tlbmQiOiJkamFuZ28uY29udHJpYi5hdXRoLmJhY2tlbmRzLk1vZGVsQmFja2VuZCIsIl9hdXRoX3VzZXJfaWQiOiI2In0=	2016-05-04 04:41:04.208754+05:30
g8anpg6mq6a7um7v6d6g0prwa2jk1hl2	ZTNkODYzZjRiMWI1NTIxZGM1ZmU1YTIyNWVkMzc4YWEzNzlhZmVlODp7Il9hdXRoX3VzZXJfaGFzaCI6IjcwN2Q5MzQ3MzI3ZjhhZTU4ZTI5ZjI1ZWQ4ZmMwMWNiMmUzY2ViZTAiLCJfYXV0aF91c2VyX2JhY2tlbmQiOiJkamFuZ28uY29udHJpYi5hdXRoLmJhY2tlbmRzLk1vZGVsQmFja2VuZCIsIl9hdXRoX3VzZXJfaWQiOiI2In0=	2016-05-04 04:41:06.388594+05:30
hdlopxueek6nl740uq7hqf8ez4k3a1az	ZTNkODYzZjRiMWI1NTIxZGM1ZmU1YTIyNWVkMzc4YWEzNzlhZmVlODp7Il9hdXRoX3VzZXJfaGFzaCI6IjcwN2Q5MzQ3MzI3ZjhhZTU4ZTI5ZjI1ZWQ4ZmMwMWNiMmUzY2ViZTAiLCJfYXV0aF91c2VyX2JhY2tlbmQiOiJkamFuZ28uY29udHJpYi5hdXRoLmJhY2tlbmRzLk1vZGVsQmFja2VuZCIsIl9hdXRoX3VzZXJfaWQiOiI2In0=	2016-05-04 04:41:07.483161+05:30
v7yo0oqxoenp81csaadxtwhlb8fvshzp	ZTNkODYzZjRiMWI1NTIxZGM1ZmU1YTIyNWVkMzc4YWEzNzlhZmVlODp7Il9hdXRoX3VzZXJfaGFzaCI6IjcwN2Q5MzQ3MzI3ZjhhZTU4ZTI5ZjI1ZWQ4ZmMwMWNiMmUzY2ViZTAiLCJfYXV0aF91c2VyX2JhY2tlbmQiOiJkamFuZ28uY29udHJpYi5hdXRoLmJhY2tlbmRzLk1vZGVsQmFja2VuZCIsIl9hdXRoX3VzZXJfaWQiOiI2In0=	2016-05-04 04:41:07.561393+05:30
h919m9lez8xlbrozsr7x5qkeh2hhtd18	ZTNkODYzZjRiMWI1NTIxZGM1ZmU1YTIyNWVkMzc4YWEzNzlhZmVlODp7Il9hdXRoX3VzZXJfaGFzaCI6IjcwN2Q5MzQ3MzI3ZjhhZTU4ZTI5ZjI1ZWQ4ZmMwMWNiMmUzY2ViZTAiLCJfYXV0aF91c2VyX2JhY2tlbmQiOiJkamFuZ28uY29udHJpYi5hdXRoLmJhY2tlbmRzLk1vZGVsQmFja2VuZCIsIl9hdXRoX3VzZXJfaWQiOiI2In0=	2016-05-04 04:41:08.380665+05:30
jneplxup53nltu7v2a2goxzrbszwvlie	ZTNkODYzZjRiMWI1NTIxZGM1ZmU1YTIyNWVkMzc4YWEzNzlhZmVlODp7Il9hdXRoX3VzZXJfaGFzaCI6IjcwN2Q5MzQ3MzI3ZjhhZTU4ZTI5ZjI1ZWQ4ZmMwMWNiMmUzY2ViZTAiLCJfYXV0aF91c2VyX2JhY2tlbmQiOiJkamFuZ28uY29udHJpYi5hdXRoLmJhY2tlbmRzLk1vZGVsQmFja2VuZCIsIl9hdXRoX3VzZXJfaWQiOiI2In0=	2016-05-04 04:41:19.516431+05:30
21yma9hagyic15edqjloa6s8pagl0fdh	ZTNkODYzZjRiMWI1NTIxZGM1ZmU1YTIyNWVkMzc4YWEzNzlhZmVlODp7Il9hdXRoX3VzZXJfaGFzaCI6IjcwN2Q5MzQ3MzI3ZjhhZTU4ZTI5ZjI1ZWQ4ZmMwMWNiMmUzY2ViZTAiLCJfYXV0aF91c2VyX2JhY2tlbmQiOiJkamFuZ28uY29udHJpYi5hdXRoLmJhY2tlbmRzLk1vZGVsQmFja2VuZCIsIl9hdXRoX3VzZXJfaWQiOiI2In0=	2016-05-04 04:41:31.831998+05:30
ve94o24okvpx8xqrz2kpbeu0yobxcgf1	ZTNkODYzZjRiMWI1NTIxZGM1ZmU1YTIyNWVkMzc4YWEzNzlhZmVlODp7Il9hdXRoX3VzZXJfaGFzaCI6IjcwN2Q5MzQ3MzI3ZjhhZTU4ZTI5ZjI1ZWQ4ZmMwMWNiMmUzY2ViZTAiLCJfYXV0aF91c2VyX2JhY2tlbmQiOiJkamFuZ28uY29udHJpYi5hdXRoLmJhY2tlbmRzLk1vZGVsQmFja2VuZCIsIl9hdXRoX3VzZXJfaWQiOiI2In0=	2016-05-04 04:41:31.94142+05:30
d5hhhwfsiag0f8s43ingj2di29v5b8e3	ZTNkODYzZjRiMWI1NTIxZGM1ZmU1YTIyNWVkMzc4YWEzNzlhZmVlODp7Il9hdXRoX3VzZXJfaGFzaCI6IjcwN2Q5MzQ3MzI3ZjhhZTU4ZTI5ZjI1ZWQ4ZmMwMWNiMmUzY2ViZTAiLCJfYXV0aF91c2VyX2JhY2tlbmQiOiJkamFuZ28uY29udHJpYi5hdXRoLmJhY2tlbmRzLk1vZGVsQmFja2VuZCIsIl9hdXRoX3VzZXJfaWQiOiI2In0=	2016-05-04 04:41:32.477305+05:30
he3exn52wq7wqdcfishxcjhh5ekkp9hd	ZTNkODYzZjRiMWI1NTIxZGM1ZmU1YTIyNWVkMzc4YWEzNzlhZmVlODp7Il9hdXRoX3VzZXJfaGFzaCI6IjcwN2Q5MzQ3MzI3ZjhhZTU4ZTI5ZjI1ZWQ4ZmMwMWNiMmUzY2ViZTAiLCJfYXV0aF91c2VyX2JhY2tlbmQiOiJkamFuZ28uY29udHJpYi5hdXRoLmJhY2tlbmRzLk1vZGVsQmFja2VuZCIsIl9hdXRoX3VzZXJfaWQiOiI2In0=	2016-05-04 04:41:35.099051+05:30
okrun15svxb1her6kda57vllkog5w170	ZTNkODYzZjRiMWI1NTIxZGM1ZmU1YTIyNWVkMzc4YWEzNzlhZmVlODp7Il9hdXRoX3VzZXJfaGFzaCI6IjcwN2Q5MzQ3MzI3ZjhhZTU4ZTI5ZjI1ZWQ4ZmMwMWNiMmUzY2ViZTAiLCJfYXV0aF91c2VyX2JhY2tlbmQiOiJkamFuZ28uY29udHJpYi5hdXRoLmJhY2tlbmRzLk1vZGVsQmFja2VuZCIsIl9hdXRoX3VzZXJfaWQiOiI2In0=	2016-05-04 19:36:43.522731+05:30
jocpsqu8r70ozs5glvorcqfjxsztvevc	ZTNkODYzZjRiMWI1NTIxZGM1ZmU1YTIyNWVkMzc4YWEzNzlhZmVlODp7Il9hdXRoX3VzZXJfaGFzaCI6IjcwN2Q5MzQ3MzI3ZjhhZTU4ZTI5ZjI1ZWQ4ZmMwMWNiMmUzY2ViZTAiLCJfYXV0aF91c2VyX2JhY2tlbmQiOiJkamFuZ28uY29udHJpYi5hdXRoLmJhY2tlbmRzLk1vZGVsQmFja2VuZCIsIl9hdXRoX3VzZXJfaWQiOiI2In0=	2016-05-04 19:37:33.768398+05:30
wi0cbqtuvdl00sji9b5g0awd9ig5p0dt	ZTNkODYzZjRiMWI1NTIxZGM1ZmU1YTIyNWVkMzc4YWEzNzlhZmVlODp7Il9hdXRoX3VzZXJfaGFzaCI6IjcwN2Q5MzQ3MzI3ZjhhZTU4ZTI5ZjI1ZWQ4ZmMwMWNiMmUzY2ViZTAiLCJfYXV0aF91c2VyX2JhY2tlbmQiOiJkamFuZ28uY29udHJpYi5hdXRoLmJhY2tlbmRzLk1vZGVsQmFja2VuZCIsIl9hdXRoX3VzZXJfaWQiOiI2In0=	2016-05-04 19:37:33.850148+05:30
e78d7otl8r8bfpk7o3orsr5ntz4zdgib	ZTNkODYzZjRiMWI1NTIxZGM1ZmU1YTIyNWVkMzc4YWEzNzlhZmVlODp7Il9hdXRoX3VzZXJfaGFzaCI6IjcwN2Q5MzQ3MzI3ZjhhZTU4ZTI5ZjI1ZWQ4ZmMwMWNiMmUzY2ViZTAiLCJfYXV0aF91c2VyX2JhY2tlbmQiOiJkamFuZ28uY29udHJpYi5hdXRoLmJhY2tlbmRzLk1vZGVsQmFja2VuZCIsIl9hdXRoX3VzZXJfaWQiOiI2In0=	2016-05-04 19:37:34.038447+05:30
u983vsr68u10gxrc5x3y81ipax4txzea	ZTNkODYzZjRiMWI1NTIxZGM1ZmU1YTIyNWVkMzc4YWEzNzlhZmVlODp7Il9hdXRoX3VzZXJfaGFzaCI6IjcwN2Q5MzQ3MzI3ZjhhZTU4ZTI5ZjI1ZWQ4ZmMwMWNiMmUzY2ViZTAiLCJfYXV0aF91c2VyX2JhY2tlbmQiOiJkamFuZ28uY29udHJpYi5hdXRoLmJhY2tlbmRzLk1vZGVsQmFja2VuZCIsIl9hdXRoX3VzZXJfaWQiOiI2In0=	2016-05-04 19:37:34.648016+05:30
912dsrajfvd3z9ln2vzpd4wfp7yg4vjl	ZTNkODYzZjRiMWI1NTIxZGM1ZmU1YTIyNWVkMzc4YWEzNzlhZmVlODp7Il9hdXRoX3VzZXJfaGFzaCI6IjcwN2Q5MzQ3MzI3ZjhhZTU4ZTI5ZjI1ZWQ4ZmMwMWNiMmUzY2ViZTAiLCJfYXV0aF91c2VyX2JhY2tlbmQiOiJkamFuZ28uY29udHJpYi5hdXRoLmJhY2tlbmRzLk1vZGVsQmFja2VuZCIsIl9hdXRoX3VzZXJfaWQiOiI2In0=	2016-05-04 19:37:34.739122+05:30
xhxumypv4j8c330q27wa3cfv17owfhjf	ZTNkODYzZjRiMWI1NTIxZGM1ZmU1YTIyNWVkMzc4YWEzNzlhZmVlODp7Il9hdXRoX3VzZXJfaGFzaCI6IjcwN2Q5MzQ3MzI3ZjhhZTU4ZTI5ZjI1ZWQ4ZmMwMWNiMmUzY2ViZTAiLCJfYXV0aF91c2VyX2JhY2tlbmQiOiJkamFuZ28uY29udHJpYi5hdXRoLmJhY2tlbmRzLk1vZGVsQmFja2VuZCIsIl9hdXRoX3VzZXJfaWQiOiI2In0=	2016-05-04 19:37:36.505444+05:30
ne3g4ugkmxi6fpilhwiixj4ax47fp8gg	ZTNkODYzZjRiMWI1NTIxZGM1ZmU1YTIyNWVkMzc4YWEzNzlhZmVlODp7Il9hdXRoX3VzZXJfaGFzaCI6IjcwN2Q5MzQ3MzI3ZjhhZTU4ZTI5ZjI1ZWQ4ZmMwMWNiMmUzY2ViZTAiLCJfYXV0aF91c2VyX2JhY2tlbmQiOiJkamFuZ28uY29udHJpYi5hdXRoLmJhY2tlbmRzLk1vZGVsQmFja2VuZCIsIl9hdXRoX3VzZXJfaWQiOiI2In0=	2016-05-04 19:37:38.417375+05:30
31r4u2qy4i1453v4amfugepn1gist5j0	ZTNkODYzZjRiMWI1NTIxZGM1ZmU1YTIyNWVkMzc4YWEzNzlhZmVlODp7Il9hdXRoX3VzZXJfaGFzaCI6IjcwN2Q5MzQ3MzI3ZjhhZTU4ZTI5ZjI1ZWQ4ZmMwMWNiMmUzY2ViZTAiLCJfYXV0aF91c2VyX2JhY2tlbmQiOiJkamFuZ28uY29udHJpYi5hdXRoLmJhY2tlbmRzLk1vZGVsQmFja2VuZCIsIl9hdXRoX3VzZXJfaWQiOiI2In0=	2016-05-04 19:37:38.494753+05:30
l99mrtz1yyzocazzly2qis63x1qzy0do	ZTNkODYzZjRiMWI1NTIxZGM1ZmU1YTIyNWVkMzc4YWEzNzlhZmVlODp7Il9hdXRoX3VzZXJfaGFzaCI6IjcwN2Q5MzQ3MzI3ZjhhZTU4ZTI5ZjI1ZWQ4ZmMwMWNiMmUzY2ViZTAiLCJfYXV0aF91c2VyX2JhY2tlbmQiOiJkamFuZ28uY29udHJpYi5hdXRoLmJhY2tlbmRzLk1vZGVsQmFja2VuZCIsIl9hdXRoX3VzZXJfaWQiOiI2In0=	2016-05-04 19:37:39.525163+05:30
lu60eix07yh9gptzyucvmg6lec8cky8e	ZTNkODYzZjRiMWI1NTIxZGM1ZmU1YTIyNWVkMzc4YWEzNzlhZmVlODp7Il9hdXRoX3VzZXJfaGFzaCI6IjcwN2Q5MzQ3MzI3ZjhhZTU4ZTI5ZjI1ZWQ4ZmMwMWNiMmUzY2ViZTAiLCJfYXV0aF91c2VyX2JhY2tlbmQiOiJkamFuZ28uY29udHJpYi5hdXRoLmJhY2tlbmRzLk1vZGVsQmFja2VuZCIsIl9hdXRoX3VzZXJfaWQiOiI2In0=	2016-05-04 19:37:50.760421+05:30
l6is7krxahw6hluhcflut7np0z03jd1p	ZTNkODYzZjRiMWI1NTIxZGM1ZmU1YTIyNWVkMzc4YWEzNzlhZmVlODp7Il9hdXRoX3VzZXJfaGFzaCI6IjcwN2Q5MzQ3MzI3ZjhhZTU4ZTI5ZjI1ZWQ4ZmMwMWNiMmUzY2ViZTAiLCJfYXV0aF91c2VyX2JhY2tlbmQiOiJkamFuZ28uY29udHJpYi5hdXRoLmJhY2tlbmRzLk1vZGVsQmFja2VuZCIsIl9hdXRoX3VzZXJfaWQiOiI2In0=	2016-05-04 19:38:03.41322+05:30
8433c3fq75qp5d2es9syc863w7w37vxu	ZTNkODYzZjRiMWI1NTIxZGM1ZmU1YTIyNWVkMzc4YWEzNzlhZmVlODp7Il9hdXRoX3VzZXJfaGFzaCI6IjcwN2Q5MzQ3MzI3ZjhhZTU4ZTI5ZjI1ZWQ4ZmMwMWNiMmUzY2ViZTAiLCJfYXV0aF91c2VyX2JhY2tlbmQiOiJkamFuZ28uY29udHJpYi5hdXRoLmJhY2tlbmRzLk1vZGVsQmFja2VuZCIsIl9hdXRoX3VzZXJfaWQiOiI2In0=	2016-05-04 19:38:03.526244+05:30
vswnw2hxzpw2dufokant7z3w8o881ww9	ZTNkODYzZjRiMWI1NTIxZGM1ZmU1YTIyNWVkMzc4YWEzNzlhZmVlODp7Il9hdXRoX3VzZXJfaGFzaCI6IjcwN2Q5MzQ3MzI3ZjhhZTU4ZTI5ZjI1ZWQ4ZmMwMWNiMmUzY2ViZTAiLCJfYXV0aF91c2VyX2JhY2tlbmQiOiJkamFuZ28uY29udHJpYi5hdXRoLmJhY2tlbmRzLk1vZGVsQmFja2VuZCIsIl9hdXRoX3VzZXJfaWQiOiI2In0=	2016-05-04 19:38:04.077535+05:30
2xwrwk01u59y2ggnif831x29qp11bcgc	ZTNkODYzZjRiMWI1NTIxZGM1ZmU1YTIyNWVkMzc4YWEzNzlhZmVlODp7Il9hdXRoX3VzZXJfaGFzaCI6IjcwN2Q5MzQ3MzI3ZjhhZTU4ZTI5ZjI1ZWQ4ZmMwMWNiMmUzY2ViZTAiLCJfYXV0aF91c2VyX2JhY2tlbmQiOiJkamFuZ28uY29udHJpYi5hdXRoLmJhY2tlbmRzLk1vZGVsQmFja2VuZCIsIl9hdXRoX3VzZXJfaWQiOiI2In0=	2016-05-04 19:38:06.464492+05:30
fk3fuj87hid5p492j1r2tmifwp2b4umv	ZTNkODYzZjRiMWI1NTIxZGM1ZmU1YTIyNWVkMzc4YWEzNzlhZmVlODp7Il9hdXRoX3VzZXJfaGFzaCI6IjcwN2Q5MzQ3MzI3ZjhhZTU4ZTI5ZjI1ZWQ4ZmMwMWNiMmUzY2ViZTAiLCJfYXV0aF91c2VyX2JhY2tlbmQiOiJkamFuZ28uY29udHJpYi5hdXRoLmJhY2tlbmRzLk1vZGVsQmFja2VuZCIsIl9hdXRoX3VzZXJfaWQiOiI2In0=	2016-05-07 19:12:34.135105+05:30
di1d6tbfk3am2ysetsalu3ln9qz290x9	ZTNkODYzZjRiMWI1NTIxZGM1ZmU1YTIyNWVkMzc4YWEzNzlhZmVlODp7Il9hdXRoX3VzZXJfaGFzaCI6IjcwN2Q5MzQ3MzI3ZjhhZTU4ZTI5ZjI1ZWQ4ZmMwMWNiMmUzY2ViZTAiLCJfYXV0aF91c2VyX2JhY2tlbmQiOiJkamFuZ28uY29udHJpYi5hdXRoLmJhY2tlbmRzLk1vZGVsQmFja2VuZCIsIl9hdXRoX3VzZXJfaWQiOiI2In0=	2016-05-08 01:24:30.25986+05:30
bubwya8v8rtvbjpyqvs5ltjlne9clkz7	NzZlZjQxODc5NTQzZDkzMmEzZDM5YTg4NWZmNzZiZDdkNWQ5MTM0Nzp7Il9hdXRoX3VzZXJfaGFzaCI6IjcwN2Q5MzQ3MzI3ZjhhZTU4ZTI5ZjI1ZWQ4ZmMwMWNiMmUzY2ViZTAiLCJfYXV0aF91c2VyX2JhY2tlbmQiOiJkamFuZ28uY29udHJpYi5hdXRoLmJhY2tlbmRzLk1vZGVsQmFja2VuZCIsIl9hdXRoX3VzZXJfaWQiOiI5In0=	2016-05-08 01:24:36.913527+05:30
w8idyq2ghywoo35nx70r0uryy6nbwcqa	Nzk1NDE0Yzk5NmFlNWI5Y2JjNzdhOGRmMDNkNDgzNGRlMWM3MTQ0ZTp7Il9hdXRoX3VzZXJfaGFzaCI6IjcwN2Q5MzQ3MzI3ZjhhZTU4ZTI5ZjI1ZWQ4ZmMwMWNiMmUzY2ViZTAiLCJfYXV0aF91c2VyX2JhY2tlbmQiOiJkamFuZ28uY29udHJpYi5hdXRoLmJhY2tlbmRzLk1vZGVsQmFja2VuZCIsIl9hdXRoX3VzZXJfaWQiOiIyIn0=	2016-05-08 01:30:19.994338+05:30
wgzugp5tluswt34mnn8efjgp2qa8r6ru	ZjEzN2M3OWFmNTlkZDQ1MjRkMGQxOGYzNjFiYWIwNWFmMDRmY2IyODp7fQ==	2016-05-08 01:30:24.038513+05:30
7hizv5argmkx06j2zd21vh0i0u3u2rrf	ZjEzN2M3OWFmNTlkZDQ1MjRkMGQxOGYzNjFiYWIwNWFmMDRmY2IyODp7fQ==	2016-05-08 01:30:29.286008+05:30
sevu0lpcpamk8zfn79qn35uw5pggbxmw	ZTNkODYzZjRiMWI1NTIxZGM1ZmU1YTIyNWVkMzc4YWEzNzlhZmVlODp7Il9hdXRoX3VzZXJfaGFzaCI6IjcwN2Q5MzQ3MzI3ZjhhZTU4ZTI5ZjI1ZWQ4ZmMwMWNiMmUzY2ViZTAiLCJfYXV0aF91c2VyX2JhY2tlbmQiOiJkamFuZ28uY29udHJpYi5hdXRoLmJhY2tlbmRzLk1vZGVsQmFja2VuZCIsIl9hdXRoX3VzZXJfaWQiOiI2In0=	2016-05-09 03:40:49.991961+05:30
d91jumxnxrxbld29a1ri8r3c6tpmkjt6	NzZlZjQxODc5NTQzZDkzMmEzZDM5YTg4NWZmNzZiZDdkNWQ5MTM0Nzp7Il9hdXRoX3VzZXJfaGFzaCI6IjcwN2Q5MzQ3MzI3ZjhhZTU4ZTI5ZjI1ZWQ4ZmMwMWNiMmUzY2ViZTAiLCJfYXV0aF91c2VyX2JhY2tlbmQiOiJkamFuZ28uY29udHJpYi5hdXRoLmJhY2tlbmRzLk1vZGVsQmFja2VuZCIsIl9hdXRoX3VzZXJfaWQiOiI5In0=	2016-05-09 03:40:56.760261+05:30
num6p711kudxa3l5p7umqv27awmx54ze	Nzk1NDE0Yzk5NmFlNWI5Y2JjNzdhOGRmMDNkNDgzNGRlMWM3MTQ0ZTp7Il9hdXRoX3VzZXJfaGFzaCI6IjcwN2Q5MzQ3MzI3ZjhhZTU4ZTI5ZjI1ZWQ4ZmMwMWNiMmUzY2ViZTAiLCJfYXV0aF91c2VyX2JhY2tlbmQiOiJkamFuZ28uY29udHJpYi5hdXRoLmJhY2tlbmRzLk1vZGVsQmFja2VuZCIsIl9hdXRoX3VzZXJfaWQiOiIyIn0=	2016-05-09 03:42:22.543342+05:30
\.


--
-- Data for Name: django_site; Type: TABLE DATA; Schema: public; Owner: postgres
--

COPY django_site (id, domain, name) FROM stdin;
1	192.168.1.101	192.168.1.101
\.


--
-- Name: django_site_id_seq; Type: SEQUENCE SET; Schema: public; Owner: postgres
--

SELECT pg_catalog.setval('django_site_id_seq', 1, true);


--
-- Data for Name: tastypie_apiaccess; Type: TABLE DATA; Schema: public; Owner: postgres
--

COPY tastypie_apiaccess (id, identifier, url, request_method, accessed) FROM stdin;
\.


--
-- Name: tastypie_apiaccess_id_seq; Type: SEQUENCE SET; Schema: public; Owner: postgres
--

SELECT pg_catalog.setval('tastypie_apiaccess_id_seq', 1, false);


--
-- Data for Name: tastypie_apikey; Type: TABLE DATA; Schema: public; Owner: postgres
--

COPY tastypie_apikey (id, key, created, user_id) FROM stdin;
1	a0346104021ed1391d88df43efd26b3d366e53f9	2016-03-31 14:31:22.348301+05:30	2
2	7e3fa79576ac81b1e57cea6bd886fe05d32ed4b0	2016-03-31 14:36:14.729524+05:30	3
3	42e489a760431470fc63dd90e5de8c7819925899	2016-03-31 14:38:22.226656+05:30	4
4	7a6d3f05769e56ba4d3239951db94e5b8d368a1d	2016-03-31 14:42:56.240278+05:30	5
5	752f1d58b00cc4566fe539bfff83ce3115f20fff	2016-03-31 14:45:36.092858+05:30	6
6	3f67bf746980f2bd08b924559601433a4a8f59af	2016-03-31 14:49:44.728898+05:30	7
7	dd4d5a5d899e13c9fd8549207c5b4a3a415cd0f0	2016-03-31 14:53:16.591293+05:30	8
8	ef8c4d540e870c07b3ab633918f57e158218c7db	2016-03-31 14:54:23.439044+05:30	9
\.


--
-- Name: tastypie_apikey_id_seq; Type: SEQUENCE SET; Schema: public; Owner: postgres
--

SELECT pg_catalog.setval('tastypie_apikey_id_seq', 8, true);


--
-- Name: auth_group_name_key; Type: CONSTRAINT; Schema: public; Owner: postgres; Tablespace: 
--

ALTER TABLE ONLY auth_group
    ADD CONSTRAINT auth_group_name_key UNIQUE (name);


--
-- Name: auth_group_permissions_group_id_permission_id_key; Type: CONSTRAINT; Schema: public; Owner: postgres; Tablespace: 
--

ALTER TABLE ONLY auth_group_permissions
    ADD CONSTRAINT auth_group_permissions_group_id_permission_id_key UNIQUE (group_id, permission_id);


--
-- Name: auth_group_permissions_pkey; Type: CONSTRAINT; Schema: public; Owner: postgres; Tablespace: 
--

ALTER TABLE ONLY auth_group_permissions
    ADD CONSTRAINT auth_group_permissions_pkey PRIMARY KEY (id);


--
-- Name: auth_group_pkey; Type: CONSTRAINT; Schema: public; Owner: postgres; Tablespace: 
--

ALTER TABLE ONLY auth_group
    ADD CONSTRAINT auth_group_pkey PRIMARY KEY (id);


--
-- Name: auth_permission_content_type_id_codename_key; Type: CONSTRAINT; Schema: public; Owner: postgres; Tablespace: 
--

ALTER TABLE ONLY auth_permission
    ADD CONSTRAINT auth_permission_content_type_id_codename_key UNIQUE (content_type_id, codename);


--
-- Name: auth_permission_pkey; Type: CONSTRAINT; Schema: public; Owner: postgres; Tablespace: 
--

ALTER TABLE ONLY auth_permission
    ADD CONSTRAINT auth_permission_pkey PRIMARY KEY (id);


--
-- Name: ctf_appointment_pkey; Type: CONSTRAINT; Schema: public; Owner: postgres; Tablespace: 
--

ALTER TABLE ONLY ctf_appointment
    ADD CONSTRAINT ctf_appointment_pkey PRIMARY KEY (id);


--
-- Name: ctf_consultantappointment_pkey; Type: CONSTRAINT; Schema: public; Owner: postgres; Tablespace: 
--

ALTER TABLE ONLY ctf_consultantappointment
    ADD CONSTRAINT ctf_consultantappointment_pkey PRIMARY KEY (appointment_ptr_id);


--
-- Name: ctf_doctor_pkey; Type: CONSTRAINT; Schema: public; Owner: postgres; Tablespace: 
--

ALTER TABLE ONLY ctf_doctor
    ADD CONSTRAINT ctf_doctor_pkey PRIMARY KEY (id);


--
-- Name: ctf_doctor_user_id_key; Type: CONSTRAINT; Schema: public; Owner: postgres; Tablespace: 
--

ALTER TABLE ONLY ctf_doctor
    ADD CONSTRAINT ctf_doctor_user_id_key UNIQUE (user_id);


--
-- Name: ctf_healthplan_doctor_healthplan_id_doctor_id_key; Type: CONSTRAINT; Schema: public; Owner: postgres; Tablespace: 
--

ALTER TABLE ONLY ctf_healthplan_doctor
    ADD CONSTRAINT ctf_healthplan_doctor_healthplan_id_doctor_id_key UNIQUE (healthplan_id, doctor_id);


--
-- Name: ctf_healthplan_doctor_pkey; Type: CONSTRAINT; Schema: public; Owner: postgres; Tablespace: 
--

ALTER TABLE ONLY ctf_healthplan_doctor
    ADD CONSTRAINT ctf_healthplan_doctor_pkey PRIMARY KEY (id);


--
-- Name: ctf_healthplan_pkey; Type: CONSTRAINT; Schema: public; Owner: postgres; Tablespace: 
--

ALTER TABLE ONLY ctf_healthplan
    ADD CONSTRAINT ctf_healthplan_pkey PRIMARY KEY (id);


--
-- Name: ctf_healthplan_tests_healthplan_id_test_id_key; Type: CONSTRAINT; Schema: public; Owner: postgres; Tablespace: 
--

ALTER TABLE ONLY ctf_healthplan_tests
    ADD CONSTRAINT ctf_healthplan_tests_healthplan_id_test_id_key UNIQUE (healthplan_id, test_id);


--
-- Name: ctf_healthplan_tests_pkey; Type: CONSTRAINT; Schema: public; Owner: postgres; Tablespace: 
--

ALTER TABLE ONLY ctf_healthplan_tests
    ADD CONSTRAINT ctf_healthplan_tests_pkey PRIMARY KEY (id);


--
-- Name: ctf_healthplanappointment_pkey; Type: CONSTRAINT; Schema: public; Owner: postgres; Tablespace: 
--

ALTER TABLE ONLY ctf_healthplanappointment
    ADD CONSTRAINT ctf_healthplanappointment_pkey PRIMARY KEY (appointment_ptr_id);


--
-- Name: ctf_healthrecord_pkey; Type: CONSTRAINT; Schema: public; Owner: postgres; Tablespace: 
--

ALTER TABLE ONLY ctf_healthrecord
    ADD CONSTRAINT ctf_healthrecord_pkey PRIMARY KEY (id);


--
-- Name: ctf_labtechnician_doctor_labtechnician_id_doctor_id_key; Type: CONSTRAINT; Schema: public; Owner: postgres; Tablespace: 
--

ALTER TABLE ONLY ctf_labtechnician_doctor
    ADD CONSTRAINT ctf_labtechnician_doctor_labtechnician_id_doctor_id_key UNIQUE (labtechnician_id, doctor_id);


--
-- Name: ctf_labtechnician_doctor_pkey; Type: CONSTRAINT; Schema: public; Owner: postgres; Tablespace: 
--

ALTER TABLE ONLY ctf_labtechnician_doctor
    ADD CONSTRAINT ctf_labtechnician_doctor_pkey PRIMARY KEY (id);


--
-- Name: ctf_labtechnician_pkey; Type: CONSTRAINT; Schema: public; Owner: postgres; Tablespace: 
--

ALTER TABLE ONLY ctf_labtechnician
    ADD CONSTRAINT ctf_labtechnician_pkey PRIMARY KEY (id);


--
-- Name: ctf_labtechnician_user_id_key; Type: CONSTRAINT; Schema: public; Owner: postgres; Tablespace: 
--

ALTER TABLE ONLY ctf_labtechnician
    ADD CONSTRAINT ctf_labtechnician_user_id_key UNIQUE (user_id);


--
-- Name: ctf_patient_pkey; Type: CONSTRAINT; Schema: public; Owner: postgres; Tablespace: 
--

ALTER TABLE ONLY ctf_patient
    ADD CONSTRAINT ctf_patient_pkey PRIMARY KEY (id);


--
-- Name: ctf_test_pkey; Type: CONSTRAINT; Schema: public; Owner: postgres; Tablespace: 
--

ALTER TABLE ONLY ctf_test
    ADD CONSTRAINT ctf_test_pkey PRIMARY KEY (id);


--
-- Name: ctf_user_email_key; Type: CONSTRAINT; Schema: public; Owner: postgres; Tablespace: 
--

ALTER TABLE ONLY ctf_user
    ADD CONSTRAINT ctf_user_email_key UNIQUE (email);


--
-- Name: ctf_user_groups_pkey; Type: CONSTRAINT; Schema: public; Owner: postgres; Tablespace: 
--

ALTER TABLE ONLY ctf_user_groups
    ADD CONSTRAINT ctf_user_groups_pkey PRIMARY KEY (id);


--
-- Name: ctf_user_groups_user_id_group_id_key; Type: CONSTRAINT; Schema: public; Owner: postgres; Tablespace: 
--

ALTER TABLE ONLY ctf_user_groups
    ADD CONSTRAINT ctf_user_groups_user_id_group_id_key UNIQUE (user_id, group_id);


--
-- Name: ctf_user_pkey; Type: CONSTRAINT; Schema: public; Owner: postgres; Tablespace: 
--

ALTER TABLE ONLY ctf_user
    ADD CONSTRAINT ctf_user_pkey PRIMARY KEY (id);


--
-- Name: ctf_user_user_permissions_pkey; Type: CONSTRAINT; Schema: public; Owner: postgres; Tablespace: 
--

ALTER TABLE ONLY ctf_user_user_permissions
    ADD CONSTRAINT ctf_user_user_permissions_pkey PRIMARY KEY (id);


--
-- Name: ctf_user_user_permissions_user_id_permission_id_key; Type: CONSTRAINT; Schema: public; Owner: postgres; Tablespace: 
--

ALTER TABLE ONLY ctf_user_user_permissions
    ADD CONSTRAINT ctf_user_user_permissions_user_id_permission_id_key UNIQUE (user_id, permission_id);


--
-- Name: ctf_user_username_key; Type: CONSTRAINT; Schema: public; Owner: postgres; Tablespace: 
--

ALTER TABLE ONLY ctf_user
    ADD CONSTRAINT ctf_user_username_key UNIQUE (username);


--
-- Name: django_admin_log_pkey; Type: CONSTRAINT; Schema: public; Owner: postgres; Tablespace: 
--

ALTER TABLE ONLY django_admin_log
    ADD CONSTRAINT django_admin_log_pkey PRIMARY KEY (id);


--
-- Name: django_content_type_app_label_45f3b1d93ec8c61c_uniq; Type: CONSTRAINT; Schema: public; Owner: postgres; Tablespace: 
--

ALTER TABLE ONLY django_content_type
    ADD CONSTRAINT django_content_type_app_label_45f3b1d93ec8c61c_uniq UNIQUE (app_label, model);


--
-- Name: django_content_type_pkey; Type: CONSTRAINT; Schema: public; Owner: postgres; Tablespace: 
--

ALTER TABLE ONLY django_content_type
    ADD CONSTRAINT django_content_type_pkey PRIMARY KEY (id);


--
-- Name: django_migrations_pkey; Type: CONSTRAINT; Schema: public; Owner: postgres; Tablespace: 
--

ALTER TABLE ONLY django_migrations
    ADD CONSTRAINT django_migrations_pkey PRIMARY KEY (id);


--
-- Name: django_session_pkey; Type: CONSTRAINT; Schema: public; Owner: postgres; Tablespace: 
--

ALTER TABLE ONLY django_session
    ADD CONSTRAINT django_session_pkey PRIMARY KEY (session_key);


--
-- Name: django_site_pkey; Type: CONSTRAINT; Schema: public; Owner: postgres; Tablespace: 
--

ALTER TABLE ONLY django_site
    ADD CONSTRAINT django_site_pkey PRIMARY KEY (id);


--
-- Name: tastypie_apiaccess_pkey; Type: CONSTRAINT; Schema: public; Owner: postgres; Tablespace: 
--

ALTER TABLE ONLY tastypie_apiaccess
    ADD CONSTRAINT tastypie_apiaccess_pkey PRIMARY KEY (id);


--
-- Name: tastypie_apikey_pkey; Type: CONSTRAINT; Schema: public; Owner: postgres; Tablespace: 
--

ALTER TABLE ONLY tastypie_apikey
    ADD CONSTRAINT tastypie_apikey_pkey PRIMARY KEY (id);


--
-- Name: tastypie_apikey_user_id_key; Type: CONSTRAINT; Schema: public; Owner: postgres; Tablespace: 
--

ALTER TABLE ONLY tastypie_apikey
    ADD CONSTRAINT tastypie_apikey_user_id_key UNIQUE (user_id);


--
-- Name: auth_group_name_253ae2a6331666e8_like; Type: INDEX; Schema: public; Owner: postgres; Tablespace: 
--

CREATE INDEX auth_group_name_253ae2a6331666e8_like ON auth_group USING btree (name varchar_pattern_ops);


--
-- Name: auth_group_permissions_0e939a4f; Type: INDEX; Schema: public; Owner: postgres; Tablespace: 
--

CREATE INDEX auth_group_permissions_0e939a4f ON auth_group_permissions USING btree (group_id);


--
-- Name: auth_group_permissions_8373b171; Type: INDEX; Schema: public; Owner: postgres; Tablespace: 
--

CREATE INDEX auth_group_permissions_8373b171 ON auth_group_permissions USING btree (permission_id);


--
-- Name: auth_permission_417f1b1c; Type: INDEX; Schema: public; Owner: postgres; Tablespace: 
--

CREATE INDEX auth_permission_417f1b1c ON auth_permission USING btree (content_type_id);


--
-- Name: ctf_appointment_9f065c57; Type: INDEX; Schema: public; Owner: postgres; Tablespace: 
--

CREATE INDEX ctf_appointment_9f065c57 ON ctf_appointment USING btree (patient_id);


--
-- Name: ctf_consultantappointment_d4d6bd50; Type: INDEX; Schema: public; Owner: postgres; Tablespace: 
--

CREATE INDEX ctf_consultantappointment_d4d6bd50 ON ctf_consultantappointment USING btree (doctor_id);


--
-- Name: ctf_healthplan_doctor_c5158e03; Type: INDEX; Schema: public; Owner: postgres; Tablespace: 
--

CREATE INDEX ctf_healthplan_doctor_c5158e03 ON ctf_healthplan_doctor USING btree (healthplan_id);


--
-- Name: ctf_healthplan_doctor_d4d6bd50; Type: INDEX; Schema: public; Owner: postgres; Tablespace: 
--

CREATE INDEX ctf_healthplan_doctor_d4d6bd50 ON ctf_healthplan_doctor USING btree (doctor_id);


--
-- Name: ctf_healthplan_tests_2e06cda4; Type: INDEX; Schema: public; Owner: postgres; Tablespace: 
--

CREATE INDEX ctf_healthplan_tests_2e06cda4 ON ctf_healthplan_tests USING btree (test_id);


--
-- Name: ctf_healthplan_tests_c5158e03; Type: INDEX; Schema: public; Owner: postgres; Tablespace: 
--

CREATE INDEX ctf_healthplan_tests_c5158e03 ON ctf_healthplan_tests USING btree (healthplan_id);


--
-- Name: ctf_healthplanappointment_60fb6a05; Type: INDEX; Schema: public; Owner: postgres; Tablespace: 
--

CREATE INDEX ctf_healthplanappointment_60fb6a05 ON ctf_healthplanappointment USING btree (plan_id);


--
-- Name: ctf_healthrecord_9f065c57; Type: INDEX; Schema: public; Owner: postgres; Tablespace: 
--

CREATE INDEX ctf_healthrecord_9f065c57 ON ctf_healthrecord USING btree (patient_id);


--
-- Name: ctf_healthrecord_fd625c80; Type: INDEX; Schema: public; Owner: postgres; Tablespace: 
--

CREATE INDEX ctf_healthrecord_fd625c80 ON ctf_healthrecord USING btree (staff_id);


--
-- Name: ctf_labtechnician_doctor_d4d6bd50; Type: INDEX; Schema: public; Owner: postgres; Tablespace: 
--

CREATE INDEX ctf_labtechnician_doctor_d4d6bd50 ON ctf_labtechnician_doctor USING btree (doctor_id);


--
-- Name: ctf_labtechnician_doctor_f83bc8ee; Type: INDEX; Schema: public; Owner: postgres; Tablespace: 
--

CREATE INDEX ctf_labtechnician_doctor_f83bc8ee ON ctf_labtechnician_doctor USING btree (labtechnician_id);


--
-- Name: ctf_user_email_17e73aa833ee9c0d_like; Type: INDEX; Schema: public; Owner: postgres; Tablespace: 
--

CREATE INDEX ctf_user_email_17e73aa833ee9c0d_like ON ctf_user USING btree (email varchar_pattern_ops);


--
-- Name: ctf_user_groups_0e939a4f; Type: INDEX; Schema: public; Owner: postgres; Tablespace: 
--

CREATE INDEX ctf_user_groups_0e939a4f ON ctf_user_groups USING btree (group_id);


--
-- Name: ctf_user_groups_e8701ad4; Type: INDEX; Schema: public; Owner: postgres; Tablespace: 
--

CREATE INDEX ctf_user_groups_e8701ad4 ON ctf_user_groups USING btree (user_id);


--
-- Name: ctf_user_user_permissions_8373b171; Type: INDEX; Schema: public; Owner: postgres; Tablespace: 
--

CREATE INDEX ctf_user_user_permissions_8373b171 ON ctf_user_user_permissions USING btree (permission_id);


--
-- Name: ctf_user_user_permissions_e8701ad4; Type: INDEX; Schema: public; Owner: postgres; Tablespace: 
--

CREATE INDEX ctf_user_user_permissions_e8701ad4 ON ctf_user_user_permissions USING btree (user_id);


--
-- Name: ctf_user_username_515c982664e0c86_like; Type: INDEX; Schema: public; Owner: postgres; Tablespace: 
--

CREATE INDEX ctf_user_username_515c982664e0c86_like ON ctf_user USING btree (username varchar_pattern_ops);


--
-- Name: django_admin_log_417f1b1c; Type: INDEX; Schema: public; Owner: postgres; Tablespace: 
--

CREATE INDEX django_admin_log_417f1b1c ON django_admin_log USING btree (content_type_id);


--
-- Name: django_admin_log_e8701ad4; Type: INDEX; Schema: public; Owner: postgres; Tablespace: 
--

CREATE INDEX django_admin_log_e8701ad4 ON django_admin_log USING btree (user_id);


--
-- Name: django_session_de54fa62; Type: INDEX; Schema: public; Owner: postgres; Tablespace: 
--

CREATE INDEX django_session_de54fa62 ON django_session USING btree (expire_date);


--
-- Name: django_session_session_key_461cfeaa630ca218_like; Type: INDEX; Schema: public; Owner: postgres; Tablespace: 
--

CREATE INDEX django_session_session_key_461cfeaa630ca218_like ON django_session USING btree (session_key varchar_pattern_ops);


--
-- Name: tastypie_apikey_3c6e0b8a; Type: INDEX; Schema: public; Owner: postgres; Tablespace: 
--

CREATE INDEX tastypie_apikey_3c6e0b8a ON tastypie_apikey USING btree (key);


--
-- Name: tastypie_apikey_key_b86d63920e5bbcb_like; Type: INDEX; Schema: public; Owner: postgres; Tablespace: 
--

CREATE INDEX tastypie_apikey_key_b86d63920e5bbcb_like ON tastypie_apikey USING btree (key varchar_pattern_ops);


--
-- Name: auth_content_type_id_508cf46651277a81_fk_django_content_type_id; Type: FK CONSTRAINT; Schema: public; Owner: postgres
--

ALTER TABLE ONLY auth_permission
    ADD CONSTRAINT auth_content_type_id_508cf46651277a81_fk_django_content_type_id FOREIGN KEY (content_type_id) REFERENCES django_content_type(id) DEFERRABLE INITIALLY DEFERRED;


--
-- Name: auth_group_permissio_group_id_689710a9a73b7457_fk_auth_group_id; Type: FK CONSTRAINT; Schema: public; Owner: postgres
--

ALTER TABLE ONLY auth_group_permissions
    ADD CONSTRAINT auth_group_permissio_group_id_689710a9a73b7457_fk_auth_group_id FOREIGN KEY (group_id) REFERENCES auth_group(id) DEFERRABLE INITIALLY DEFERRED;


--
-- Name: auth_group_permission_id_1f49ccbbdc69d2fc_fk_auth_permission_id; Type: FK CONSTRAINT; Schema: public; Owner: postgres
--

ALTER TABLE ONLY auth_group_permissions
    ADD CONSTRAINT auth_group_permission_id_1f49ccbbdc69d2fc_fk_auth_permission_id FOREIGN KEY (permission_id) REFERENCES auth_permission(id) DEFERRABLE INITIALLY DEFERRED;


--
-- Name: ctf_appointment_patient_id_620662bf75fc702a_fk_ctf_patient_id; Type: FK CONSTRAINT; Schema: public; Owner: postgres
--

ALTER TABLE ONLY ctf_appointment
    ADD CONSTRAINT ctf_appointment_patient_id_620662bf75fc702a_fk_ctf_patient_id FOREIGN KEY (patient_id) REFERENCES ctf_patient(id) DEFERRABLE INITIALLY DEFERRED;


--
-- Name: ctf_c_appointment_ptr_id_5beab5521b5e1616_fk_ctf_appointment_id; Type: FK CONSTRAINT; Schema: public; Owner: postgres
--

ALTER TABLE ONLY ctf_consultantappointment
    ADD CONSTRAINT ctf_c_appointment_ptr_id_5beab5521b5e1616_fk_ctf_appointment_id FOREIGN KEY (appointment_ptr_id) REFERENCES ctf_appointment(id) DEFERRABLE INITIALLY DEFERRED;


--
-- Name: ctf_consultantappoi_doctor_id_110091cafb68d4da_fk_ctf_doctor_id; Type: FK CONSTRAINT; Schema: public; Owner: postgres
--

ALTER TABLE ONLY ctf_consultantappointment
    ADD CONSTRAINT ctf_consultantappoi_doctor_id_110091cafb68d4da_fk_ctf_doctor_id FOREIGN KEY (doctor_id) REFERENCES ctf_doctor(id) DEFERRABLE INITIALLY DEFERRED;


--
-- Name: ctf_doctor_user_id_4eda2defa3bc7e70_fk_ctf_user_id; Type: FK CONSTRAINT; Schema: public; Owner: postgres
--

ALTER TABLE ONLY ctf_doctor
    ADD CONSTRAINT ctf_doctor_user_id_4eda2defa3bc7e70_fk_ctf_user_id FOREIGN KEY (user_id) REFERENCES ctf_user(id) DEFERRABLE INITIALLY DEFERRED;


--
-- Name: ctf_h_appointment_ptr_id_227a4d94dd989ef6_fk_ctf_appointment_id; Type: FK CONSTRAINT; Schema: public; Owner: postgres
--

ALTER TABLE ONLY ctf_healthplanappointment
    ADD CONSTRAINT ctf_h_appointment_ptr_id_227a4d94dd989ef6_fk_ctf_appointment_id FOREIGN KEY (appointment_ptr_id) REFERENCES ctf_appointment(id) DEFERRABLE INITIALLY DEFERRED;


--
-- Name: ctf_healthp_healthplan_id_2b436900a76ce36e_fk_ctf_healthplan_id; Type: FK CONSTRAINT; Schema: public; Owner: postgres
--

ALTER TABLE ONLY ctf_healthplan_tests
    ADD CONSTRAINT ctf_healthp_healthplan_id_2b436900a76ce36e_fk_ctf_healthplan_id FOREIGN KEY (healthplan_id) REFERENCES ctf_healthplan(id) DEFERRABLE INITIALLY DEFERRED;


--
-- Name: ctf_healthpl_healthplan_id_116f125409d6143_fk_ctf_healthplan_id; Type: FK CONSTRAINT; Schema: public; Owner: postgres
--

ALTER TABLE ONLY ctf_healthplan_doctor
    ADD CONSTRAINT ctf_healthpl_healthplan_id_116f125409d6143_fk_ctf_healthplan_id FOREIGN KEY (healthplan_id) REFERENCES ctf_healthplan(id) DEFERRABLE INITIALLY DEFERRED;


--
-- Name: ctf_healthplan_doct_doctor_id_62eec3424c160ddf_fk_ctf_doctor_id; Type: FK CONSTRAINT; Schema: public; Owner: postgres
--

ALTER TABLE ONLY ctf_healthplan_doctor
    ADD CONSTRAINT ctf_healthplan_doct_doctor_id_62eec3424c160ddf_fk_ctf_doctor_id FOREIGN KEY (doctor_id) REFERENCES ctf_doctor(id) DEFERRABLE INITIALLY DEFERRED;


--
-- Name: ctf_healthplan_tests_test_id_3c755fdf5518f307_fk_ctf_test_id; Type: FK CONSTRAINT; Schema: public; Owner: postgres
--

ALTER TABLE ONLY ctf_healthplan_tests
    ADD CONSTRAINT ctf_healthplan_tests_test_id_3c755fdf5518f307_fk_ctf_test_id FOREIGN KEY (test_id) REFERENCES ctf_test(id) DEFERRABLE INITIALLY DEFERRED;


--
-- Name: ctf_healthplanapp_plan_id_5e0dce0b82f94484_fk_ctf_healthplan_id; Type: FK CONSTRAINT; Schema: public; Owner: postgres
--

ALTER TABLE ONLY ctf_healthplanappointment
    ADD CONSTRAINT ctf_healthplanapp_plan_id_5e0dce0b82f94484_fk_ctf_healthplan_id FOREIGN KEY (plan_id) REFERENCES ctf_healthplan(id) DEFERRABLE INITIALLY DEFERRED;


--
-- Name: ctf_healthrecord_patient_id_60a17834e9397905_fk_ctf_patient_id; Type: FK CONSTRAINT; Schema: public; Owner: postgres
--

ALTER TABLE ONLY ctf_healthrecord
    ADD CONSTRAINT ctf_healthrecord_patient_id_60a17834e9397905_fk_ctf_patient_id FOREIGN KEY (patient_id) REFERENCES ctf_patient(id) DEFERRABLE INITIALLY DEFERRED;


--
-- Name: ctf_healthrecord_staff_id_34b717e6793e1bb4_fk_ctf_user_id; Type: FK CONSTRAINT; Schema: public; Owner: postgres
--

ALTER TABLE ONLY ctf_healthrecord
    ADD CONSTRAINT ctf_healthrecord_staff_id_34b717e6793e1bb4_fk_ctf_user_id FOREIGN KEY (staff_id) REFERENCES ctf_user(id) DEFERRABLE INITIALLY DEFERRED;


--
-- Name: ctf_l_labtechnician_id_6344532cd4aa17bf_fk_ctf_labtechnician_id; Type: FK CONSTRAINT; Schema: public; Owner: postgres
--

ALTER TABLE ONLY ctf_labtechnician_doctor
    ADD CONSTRAINT ctf_l_labtechnician_id_6344532cd4aa17bf_fk_ctf_labtechnician_id FOREIGN KEY (labtechnician_id) REFERENCES ctf_labtechnician(id) DEFERRABLE INITIALLY DEFERRED;


--
-- Name: ctf_labtechnician_d_doctor_id_17e0387b80e62b7e_fk_ctf_doctor_id; Type: FK CONSTRAINT; Schema: public; Owner: postgres
--

ALTER TABLE ONLY ctf_labtechnician_doctor
    ADD CONSTRAINT ctf_labtechnician_d_doctor_id_17e0387b80e62b7e_fk_ctf_doctor_id FOREIGN KEY (doctor_id) REFERENCES ctf_doctor(id) DEFERRABLE INITIALLY DEFERRED;


--
-- Name: ctf_labtechnician_user_id_642da86a8a54a533_fk_ctf_user_id; Type: FK CONSTRAINT; Schema: public; Owner: postgres
--

ALTER TABLE ONLY ctf_labtechnician
    ADD CONSTRAINT ctf_labtechnician_user_id_642da86a8a54a533_fk_ctf_user_id FOREIGN KEY (user_id) REFERENCES ctf_user(id) DEFERRABLE INITIALLY DEFERRED;


--
-- Name: ctf_user_groups_group_id_683421644eda7e97_fk_auth_group_id; Type: FK CONSTRAINT; Schema: public; Owner: postgres
--

ALTER TABLE ONLY ctf_user_groups
    ADD CONSTRAINT ctf_user_groups_group_id_683421644eda7e97_fk_auth_group_id FOREIGN KEY (group_id) REFERENCES auth_group(id) DEFERRABLE INITIALLY DEFERRED;


--
-- Name: ctf_user_groups_user_id_272529a8a4abe530_fk_ctf_user_id; Type: FK CONSTRAINT; Schema: public; Owner: postgres
--

ALTER TABLE ONLY ctf_user_groups
    ADD CONSTRAINT ctf_user_groups_user_id_272529a8a4abe530_fk_ctf_user_id FOREIGN KEY (user_id) REFERENCES ctf_user(id) DEFERRABLE INITIALLY DEFERRED;


--
-- Name: ctf_user_u_permission_id_44ec42846dd9c950_fk_auth_permission_id; Type: FK CONSTRAINT; Schema: public; Owner: postgres
--

ALTER TABLE ONLY ctf_user_user_permissions
    ADD CONSTRAINT ctf_user_u_permission_id_44ec42846dd9c950_fk_auth_permission_id FOREIGN KEY (permission_id) REFERENCES auth_permission(id) DEFERRABLE INITIALLY DEFERRED;


--
-- Name: ctf_user_user_permissio_user_id_64c385368120cbea_fk_ctf_user_id; Type: FK CONSTRAINT; Schema: public; Owner: postgres
--

ALTER TABLE ONLY ctf_user_user_permissions
    ADD CONSTRAINT ctf_user_user_permissio_user_id_64c385368120cbea_fk_ctf_user_id FOREIGN KEY (user_id) REFERENCES ctf_user(id) DEFERRABLE INITIALLY DEFERRED;


--
-- Name: djan_content_type_id_697914295151027a_fk_django_content_type_id; Type: FK CONSTRAINT; Schema: public; Owner: postgres
--

ALTER TABLE ONLY django_admin_log
    ADD CONSTRAINT djan_content_type_id_697914295151027a_fk_django_content_type_id FOREIGN KEY (content_type_id) REFERENCES django_content_type(id) DEFERRABLE INITIALLY DEFERRED;


--
-- Name: django_admin_log_user_id_52fdd58701c5f563_fk_ctf_user_id; Type: FK CONSTRAINT; Schema: public; Owner: postgres
--

ALTER TABLE ONLY django_admin_log
    ADD CONSTRAINT django_admin_log_user_id_52fdd58701c5f563_fk_ctf_user_id FOREIGN KEY (user_id) REFERENCES ctf_user(id) DEFERRABLE INITIALLY DEFERRED;


--
-- Name: tastypie_apikey_user_id_ffeb4840e0b406b_fk_ctf_user_id; Type: FK CONSTRAINT; Schema: public; Owner: postgres
--

ALTER TABLE ONLY tastypie_apikey
    ADD CONSTRAINT tastypie_apikey_user_id_ffeb4840e0b406b_fk_ctf_user_id FOREIGN KEY (user_id) REFERENCES ctf_user(id) DEFERRABLE INITIALLY DEFERRED;


--
-- Name: public; Type: ACL; Schema: -; Owner: postgres
--

REVOKE ALL ON SCHEMA public FROM PUBLIC;
REVOKE ALL ON SCHEMA public FROM postgres;
GRANT ALL ON SCHEMA public TO postgres;
GRANT ALL ON SCHEMA public TO PUBLIC;


--
-- PostgreSQL database dump complete
--

